BotAName,BotBName,StartingBotName,Winner,Turns,ReachedTurnLimit
Hard_Default,bot5,Hard_Default,Hard_Default,48,False
Hard_Default,bot5,bot5,Hard_Default,100,False
Hard_Default,bot5,Hard_Default,Hard_Default,48,False
Hard_Default,bot5,bot5,bot5,69,False
Hard_Default,bot5,Hard_Default,Hard_Default,48,False
Hard_Default,bot5,bot5,Hard_Default,66,False
Hard_Default,bot5,Hard_Default,None,200,True
Hard_Default,bot5,bot5,Hard_Default,100,False
Hard_Default,bot5,Hard_Default,Hard_Default,48,False
Hard_Default,bot5,bot5,bot5,64,False
Hard_Default,bot5,Hard_Default,Hard_Default,88,False
Hard_Default,bot5,bot5,bot5,60,False
Hard_Default,bot5,Hard_Default,Hard_Default,48,False
Hard_Default,bot5,bot5,bot5,68,False
Hard_Default,bot5,Hard_Default,Hard_Default,32,False
Hard_Default,bot5,bot5,Hard_Default,64,False
Hard_Default,bot5,Hard_Default,bot5,27,False
Hard_Default,bot5,bot5,Hard_Default,95,False
Hard_Default,bot5,Hard_Default,Hard_Default,48,False
Hard_Default,bot5,bot5,Hard_Default,115,False
Hard_Default,bot5,Hard_Default,Hard_Default,48,False
Hard_Default,bot5,bot5,Hard_Default,100,False
Hard_Default,bot5,Hard_Default,Hard_Default,48,False
Hard_Default,bot5,bot5,Hard_Default,100,False
Hard_Default,bot5,Hard_Default,None,200,True
Hard_Default,bot5,bot5,Hard_Default,100,False
Hard_Default,bot5,Hard_Default,Hard_Default,48,False
Hard_Default,bot5,bot5,Hard_Default,66,False
Hard_Default,bot5,Hard_Default,Hard_Default,48,False
Hard_Default,bot5,bot5,Hard_Default,100,False
Hard_Default,bot5,Hard_Default,Hard_Default,28,False
Hard_Default,bot5,bot5,bot5,32,False
Hard_Default,bot5,Hard_Default,Hard_Default,48,False
Hard_Default,bot5,bot5,Hard_Default,95,False
Hard_Default,bot5,Hard_Default,Hard_Default,48,False
Hard_Default,bot5,bot5,bot5,32,False
Hard_Default,bot5,Hard_Default,Hard_Default,48,False
Hard_Default,bot5,bot5,bot5,69,False
Hard_Default,bot5,Hard_Default,Hard_Default,44,False
Hard_Default,bot5,bot5,Hard_Default,100,False
Hard_Default,bot5,Hard_Default,Hard_Default,48,False
Hard_Default,bot5,bot5,Hard_Default,90,False
Hard_Default,bot5,Hard_Default,Hard_Default,48,False
Hard_Default,bot5,bot5,bot5,68,False
Hard_Default,bot5,Hard_Default,bot5,27,False
Hard_Default,bot5,bot5,Hard_Default,100,False
Hard_Default,bot5,Hard_Default,Hard_Default,36,False
Hard_Default,bot5,bot5,Hard_Default,95,False
Hard_Default,bot5,Hard_Default,bot5,27,False
Hard_Default,bot5,bot5,Hard_Default,115,False
Hard_Default,bot5,Hard_Default,None,200,True
Hard_Default,bot5,bot5,bot5,32,False
Hard_Default,bot5,Hard_Default,Hard_Default,32,False
Hard_Default,bot5,bot5,bot5,32,False
Hard_Default,bot5,Hard_Default,Hard_Default,48,False
Hard_Default,bot5,bot5,Hard_Default,100,False
Hard_Default,bot5,Hard_Default,Hard_Default,32,False
Hard_Default,bot5,bot5,bot5,69,False
Hard_Default,bot5,Hard_Default,Hard_Default,48,False
Hard_Default,bot5,bot5,bot5,64,False
Hard_Default,bot5,Hard_Default,Hard_Default,48,False
Hard_Default,bot5,bot5,Hard_Default,100,False
Hard_Default,bot5,Hard_Default,Hard_Default,48,False
Hard_Default,bot5,bot5,Hard_Default,100,False
Hard_Default,bot5,Hard_Default,Hard_Default,48,False
Hard_Default,bot5,bot5,Hard_Default,66,False
Hard_Default,bot5,Hard_Default,Hard_Default,48,False
Hard_Default,bot5,bot5,bot5,64,False
Hard_Default,bot5,Hard_Default,Hard_Default,48,False
Hard_Default,bot5,bot5,bot5,69,False
Hard_Default,bot5,Hard_Default,Hard_Default,48,False
Hard_Default,bot5,bot5,Hard_Default,100,False
Hard_Default,bot5,Hard_Default,Hard_Default,48,False
Hard_Default,bot5,bot5,Hard_Default,100,False
Hard_Default,bot5,Hard_Default,Hard_Default,46,False
Hard_Default,bot5,bot5,Hard_Default,100,False
Hard_Default,bot5,Hard_Default,Hard_Default,48,False
Hard_Default,bot5,bot5,Hard_Default,100,False
Hard_Default,bot5,Hard_Default,Hard_Default,28,False
Hard_Default,bot5,bot5,Hard_Default,106,False
Hard_Default,bot5,Hard_Default,Hard_Default,48,False
Hard_Default,bot5,bot5,bot5,32,False
Hard_Default,bot5,Hard_Default,Hard_Default,28,False
Hard_Default,bot5,bot5,Hard_Default,100,False
Hard_Default,bot5,Hard_Default,Hard_Default,48,False
Hard_Default,bot5,bot5,Hard_Default,115,False
Hard_Default,bot5,Hard_Default,Hard_Default,100,False
Hard_Default,bot5,bot5,Hard_Default,90,False
Hard_Default,bot5,Hard_Default,Hard_Default,32,False
Hard_Default,bot5,bot5,Hard_Default,100,False
Hard_Default,bot5,Hard_Default,bot5,91,False
Hard_Default,bot5,bot5,Hard_Default,100,False
Hard_Default,bot5,Hard_Default,Hard_Default,48,False
Hard_Default,bot5,bot5,bot5,68,False
Hard_Default,bot5,Hard_Default,Hard_Default,36,False
Hard_Default,bot5,bot5,Hard_Default,100,False
Hard_Default,bot5,Hard_Default,Hard_Default,46,False
Hard_Default,bot5,bot5,bot5,68,False
Hard_Default,bot5,Hard_Default,Hard_Default,48,False
Hard_Default,bot5,bot5,Hard_Default,100,False
Hard_Default,bot5,Hard_Default,Hard_Default,36,False
Hard_Default,bot5,bot5,Hard_Default,100,False
Hard_Default,bot5,Hard_Default,Hard_Default,32,False
Hard_Default,bot5,bot5,Hard_Default,95,False
Hard_Default,bot5,Hard_Default,Hard_Default,48,False
Hard_Default,bot5,bot5,Hard_Default,100,False
Hard_Default,bot5,Hard_Default,Hard_Default,46,False
Hard_Default,bot5,bot5,bot5,28,False
Hard_Default,bot5,Hard_Default,Hard_Default,48,False
Hard_Default,bot5,bot5,bot5,28,False
Hard_Default,bot5,Hard_Default,Hard_Default,48,False
Hard_Default,bot5,bot5,Hard_Default,90,False
Hard_Default,bot5,Hard_Default,Hard_Default,46,False
Hard_Default,bot5,bot5,Hard_Default,100,False
Hard_Default,bot5,Hard_Default,Hard_Default,44,False
Hard_Default,bot5,bot5,Hard_Default,100,False
Hard_Default,bot5,Hard_Default,Hard_Default,32,False
Hard_Default,bot5,bot5,Hard_Default,66,False
Hard_Default,bot5,Hard_Default,Hard_Default,32,False
Hard_Default,bot5,bot5,bot5,32,False
Hard_Default,bot5,Hard_Default,Hard_Default,48,False
Hard_Default,bot5,bot5,bot5,69,False
Hard_Default,bot5,Hard_Default,Hard_Default,48,False
Hard_Default,bot5,bot5,Hard_Default,100,False
Hard_Default,bot5,Hard_Default,Hard_Default,38,False
Hard_Default,bot5,bot5,bot5,32,False
Hard_Default,bot5,Hard_Default,bot5,46,False
Hard_Default,bot5,bot5,bot5,69,False
Hard_Default,bot5,Hard_Default,Hard_Default,44,False
Hard_Default,bot5,bot5,Hard_Default,90,False
Hard_Default,bot5,Hard_Default,Hard_Default,48,False
Hard_Default,bot5,bot5,bot5,69,False
Hard_Default,bot5,Hard_Default,Hard_Default,48,False
Hard_Default,bot5,bot5,bot5,69,False
Hard_Default,bot5,Hard_Default,Hard_Default,36,False
Hard_Default,bot5,bot5,bot5,64,False
Hard_Default,bot5,Hard_Default,Hard_Default,28,False
Hard_Default,bot5,bot5,Hard_Default,100,False
Hard_Default,bot5,Hard_Default,Hard_Default,64,False
Hard_Default,bot5,bot5,bot5,108,False
Hard_Default,bot5,Hard_Default,Hard_Default,48,False
Hard_Default,bot5,bot5,Hard_Default,100,False
Hard_Default,bot5,Hard_Default,Hard_Default,48,False
Hard_Default,bot5,bot5,Hard_Default,100,False
Hard_Default,bot5,Hard_Default,Hard_Default,48,False
Hard_Default,bot5,bot5,Hard_Default,100,False
Hard_Default,bot5,Hard_Default,Hard_Default,48,False
Hard_Default,bot5,bot5,Hard_Default,115,False
Hard_Default,bot5,Hard_Default,Hard_Default,48,False
Hard_Default,bot5,bot5,Hard_Default,100,False
Hard_Default,bot5,Hard_Default,Hard_Default,48,False
Hard_Default,bot5,bot5,Hard_Default,100,False
Hard_Default,bot5,Hard_Default,Hard_Default,48,False
Hard_Default,bot5,bot5,Hard_Default,100,False
Hard_Default,bot5,Hard_Default,Hard_Default,48,False
Hard_Default,bot5,bot5,Hard_Default,100,False
Hard_Default,bot5,Hard_Default,Hard_Default,48,False
Hard_Default,bot5,bot5,Hard_Default,95,False
Hard_Default,bot5,Hard_Default,Hard_Default,48,False
Hard_Default,bot5,bot5,Hard_Default,100,False
Hard_Default,bot5,Hard_Default,Hard_Default,44,False
Hard_Default,bot5,bot5,bot5,69,False
Hard_Default,bot5,Hard_Default,Hard_Default,48,False
Hard_Default,bot5,bot5,bot5,28,False
Hard_Default,bot5,Hard_Default,Hard_Default,28,False
Hard_Default,bot5,bot5,Hard_Default,100,False
Hard_Default,bot5,Hard_Default,Hard_Default,48,False
Hard_Default,bot5,bot5,bot5,32,False
Hard_Default,bot5,Hard_Default,Hard_Default,44,False
Hard_Default,bot5,bot5,Hard_Default,100,False
Hard_Default,bot5,Hard_Default,Hard_Default,48,False
Hard_Default,bot5,bot5,Hard_Default,100,False
Hard_Default,bot5,Hard_Default,Hard_Default,48,False
Hard_Default,bot5,bot5,Hard_Default,90,False
Hard_Default,bot5,Hard_Default,Hard_Default,48,False
Hard_Default,bot5,bot5,Hard_Default,100,False
Hard_Default,bot5,Hard_Default,Hard_Default,48,False
Hard_Default,bot5,bot5,Hard_Default,66,False
Hard_Default,bot5,Hard_Default,Hard_Default,44,False
Hard_Default,bot5,bot5,bot5,64,False
Hard_Default,bot5,Hard_Default,Hard_Default,44,False
Hard_Default,bot5,bot5,Hard_Default,100,False
Hard_Default,bot5,Hard_Default,Hard_Default,48,False
Hard_Default,bot5,bot5,bot5,32,False
Hard_Default,bot5,Hard_Default,Hard_Default,36,False
Hard_Default,bot5,bot5,Hard_Default,100,False
Hard_Default,bot5,Hard_Default,Hard_Default,48,False
Hard_Default,bot5,bot5,bot5,68,False
Hard_Default,bot5,Hard_Default,Hard_Default,28,False
Hard_Default,bot5,bot5,Hard_Default,90,False
Hard_Default,bot5,Hard_Default,Hard_Default,32,False
Hard_Default,bot5,bot5,bot5,32,False
Hard_Default,bot5,Hard_Default,Hard_Default,48,False
Hard_Default,bot5,bot5,Hard_Default,106,False
Hard_Default,bot5,Hard_Default,Hard_Default,32,False
Hard_Default,bot5,bot5,bot5,68,False
Hard_Default,bot5,Hard_Default,Hard_Default,48,False
Hard_Default,bot5,bot5,Hard_Default,100,False
Hard_Default,bot5,Hard_Default,Hard_Default,28,False
Hard_Default,bot5,bot5,Hard_Default,100,False
Hard_Default,bot5,Hard_Default,Hard_Default,48,False
Hard_Default,bot5,bot5,Hard_Default,66,False
Hard_Default,bot5,Hard_Default,Hard_Default,66,False
Hard_Default,bot5,bot5,bot5,32,False
Hard_Default,bot5,Hard_Default,Hard_Default,48,False
Hard_Default,bot5,bot5,Hard_Default,100,False
Hard_Default,bot5,Hard_Default,Hard_Default,84,False
Hard_Default,bot5,bot5,Hard_Default,100,False
Hard_Default,bot5,Hard_Default,bot5,27,False
Hard_Default,bot5,bot5,Hard_Default,100,False
Hard_Default,bot5,Hard_Default,Hard_Default,48,False
Hard_Default,bot5,bot5,Hard_Default,100,False
Hard_Default,bot5,Hard_Default,Hard_Default,48,False
Hard_Default,bot5,bot5,Hard_Default,100,False
Hard_Default,bot5,Hard_Default,bot5,27,False
Hard_Default,bot5,bot5,bot5,32,False
Hard_Default,bot5,Hard_Default,Hard_Default,48,False
Hard_Default,bot5,bot5,bot5,32,False
Hard_Default,bot5,Hard_Default,Hard_Default,48,False
Hard_Default,bot5,bot5,Hard_Default,95,False
Hard_Default,bot5,Hard_Default,Hard_Default,100,False
Hard_Default,bot5,bot5,Hard_Default,100,False
Hard_Default,bot5,Hard_Default,Hard_Default,48,False
Hard_Default,bot5,bot5,Hard_Default,100,False
Hard_Default,bot5,Hard_Default,Hard_Default,48,False
Hard_Default,bot5,bot5,Hard_Default,100,False
Hard_Default,bot5,Hard_Default,Hard_Default,48,False
Hard_Default,bot5,bot5,Hard_Default,100,False
Hard_Default,bot5,Hard_Default,Hard_Default,48,False
Hard_Default,bot5,bot5,Hard_Default,100,False
Hard_Default,bot5,Hard_Default,Hard_Default,48,False
Hard_Default,bot5,bot5,Hard_Default,100,False
Hard_Default,bot5,Hard_Default,Hard_Default,44,False
Hard_Default,bot5,bot5,Hard_Default,100,False
Hard_Default,bot5,Hard_Default,Hard_Default,36,False
Hard_Default,bot5,bot5,Hard_Default,100,False
Hard_Default,bot5,Hard_Default,Hard_Default,28,False
Hard_Default,bot5,bot5,bot5,65,False
Hard_Default,bot5,Hard_Default,Hard_Default,48,False
Hard_Default,bot5,bot5,Hard_Default,106,False
Hard_Default,bot5,Hard_Default,Hard_Default,48,False
Hard_Default,bot5,bot5,Hard_Default,100,False
Hard_Default,bot5,Hard_Default,Hard_Default,48,False
Hard_Default,bot5,bot5,bot5,64,False
Hard_Default,bot5,Hard_Default,Hard_Default,44,False
Hard_Default,bot5,bot5,Hard_Default,66,False
Hard_Default,bot5,Hard_Default,Hard_Default,48,False
Hard_Default,bot5,bot5,Hard_Default,100,False
Hard_Default,bot5,Hard_Default,Hard_Default,48,False
Hard_Default,bot5,bot5,Hard_Default,100,False
Hard_Default,bot5,Hard_Default,Hard_Default,48,False
Hard_Default,bot5,bot5,bot5,108,False
Hard_Default,bot5,Hard_Default,Hard_Default,48,False
Hard_Default,bot5,bot5,bot5,68,False
Hard_Default,bot5,Hard_Default,Hard_Default,48,False
Hard_Default,bot5,bot5,bot5,64,False
Hard_Default,bot5,Hard_Default,Hard_Default,48,False
Hard_Default,bot5,bot5,Hard_Default,100,False
Hard_Default,bot5,Hard_Default,Hard_Default,48,False
Hard_Default,bot5,bot5,Hard_Default,100,False
Hard_Default,bot5,Hard_Default,Hard_Default,48,False
Hard_Default,bot5,bot5,bot5,68,False
Hard_Default,bot5,Hard_Default,Hard_Default,48,False
Hard_Default,bot5,bot5,Hard_Default,100,False
Hard_Default,bot5,Hard_Default,Hard_Default,48,False
Hard_Default,bot5,bot5,Hard_Default,100,False
Hard_Default,bot5,Hard_Default,Hard_Default,48,False
Hard_Default,bot5,bot5,Hard_Default,72,False
Hard_Default,bot5,Hard_Default,Hard_Default,48,False
Hard_Default,bot5,bot5,Hard_Default,100,False
Hard_Default,bot5,Hard_Default,Hard_Default,28,False
Hard_Default,bot5,bot5,Hard_Default,100,False
Hard_Default,bot5,Hard_Default,Hard_Default,48,False
Hard_Default,bot5,bot5,Hard_Default,100,False
Hard_Default,bot5,Hard_Default,Hard_Default,32,False
Hard_Default,bot5,bot5,Hard_Default,100,False
Hard_Default,bot5,Hard_Default,Hard_Default,48,False
Hard_Default,bot5,bot5,Hard_Default,100,False
Hard_Default,bot5,Hard_Default,Hard_Default,44,False
Hard_Default,bot5,bot5,Hard_Default,100,False
Hard_Default,bot5,Hard_Default,Hard_Default,48,False
Hard_Default,bot5,bot5,bot5,64,False
Hard_Default,bot5,Hard_Default,Hard_Default,48,False
Hard_Default,bot5,bot5,Hard_Default,100,False
Hard_Default,bot5,Hard_Default,Hard_Default,48,False
Hard_Default,bot5,bot5,bot5,64,False
Hard_Default,bot5,Hard_Default,Hard_Default,48,False
Hard_Default,bot5,bot5,bot5,28,False
Hard_Default,bot5,Hard_Default,Hard_Default,36,False
Hard_Default,bot5,bot5,bot5,69,False
Hard_Default,bot5,Hard_Default,Hard_Default,48,False
Hard_Default,bot5,bot5,Hard_Default,95,False
Hard_Default,bot5,Hard_Default,Hard_Default,48,False
Hard_Default,bot5,bot5,bot5,32,False
Hard_Default,bot5,Hard_Default,Hard_Default,48,False
Hard_Default,bot5,bot5,Hard_Default,100,False
Hard_Default,bot5,Hard_Default,Hard_Default,44,False
Hard_Default,bot5,bot5,Hard_Default,100,False
Hard_Default,bot5,Hard_Default,Hard_Default,48,False
Hard_Default,bot5,bot5,bot5,64,False
Hard_Default,bot6,Hard_Default,Hard_Default,44,False
Hard_Default,bot6,bot6,Hard_Default,42,False
Hard_Default,bot6,Hard_Default,Hard_Default,68,False
Hard_Default,bot6,bot6,Hard_Default,42,False
Hard_Default,bot6,Hard_Default,Hard_Default,44,False
Hard_Default,bot6,bot6,Hard_Default,42,False
Hard_Default,bot6,Hard_Default,Hard_Default,44,False
Hard_Default,bot6,bot6,Hard_Default,42,False
Hard_Default,bot6,Hard_Default,Hard_Default,44,False
Hard_Default,bot6,bot6,Hard_Default,42,False
Hard_Default,bot6,Hard_Default,None,200,True
Hard_Default,bot6,bot6,bot6,136,False
Hard_Default,bot6,Hard_Default,Hard_Default,44,False
Hard_Default,bot6,bot6,bot6,32,False
Hard_Default,bot6,Hard_Default,bot6,27,False
Hard_Default,bot6,bot6,Hard_Default,42,False
Hard_Default,bot6,Hard_Default,Hard_Default,40,False
Hard_Default,bot6,bot6,Hard_Default,54,False
Hard_Default,bot6,Hard_Default,Hard_Default,44,False
Hard_Default,bot6,bot6,Hard_Default,42,False
Hard_Default,bot6,Hard_Default,Hard_Default,44,False
Hard_Default,bot6,bot6,Hard_Default,42,False
Hard_Default,bot6,Hard_Default,Hard_Default,28,False
Hard_Default,bot6,bot6,Hard_Default,42,False
Hard_Default,bot6,Hard_Default,Hard_Default,44,False
Hard_Default,bot6,bot6,Hard_Default,42,False
Hard_Default,bot6,Hard_Default,Hard_Default,44,False
Hard_Default,bot6,bot6,Hard_Default,42,False
Hard_Default,bot6,Hard_Default,Hard_Default,24,False
Hard_Default,bot6,bot6,Hard_Default,42,False
Hard_Default,bot6,Hard_Default,Hard_Default,44,False
Hard_Default,bot6,bot6,Hard_Default,42,False
Hard_Default,bot6,Hard_Default,Hard_Default,44,False
Hard_Default,bot6,bot6,Hard_Default,42,False
Hard_Default,bot6,Hard_Default,Hard_Default,40,False
Hard_Default,bot6,bot6,Hard_Default,42,False
Hard_Default,bot6,Hard_Default,Hard_Default,48,False
Hard_Default,bot6,bot6,bot6,32,False
Hard_Default,bot6,Hard_Default,Hard_Default,44,False
Hard_Default,bot6,bot6,Hard_Default,42,False
Hard_Default,bot6,Hard_Default,Hard_Default,44,False
Hard_Default,bot6,bot6,Hard_Default,42,False
Hard_Default,bot6,Hard_Default,Hard_Default,32,False
Hard_Default,bot6,bot6,Hard_Default,42,False
Hard_Default,bot6,Hard_Default,Hard_Default,44,False
Hard_Default,bot6,bot6,Hard_Default,42,False
Hard_Default,bot6,Hard_Default,Hard_Default,44,False
Hard_Default,bot6,bot6,bot6,32,False
Hard_Default,bot6,Hard_Default,Hard_Default,28,False
Hard_Default,bot6,bot6,Hard_Default,42,False
Hard_Default,bot6,Hard_Default,Hard_Default,44,False
Hard_Default,bot6,bot6,bot6,64,False
Hard_Default,bot6,Hard_Default,Hard_Default,44,False
Hard_Default,bot6,bot6,bot6,64,False
Hard_Default,bot6,Hard_Default,Hard_Default,44,False
Hard_Default,bot6,bot6,bot6,32,False
Hard_Default,bot6,Hard_Default,Hard_Default,44,False
Hard_Default,bot6,bot6,bot6,60,False
Hard_Default,bot6,Hard_Default,Hard_Default,44,False
Hard_Default,bot6,bot6,Hard_Default,42,False
Hard_Default,bot6,Hard_Default,Hard_Default,44,False
Hard_Default,bot6,bot6,Hard_Default,42,False
Hard_Default,bot6,Hard_Default,Hard_Default,32,False
Hard_Default,bot6,bot6,Hard_Default,42,False
Hard_Default,bot6,Hard_Default,Hard_Default,44,False
Hard_Default,bot6,bot6,Hard_Default,42,False
Hard_Default,bot6,Hard_Default,Hard_Default,44,False
Hard_Default,bot6,bot6,Hard_Default,42,False
Hard_Default,bot6,Hard_Default,Hard_Default,44,False
Hard_Default,bot6,bot6,Hard_Default,42,False
Hard_Default,bot6,Hard_Default,None,200,True
Hard_Default,bot6,bot6,Hard_Default,42,False
Hard_Default,bot6,Hard_Default,Hard_Default,24,False
Hard_Default,bot6,bot6,Hard_Default,42,False
Hard_Default,bot6,Hard_Default,bot6,27,False
Hard_Default,bot6,bot6,None,200,True
Hard_Default,bot6,Hard_Default,Hard_Default,44,False
Hard_Default,bot6,bot6,Hard_Default,42,False
Hard_Default,bot6,Hard_Default,Hard_Default,44,False
Hard_Default,bot6,bot6,Hard_Default,55,False
Hard_Default,bot6,Hard_Default,Hard_Default,36,False
Hard_Default,bot6,bot6,bot6,32,False
Hard_Default,bot6,Hard_Default,Hard_Default,44,False
Hard_Default,bot6,bot6,Hard_Default,42,False
Hard_Default,bot6,Hard_Default,Hard_Default,44,False
Hard_Default,bot6,bot6,Hard_Default,42,False
Hard_Default,bot6,Hard_Default,Hard_Default,44,False
Hard_Default,bot6,bot6,Hard_Default,42,False
Hard_Default,bot6,Hard_Default,Hard_Default,44,False
Hard_Default,bot6,bot6,Hard_Default,42,False
Hard_Default,bot6,Hard_Default,Hard_Default,44,False
Hard_Default,bot6,bot6,Hard_Default,42,False
Hard_Default,bot6,Hard_Default,Hard_Default,40,False
Hard_Default,bot6,bot6,bot6,32,False
Hard_Default,bot6,Hard_Default,Hard_Default,44,False
Hard_Default,bot6,bot6,bot6,64,False
Hard_Default,bot6,Hard_Default,Hard_Default,44,False
Hard_Default,bot6,bot6,Hard_Default,42,False
Hard_Default,bot6,Hard_Default,Hard_Default,68,False
Hard_Default,bot6,bot6,None,200,True
Hard_Default,bot6,Hard_Default,Hard_Default,44,False
Hard_Default,bot6,bot6,Hard_Default,42,False
Hard_Default,bot6,Hard_Default,Hard_Default,44,False
Hard_Default,bot6,bot6,Hard_Default,42,False
Hard_Default,bot6,Hard_Default,Hard_Default,44,False
Hard_Default,bot6,bot6,Hard_Default,42,False
Hard_Default,bot6,Hard_Default,Hard_Default,44,False
Hard_Default,bot6,bot6,Hard_Default,42,False
Hard_Default,bot6,Hard_Default,Hard_Default,44,False
Hard_Default,bot6,bot6,Hard_Default,42,False
Hard_Default,bot6,Hard_Default,Hard_Default,44,False
Hard_Default,bot6,bot6,Hard_Default,42,False
Hard_Default,bot6,Hard_Default,Hard_Default,44,False
Hard_Default,bot6,bot6,Hard_Default,42,False
Hard_Default,bot6,Hard_Default,Hard_Default,32,False
Hard_Default,bot6,bot6,Hard_Default,42,False
Hard_Default,bot6,Hard_Default,Hard_Default,68,False
Hard_Default,bot6,bot6,bot6,32,False
Hard_Default,bot6,Hard_Default,Hard_Default,44,False
Hard_Default,bot6,bot6,Hard_Default,42,False
Hard_Default,bot6,Hard_Default,Hard_Default,44,False
Hard_Default,bot6,bot6,Hard_Default,62,False
Hard_Default,bot6,Hard_Default,Hard_Default,44,False
Hard_Default,bot6,bot6,Hard_Default,42,False
Hard_Default,bot6,Hard_Default,Hard_Default,24,False
Hard_Default,bot6,bot6,Hard_Default,42,False
Hard_Default,bot6,Hard_Default,bot6,27,False
Hard_Default,bot6,bot6,Hard_Default,42,False
Hard_Default,bot6,Hard_Default,Hard_Default,44,False
Hard_Default,bot6,bot6,Hard_Default,42,False
Hard_Default,bot6,Hard_Default,Hard_Default,44,False
Hard_Default,bot6,bot6,Hard_Default,42,False
Hard_Default,bot6,Hard_Default,Hard_Default,44,False
Hard_Default,bot6,bot6,Hard_Default,42,False
Hard_Default,bot6,Hard_Default,Hard_Default,44,False
Hard_Default,bot6,bot6,Hard_Default,42,False
Hard_Default,bot6,Hard_Default,Hard_Default,48,False
Hard_Default,bot6,bot6,Hard_Default,42,False
Hard_Default,bot6,Hard_Default,Hard_Default,32,False
Hard_Default,bot6,bot6,bot6,64,False
Hard_Default,bot6,Hard_Default,Hard_Default,44,False
Hard_Default,bot6,bot6,bot6,32,False
Hard_Default,bot6,Hard_Default,Hard_Default,44,False
Hard_Default,bot6,bot6,Hard_Default,42,False
Hard_Default,bot6,Hard_Default,Hard_Default,44,False
Hard_Default,bot6,bot6,Hard_Default,42,False
Hard_Default,bot6,Hard_Default,Hard_Default,36,False
Hard_Default,bot6,bot6,Hard_Default,42,False
Hard_Default,bot6,Hard_Default,Hard_Default,44,False
Hard_Default,bot6,bot6,Hard_Default,42,False
Hard_Default,bot6,Hard_Default,Hard_Default,44,False
Hard_Default,bot6,bot6,bot6,32,False
Hard_Default,bot6,Hard_Default,Hard_Default,44,False
Hard_Default,bot6,bot6,Hard_Default,42,False
Hard_Default,bot6,Hard_Default,Hard_Default,32,False
Hard_Default,bot6,bot6,Hard_Default,42,False
Hard_Default,bot6,Hard_Default,Hard_Default,40,False
Hard_Default,bot6,bot6,Hard_Default,42,False
Hard_Default,bot6,Hard_Default,Hard_Default,44,False
Hard_Default,bot6,bot6,Hard_Default,42,False
Hard_Default,bot6,Hard_Default,Hard_Default,44,False
Hard_Default,bot6,bot6,bot6,32,False
Hard_Default,bot6,Hard_Default,bot6,27,False
Hard_Default,bot6,bot6,Hard_Default,42,False
Hard_Default,bot6,Hard_Default,Hard_Default,44,False
Hard_Default,bot6,bot6,Hard_Default,42,False
Hard_Default,bot6,Hard_Default,Hard_Default,44,False
Hard_Default,bot6,bot6,Hard_Default,42,False
Hard_Default,bot6,Hard_Default,Hard_Default,44,False
Hard_Default,bot6,bot6,Hard_Default,42,False
Hard_Default,bot6,Hard_Default,Hard_Default,44,False
Hard_Default,bot6,bot6,Hard_Default,42,False
Hard_Default,bot6,Hard_Default,Hard_Default,44,False
Hard_Default,bot6,bot6,bot6,32,False
Hard_Default,bot6,Hard_Default,Hard_Default,44,False
Hard_Default,bot6,bot6,Hard_Default,42,False
Hard_Default,bot6,Hard_Default,Hard_Default,44,False
Hard_Default,bot6,bot6,Hard_Default,42,False
Hard_Default,bot6,Hard_Default,Hard_Default,68,False
Hard_Default,bot6,bot6,bot6,32,False
Hard_Default,bot6,Hard_Default,Hard_Default,44,False
Hard_Default,bot6,bot6,Hard_Default,42,False
Hard_Default,bot6,Hard_Default,Hard_Default,48,False
Hard_Default,bot6,bot6,Hard_Default,42,False
Hard_Default,bot6,Hard_Default,Hard_Default,44,False
Hard_Default,bot6,bot6,Hard_Default,42,False
Hard_Default,bot6,Hard_Default,Hard_Default,44,False
Hard_Default,bot6,bot6,bot6,28,False
Hard_Default,bot6,Hard_Default,Hard_Default,28,False
Hard_Default,bot6,bot6,Hard_Default,42,False
Hard_Default,bot6,Hard_Default,Hard_Default,44,False
Hard_Default,bot6,bot6,Hard_Default,42,False
Hard_Default,bot6,Hard_Default,Hard_Default,44,False
Hard_Default,bot6,bot6,Hard_Default,42,False
Hard_Default,bot6,Hard_Default,Hard_Default,44,False
Hard_Default,bot6,bot6,Hard_Default,42,False
Hard_Default,bot6,Hard_Default,Hard_Default,48,False
Hard_Default,bot6,bot6,Hard_Default,139,False
Hard_Default,bot6,Hard_Default,Hard_Default,44,False
Hard_Default,bot6,bot6,Hard_Default,42,False
Hard_Default,bot6,Hard_Default,Hard_Default,44,False
Hard_Default,bot6,bot6,bot6,32,False
Hard_Default,bot6,Hard_Default,Hard_Default,44,False
Hard_Default,bot6,bot6,Hard_Default,187,False
Hard_Default,bot6,Hard_Default,Hard_Default,44,False
Hard_Default,bot6,bot6,Hard_Default,42,False
Hard_Default,bot6,Hard_Default,Hard_Default,44,False
Hard_Default,bot6,bot6,Hard_Default,46,False
Hard_Default,bot6,Hard_Default,Hard_Default,44,False
Hard_Default,bot6,bot6,Hard_Default,42,False
Hard_Default,bot6,Hard_Default,Hard_Default,48,False
Hard_Default,bot6,bot6,bot6,64,False
Hard_Default,bot6,Hard_Default,Hard_Default,24,False
Hard_Default,bot6,bot6,Hard_Default,42,False
Hard_Default,bot6,Hard_Default,Hard_Default,44,False
Hard_Default,bot6,bot6,Hard_Default,42,False
Hard_Default,bot6,Hard_Default,Hard_Default,44,False
Hard_Default,bot6,bot6,Hard_Default,42,False
Hard_Default,bot6,Hard_Default,Hard_Default,44,False
Hard_Default,bot6,bot6,Hard_Default,42,False
Hard_Default,bot6,Hard_Default,Hard_Default,44,False
Hard_Default,bot6,bot6,Hard_Default,42,False
Hard_Default,bot6,Hard_Default,Hard_Default,44,False
Hard_Default,bot6,bot6,Hard_Default,42,False
Hard_Default,bot6,Hard_Default,Hard_Default,44,False
Hard_Default,bot6,bot6,Hard_Default,42,False
Hard_Default,bot6,Hard_Default,Hard_Default,44,False
Hard_Default,bot6,bot6,Hard_Default,42,False
Hard_Default,bot6,Hard_Default,Hard_Default,44,False
Hard_Default,bot6,bot6,Hard_Default,42,False
Hard_Default,bot6,Hard_Default,Hard_Default,32,False
Hard_Default,bot6,bot6,Hard_Default,42,False
Hard_Default,bot6,Hard_Default,Hard_Default,44,False
Hard_Default,bot6,bot6,bot6,32,False
Hard_Default,bot6,Hard_Default,bot6,27,False
Hard_Default,bot6,bot6,Hard_Default,42,False
Hard_Default,bot6,Hard_Default,Hard_Default,44,False
Hard_Default,bot6,bot6,Hard_Default,42,False
Hard_Default,bot6,Hard_Default,Hard_Default,44,False
Hard_Default,bot6,bot6,Hard_Default,42,False
Hard_Default,bot6,Hard_Default,Hard_Default,44,False
Hard_Default,bot6,bot6,Hard_Default,42,False
Hard_Default,bot6,Hard_Default,Hard_Default,44,False
Hard_Default,bot6,bot6,Hard_Default,42,False
Hard_Default,bot6,Hard_Default,Hard_Default,44,False
Hard_Default,bot6,bot6,bot6,60,False
Hard_Default,bot6,Hard_Default,Hard_Default,44,False
Hard_Default,bot6,bot6,Hard_Default,42,False
Hard_Default,bot6,Hard_Default,Hard_Default,44,False
Hard_Default,bot6,bot6,Hard_Default,42,False
Hard_Default,bot6,Hard_Default,Hard_Default,44,False
Hard_Default,bot6,bot6,bot6,64,False
Hard_Default,bot6,Hard_Default,Hard_Default,44,False
Hard_Default,bot6,bot6,Hard_Default,42,False
Hard_Default,bot6,Hard_Default,Hard_Default,44,False
Hard_Default,bot6,bot6,bot6,32,False
Hard_Default,bot6,Hard_Default,Hard_Default,44,False
Hard_Default,bot6,bot6,Hard_Default,42,False
Hard_Default,bot6,Hard_Default,Hard_Default,44,False
Hard_Default,bot6,bot6,Hard_Default,58,False
Hard_Default,bot6,Hard_Default,Hard_Default,44,False
Hard_Default,bot6,bot6,Hard_Default,42,False
Hard_Default,bot6,Hard_Default,Hard_Default,44,False
Hard_Default,bot6,bot6,Hard_Default,42,False
Hard_Default,bot6,Hard_Default,Hard_Default,44,False
Hard_Default,bot6,bot6,Hard_Default,64,False
Hard_Default,bot6,Hard_Default,Hard_Default,40,False
Hard_Default,bot6,bot6,bot6,32,False
Hard_Default,bot6,Hard_Default,Hard_Default,44,False
Hard_Default,bot6,bot6,Hard_Default,42,False
Hard_Default,bot6,Hard_Default,Hard_Default,44,False
Hard_Default,bot6,bot6,Hard_Default,36,False
Hard_Default,bot6,Hard_Default,Hard_Default,44,False
Hard_Default,bot6,bot6,Hard_Default,42,False
Hard_Default,bot6,Hard_Default,Hard_Default,44,False
Hard_Default,bot6,bot6,bot6,32,False
Hard_Default,bot6,Hard_Default,Hard_Default,44,False
Hard_Default,bot6,bot6,Hard_Default,42,False
Hard_Default,bot6,Hard_Default,Hard_Default,44,False
Hard_Default,bot6,bot6,Hard_Default,63,False
Hard_Default,bot6,Hard_Default,Hard_Default,44,False
Hard_Default,bot6,bot6,Hard_Default,74,False
Hard_Default,bot6,Hard_Default,Hard_Default,44,False
Hard_Default,bot6,bot6,Hard_Default,42,False
Hard_Default,bot6,Hard_Default,Hard_Default,44,False
Hard_Default,bot6,bot6,Hard_Default,42,False
Hard_Default,bot6,Hard_Default,Hard_Default,44,False
Hard_Default,bot6,bot6,Hard_Default,195,False
Hard_Default,bot6,Hard_Default,Hard_Default,44,False
Hard_Default,bot6,bot6,Hard_Default,42,False
Hard_Default,bot6,Hard_Default,Hard_Default,40,False
Hard_Default,bot6,bot6,bot6,32,False
Hard_Default,bot6,Hard_Default,Hard_Default,44,False
Hard_Default,bot6,bot6,Hard_Default,42,False
Hard_Default,bot6,Hard_Default,Hard_Default,44,False
Hard_Default,bot6,bot6,Hard_Default,42,False
Hard_Default,bot6,Hard_Default,Hard_Default,44,False
Hard_Default,bot6,bot6,Hard_Default,42,False
Hard_Default,bot6,Hard_Default,bot6,27,False
Hard_Default,bot6,bot6,Hard_Default,176,False
Hard_Default,bot7,Hard_Default,Hard_Default,32,False
Hard_Default,bot7,bot7,None,200,True
Hard_Default,bot7,Hard_Default,bot7,27,False
Hard_Default,bot7,bot7,None,200,True
Hard_Default,bot7,Hard_Default,Hard_Default,32,False
Hard_Default,bot7,bot7,Hard_Default,122,False
Hard_Default,bot7,Hard_Default,Hard_Default,32,False
Hard_Default,bot7,bot7,bot7,32,False
Hard_Default,bot7,Hard_Default,Hard_Default,32,False
Hard_Default,bot7,bot7,None,200,True
Hard_Default,bot7,Hard_Default,Hard_Default,32,False
Hard_Default,bot7,bot7,None,200,True
Hard_Default,bot7,Hard_Default,Hard_Default,32,False
Hard_Default,bot7,bot7,bot7,157,False
Hard_Default,bot7,Hard_Default,Hard_Default,24,False
Hard_Default,bot7,bot7,None,200,True
Hard_Default,bot7,Hard_Default,Hard_Default,32,False
Hard_Default,bot7,bot7,Hard_Default,114,False
Hard_Default,bot7,Hard_Default,Hard_Default,36,False
Hard_Default,bot7,bot7,bot7,28,False
Hard_Default,bot7,Hard_Default,Hard_Default,44,False
Hard_Default,bot7,bot7,None,200,True
Hard_Default,bot7,Hard_Default,Hard_Default,44,False
Hard_Default,bot7,bot7,bot7,28,False
Hard_Default,bot7,Hard_Default,Hard_Default,32,False
Hard_Default,bot7,bot7,None,200,True
Hard_Default,bot7,Hard_Default,Hard_Default,32,False
Hard_Default,bot7,bot7,None,200,True
Hard_Default,bot7,Hard_Default,Hard_Default,32,False
Hard_Default,bot7,bot7,None,200,True
Hard_Default,bot7,Hard_Default,Hard_Default,32,False
Hard_Default,bot7,bot7,None,200,True
Hard_Default,bot7,Hard_Default,Hard_Default,32,False
Hard_Default,bot7,bot7,Hard_Default,83,False
Hard_Default,bot7,Hard_Default,Hard_Default,32,False
Hard_Default,bot7,bot7,bot7,28,False
Hard_Default,bot7,Hard_Default,Hard_Default,32,False
Hard_Default,bot7,bot7,bot7,32,False
Hard_Default,bot7,Hard_Default,Hard_Default,32,False
Hard_Default,bot7,bot7,None,200,True
Hard_Default,bot7,Hard_Default,Hard_Default,32,False
Hard_Default,bot7,bot7,None,200,True
Hard_Default,bot7,Hard_Default,Hard_Default,48,False
Hard_Default,bot7,bot7,bot7,32,False
Hard_Default,bot7,Hard_Default,Hard_Default,28,False
Hard_Default,bot7,bot7,bot7,28,False
Hard_Default,bot7,Hard_Default,Hard_Default,32,False
Hard_Default,bot7,bot7,bot7,28,False
Hard_Default,bot7,Hard_Default,Hard_Default,48,False
Hard_Default,bot7,bot7,None,200,True
Hard_Default,bot7,Hard_Default,Hard_Default,32,False
Hard_Default,bot7,bot7,None,200,True
Hard_Default,bot7,Hard_Default,Hard_Default,56,False
Hard_Default,bot7,bot7,bot7,64,False
Hard_Default,bot7,Hard_Default,Hard_Default,32,False
Hard_Default,bot7,bot7,bot7,64,False
Hard_Default,bot7,Hard_Default,Hard_Default,32,False
Hard_Default,bot7,bot7,None,200,True
Hard_Default,bot7,Hard_Default,Hard_Default,24,False
Hard_Default,bot7,bot7,None,200,True
Hard_Default,bot7,Hard_Default,Hard_Default,48,False
Hard_Default,bot7,bot7,None,200,True
Hard_Default,bot7,Hard_Default,Hard_Default,32,False
Hard_Default,bot7,bot7,None,200,True
Hard_Default,bot7,Hard_Default,Hard_Default,32,False
Hard_Default,bot7,bot7,None,200,True
Hard_Default,bot7,Hard_Default,Hard_Default,24,False
Hard_Default,bot7,bot7,None,200,True
Hard_Default,bot7,Hard_Default,Hard_Default,32,False
Hard_Default,bot7,bot7,bot7,102,False
Hard_Default,bot7,Hard_Default,Hard_Default,28,False
Hard_Default,bot7,bot7,None,200,True
Hard_Default,bot7,Hard_Default,Hard_Default,32,False
Hard_Default,bot7,bot7,None,200,True
Hard_Default,bot7,Hard_Default,Hard_Default,32,False
Hard_Default,bot7,bot7,None,200,True
Hard_Default,bot7,Hard_Default,Hard_Default,36,False
Hard_Default,bot7,bot7,bot7,96,False
Hard_Default,bot7,Hard_Default,Hard_Default,32,False
Hard_Default,bot7,bot7,Hard_Default,46,False
Hard_Default,bot7,Hard_Default,Hard_Default,32,False
Hard_Default,bot7,bot7,None,200,True
Hard_Default,bot7,Hard_Default,Hard_Default,32,False
Hard_Default,bot7,bot7,Hard_Default,114,False
Hard_Default,bot7,Hard_Default,Hard_Default,32,False
Hard_Default,bot7,bot7,None,200,True
Hard_Default,bot7,Hard_Default,Hard_Default,32,False
Hard_Default,bot7,bot7,bot7,126,False
Hard_Default,bot7,Hard_Default,Hard_Default,36,False
Hard_Default,bot7,bot7,bot7,28,False
Hard_Default,bot7,Hard_Default,Hard_Default,28,False
Hard_Default,bot7,bot7,None,200,True
Hard_Default,bot7,Hard_Default,Hard_Default,32,False
Hard_Default,bot7,bot7,Hard_Default,143,False
Hard_Default,bot7,Hard_Default,Hard_Default,32,False
Hard_Default,bot7,bot7,None,200,True
Hard_Default,bot7,Hard_Default,Hard_Default,32,False
Hard_Default,bot7,bot7,None,200,True
Hard_Default,bot7,Hard_Default,Hard_Default,44,False
Hard_Default,bot7,bot7,bot7,64,False
Hard_Default,bot7,Hard_Default,Hard_Default,32,False
Hard_Default,bot7,bot7,None,200,True
Hard_Default,bot7,Hard_Default,Hard_Default,32,False
Hard_Default,bot7,bot7,bot7,32,False
Hard_Default,bot7,Hard_Default,Hard_Default,32,False
Hard_Default,bot7,bot7,Hard_Default,83,False
Hard_Default,bot7,Hard_Default,Hard_Default,32,False
Hard_Default,bot7,bot7,None,200,True
Hard_Default,bot7,Hard_Default,Hard_Default,32,False
Hard_Default,bot7,bot7,bot7,28,False
Hard_Default,bot7,Hard_Default,Hard_Default,32,False
Hard_Default,bot7,bot7,None,200,True
Hard_Default,bot7,Hard_Default,Hard_Default,32,False
Hard_Default,bot7,bot7,None,200,True
Hard_Default,bot7,Hard_Default,Hard_Default,48,False
Hard_Default,bot7,bot7,None,200,True
Hard_Default,bot7,Hard_Default,Hard_Default,32,False
Hard_Default,bot7,bot7,None,200,True
Hard_Default,bot7,Hard_Default,Hard_Default,44,False
Hard_Default,bot7,bot7,None,200,True
Hard_Default,bot7,Hard_Default,Hard_Default,32,False
Hard_Default,bot7,bot7,None,200,True
Hard_Default,bot7,Hard_Default,Hard_Default,32,False
Hard_Default,bot7,bot7,None,200,True
Hard_Default,bot7,Hard_Default,Hard_Default,32,False
Hard_Default,bot7,bot7,None,200,True
Hard_Default,bot7,Hard_Default,Hard_Default,32,False
Hard_Default,bot7,bot7,None,200,True
Hard_Default,bot7,Hard_Default,Hard_Default,36,False
Hard_Default,bot7,bot7,bot7,32,False
Hard_Default,bot7,Hard_Default,Hard_Default,32,False
Hard_Default,bot7,bot7,None,200,True
Hard_Default,bot7,Hard_Default,Hard_Default,32,False
Hard_Default,bot7,bot7,bot7,64,False
Hard_Default,bot7,Hard_Default,bot7,27,False
Hard_Default,bot7,bot7,bot7,32,False
Hard_Default,bot7,Hard_Default,Hard_Default,32,False
Hard_Default,bot7,bot7,bot7,28,False
Hard_Default,bot7,Hard_Default,Hard_Default,28,False
Hard_Default,bot7,bot7,None,200,True
Hard_Default,bot7,Hard_Default,Hard_Default,28,False
Hard_Default,bot7,bot7,None,200,True
Hard_Default,bot7,Hard_Default,Hard_Default,24,False
Hard_Default,bot7,bot7,None,200,True
Hard_Default,bot7,Hard_Default,Hard_Default,32,False
Hard_Default,bot7,bot7,None,200,True
Hard_Default,bot7,Hard_Default,Hard_Default,28,False
Hard_Default,bot7,bot7,Hard_Default,40,False
Hard_Default,bot7,Hard_Default,Hard_Default,32,False
Hard_Default,bot7,bot7,None,200,True
Hard_Default,bot7,Hard_Default,Hard_Default,48,False
Hard_Default,bot7,bot7,None,200,True
Hard_Default,bot7,Hard_Default,Hard_Default,32,False
Hard_Default,bot7,bot7,None,200,True
Hard_Default,bot7,Hard_Default,Hard_Default,32,False
Hard_Default,bot7,bot7,None,200,True
Hard_Default,bot7,Hard_Default,Hard_Default,48,False
Hard_Default,bot7,bot7,None,200,True
Hard_Default,bot7,Hard_Default,Hard_Default,32,False
Hard_Default,bot7,bot7,None,200,True
Hard_Default,bot7,Hard_Default,Hard_Default,32,False
Hard_Default,bot7,bot7,None,200,True
Hard_Default,bot7,Hard_Default,Hard_Default,32,False
Hard_Default,bot7,bot7,bot7,32,False
Hard_Default,bot7,Hard_Default,Hard_Default,32,False
Hard_Default,bot7,bot7,None,200,True
Hard_Default,bot7,Hard_Default,Hard_Default,44,False
Hard_Default,bot7,bot7,None,200,True
Hard_Default,bot7,Hard_Default,Hard_Default,32,False
Hard_Default,bot7,bot7,bot7,32,False
Hard_Default,bot7,Hard_Default,Hard_Default,32,False
Hard_Default,bot7,bot7,Hard_Default,114,False
Hard_Default,bot7,Hard_Default,Hard_Default,32,False
Hard_Default,bot7,bot7,bot7,124,False
Hard_Default,bot7,Hard_Default,Hard_Default,32,False
Hard_Default,bot7,bot7,None,200,True
Hard_Default,bot7,Hard_Default,Hard_Default,32,False
Hard_Default,bot7,bot7,None,200,True
Hard_Default,bot7,Hard_Default,Hard_Default,32,False
Hard_Default,bot7,bot7,bot7,32,False
Hard_Default,bot7,Hard_Default,Hard_Default,44,False
Hard_Default,bot7,bot7,None,200,True
Hard_Default,bot7,Hard_Default,Hard_Default,32,False
Hard_Default,bot7,bot7,None,200,True
Hard_Default,bot7,Hard_Default,Hard_Default,32,False
Hard_Default,bot7,bot7,None,200,True
Hard_Default,bot7,Hard_Default,Hard_Default,32,False
Hard_Default,bot7,bot7,bot7,64,False
Hard_Default,bot7,Hard_Default,Hard_Default,32,False
Hard_Default,bot7,bot7,bot7,32,False
Hard_Default,bot7,Hard_Default,Hard_Default,32,False
Hard_Default,bot7,bot7,bot7,32,False
Hard_Default,bot7,Hard_Default,Hard_Default,32,False
Hard_Default,bot7,bot7,None,200,True
Hard_Default,bot7,Hard_Default,Hard_Default,32,False
Hard_Default,bot7,bot7,bot7,181,False
Hard_Default,bot7,Hard_Default,Hard_Default,32,False
Hard_Default,bot7,bot7,None,200,True
Hard_Default,bot7,Hard_Default,Hard_Default,32,False
Hard_Default,bot7,bot7,None,200,True
Hard_Default,bot7,Hard_Default,Hard_Default,32,False
Hard_Default,bot7,bot7,bot7,28,False
Hard_Default,bot7,Hard_Default,Hard_Default,32,False
Hard_Default,bot7,bot7,bot7,28,False
Hard_Default,bot7,Hard_Default,Hard_Default,32,False
Hard_Default,bot7,bot7,None,200,True
Hard_Default,bot7,Hard_Default,Hard_Default,32,False
Hard_Default,bot7,bot7,None,200,True
Hard_Default,bot7,Hard_Default,Hard_Default,28,False
Hard_Default,bot7,bot7,None,200,True
Hard_Default,bot7,Hard_Default,Hard_Default,44,False
Hard_Default,bot7,bot7,bot7,114,False
Hard_Default,bot7,Hard_Default,Hard_Default,32,False
Hard_Default,bot7,bot7,None,200,True
Hard_Default,bot7,Hard_Default,Hard_Default,32,False
Hard_Default,bot7,bot7,None,200,True
Hard_Default,bot7,Hard_Default,Hard_Default,32,False
Hard_Default,bot7,bot7,None,200,True
Hard_Default,bot7,Hard_Default,Hard_Default,32,False
Hard_Default,bot7,bot7,bot7,32,False
Hard_Default,bot7,Hard_Default,Hard_Default,32,False
Hard_Default,bot7,bot7,None,200,True
Hard_Default,bot7,Hard_Default,Hard_Default,32,False
Hard_Default,bot7,bot7,bot7,32,False
Hard_Default,bot7,Hard_Default,Hard_Default,32,False
Hard_Default,bot7,bot7,None,200,True
Hard_Default,bot7,Hard_Default,Hard_Default,32,False
Hard_Default,bot7,bot7,bot7,114,False
Hard_Default,bot7,Hard_Default,Hard_Default,48,False
Hard_Default,bot7,bot7,bot7,32,False
Hard_Default,bot7,Hard_Default,Hard_Default,32,False
Hard_Default,bot7,bot7,None,200,True
Hard_Default,bot7,Hard_Default,Hard_Default,24,False
Hard_Default,bot7,bot7,None,200,True
Hard_Default,bot7,Hard_Default,Hard_Default,32,False
Hard_Default,bot7,bot7,None,200,True
Hard_Default,bot7,Hard_Default,Hard_Default,32,False
Hard_Default,bot7,bot7,None,200,True
Hard_Default,bot7,Hard_Default,Hard_Default,28,False
Hard_Default,bot7,bot7,bot7,124,False
Hard_Default,bot7,Hard_Default,Hard_Default,32,False
Hard_Default,bot7,bot7,None,200,True
Hard_Default,bot7,Hard_Default,Hard_Default,32,False
Hard_Default,bot7,bot7,bot7,32,False
Hard_Default,bot7,Hard_Default,Hard_Default,32,False
Hard_Default,bot7,bot7,None,200,True
Hard_Default,bot7,Hard_Default,Hard_Default,32,False
Hard_Default,bot7,bot7,Hard_Default,40,False
Hard_Default,bot7,Hard_Default,Hard_Default,32,False
Hard_Default,bot7,bot7,bot7,32,False
Hard_Default,bot7,Hard_Default,Hard_Default,32,False
Hard_Default,bot7,bot7,None,200,True
Hard_Default,bot7,Hard_Default,Hard_Default,32,False
Hard_Default,bot7,bot7,None,200,True
Hard_Default,bot7,Hard_Default,Hard_Default,32,False
Hard_Default,bot7,bot7,bot7,69,False
Hard_Default,bot7,Hard_Default,Hard_Default,48,False
Hard_Default,bot7,bot7,None,200,True
Hard_Default,bot7,Hard_Default,Hard_Default,36,False
Hard_Default,bot7,bot7,None,200,True
Hard_Default,bot7,Hard_Default,Hard_Default,32,False
Hard_Default,bot7,bot7,bot7,32,False
Hard_Default,bot7,Hard_Default,Hard_Default,32,False
Hard_Default,bot7,bot7,None,200,True
Hard_Default,bot7,Hard_Default,Hard_Default,32,False
Hard_Default,bot7,bot7,None,200,True
Hard_Default,bot7,Hard_Default,Hard_Default,32,False
Hard_Default,bot7,bot7,bot7,96,False
Hard_Default,bot7,Hard_Default,Hard_Default,32,False
Hard_Default,bot7,bot7,None,200,True
Hard_Default,bot7,Hard_Default,Hard_Default,32,False
Hard_Default,bot7,bot7,None,200,True
Hard_Default,bot7,Hard_Default,Hard_Default,32,False
Hard_Default,bot7,bot7,Hard_Default,114,False
Hard_Default,bot7,Hard_Default,Hard_Default,32,False
Hard_Default,bot7,bot7,None,200,True
Hard_Default,bot7,Hard_Default,Hard_Default,32,False
Hard_Default,bot7,bot7,None,200,True
Hard_Default,bot7,Hard_Default,Hard_Default,32,False
Hard_Default,bot7,bot7,None,200,True
Hard_Default,bot7,Hard_Default,Hard_Default,32,False
Hard_Default,bot7,bot7,None,200,True
Hard_Default,bot7,Hard_Default,Hard_Default,36,False
Hard_Default,bot7,bot7,None,200,True
Hard_Default,bot7,Hard_Default,Hard_Default,32,False
Hard_Default,bot7,bot7,bot7,64,False
Hard_Default,bot7,Hard_Default,Hard_Default,32,False
Hard_Default,bot7,bot7,Hard_Default,83,False
Hard_Default,bot7,Hard_Default,Hard_Default,32,False
Hard_Default,bot7,bot7,Hard_Default,64,False
Hard_Default,bot7,Hard_Default,Hard_Default,32,False
Hard_Default,bot7,bot7,None,200,True
Hard_Default,bot7,Hard_Default,Hard_Default,32,False
Hard_Default,bot7,bot7,None,200,True
Hard_Default,bot7,Hard_Default,Hard_Default,48,False
Hard_Default,bot7,bot7,bot7,173,False
Hard_Default,bot7,Hard_Default,Hard_Default,32,False
Hard_Default,bot7,bot7,None,200,True
Hard_Default,bot7,Hard_Default,Hard_Default,32,False
Hard_Default,bot7,bot7,None,200,True
Hard_Default,bot8,Hard_Default,Hard_Default,69,False
Hard_Default,bot8,bot8,bot8,69,False
Hard_Default,bot8,Hard_Default,Hard_Default,69,False
Hard_Default,bot8,bot8,bot8,69,False
Hard_Default,bot8,Hard_Default,Hard_Default,69,False
Hard_Default,bot8,bot8,bot8,69,False
Hard_Default,bot8,Hard_Default,Hard_Default,137,False
Hard_Default,bot8,bot8,bot8,69,False
Hard_Default,bot8,Hard_Default,Hard_Default,32,False
Hard_Default,bot8,bot8,bot8,69,False
Hard_Default,bot8,Hard_Default,Hard_Default,69,False
Hard_Default,bot8,bot8,bot8,69,False
Hard_Default,bot8,Hard_Default,None,200,True
Hard_Default,bot8,bot8,bot8,69,False
Hard_Default,bot8,Hard_Default,Hard_Default,69,False
Hard_Default,bot8,bot8,bot8,69,False
Hard_Default,bot8,Hard_Default,Hard_Default,69,False
Hard_Default,bot8,bot8,bot8,69,False
Hard_Default,bot8,Hard_Default,Hard_Default,69,False
Hard_Default,bot8,bot8,bot8,69,False
Hard_Default,bot8,Hard_Default,Hard_Default,69,False
Hard_Default,bot8,bot8,bot8,69,False
Hard_Default,bot8,Hard_Default,Hard_Default,69,False
Hard_Default,bot8,bot8,bot8,69,False
Hard_Default,bot8,Hard_Default,Hard_Default,69,False
Hard_Default,bot8,bot8,bot8,69,False
Hard_Default,bot8,Hard_Default,bot8,106,False
Hard_Default,bot8,bot8,bot8,69,False
Hard_Default,bot8,Hard_Default,Hard_Default,69,False
Hard_Default,bot8,bot8,bot8,69,False
Hard_Default,bot8,Hard_Default,Hard_Default,69,False
Hard_Default,bot8,bot8,bot8,69,False
Hard_Default,bot8,Hard_Default,Hard_Default,69,False
Hard_Default,bot8,bot8,bot8,69,False
Hard_Default,bot8,Hard_Default,Hard_Default,69,False
Hard_Default,bot8,bot8,bot8,69,False
Hard_Default,bot8,Hard_Default,Hard_Default,69,False
Hard_Default,bot8,bot8,bot8,32,False
Hard_Default,bot8,Hard_Default,Hard_Default,69,False
Hard_Default,bot8,bot8,Hard_Default,114,False
Hard_Default,bot8,Hard_Default,Hard_Default,69,False
Hard_Default,bot8,bot8,bot8,69,False
Hard_Default,bot8,Hard_Default,Hard_Default,69,False
Hard_Default,bot8,bot8,bot8,64,False
Hard_Default,bot8,Hard_Default,Hard_Default,69,False
Hard_Default,bot8,bot8,bot8,69,False
Hard_Default,bot8,Hard_Default,Hard_Default,69,False
Hard_Default,bot8,bot8,bot8,69,False
Hard_Default,bot8,Hard_Default,Hard_Default,69,False
Hard_Default,bot8,bot8,bot8,69,False
Hard_Default,bot8,Hard_Default,Hard_Default,64,False
Hard_Default,bot8,bot8,bot8,69,False
Hard_Default,bot8,Hard_Default,Hard_Default,69,False
Hard_Default,bot8,bot8,bot8,65,False
Hard_Default,bot8,Hard_Default,Hard_Default,69,False
Hard_Default,bot8,bot8,bot8,69,False
Hard_Default,bot8,Hard_Default,Hard_Default,69,False
Hard_Default,bot8,bot8,bot8,69,False
Hard_Default,bot8,Hard_Default,None,200,True
Hard_Default,bot8,bot8,None,200,True
Hard_Default,bot8,Hard_Default,Hard_Default,32,False
Hard_Default,bot8,bot8,bot8,69,False
Hard_Default,bot8,Hard_Default,Hard_Default,32,False
Hard_Default,bot8,bot8,bot8,32,False
Hard_Default,bot8,Hard_Default,Hard_Default,32,False
Hard_Default,bot8,bot8,bot8,32,False
Hard_Default,bot8,Hard_Default,Hard_Default,69,False
Hard_Default,bot8,bot8,bot8,69,False
Hard_Default,bot8,Hard_Default,Hard_Default,64,False
Hard_Default,bot8,bot8,bot8,69,False
Hard_Default,bot8,Hard_Default,Hard_Default,32,False
Hard_Default,bot8,bot8,bot8,153,False
Hard_Default,bot8,Hard_Default,Hard_Default,69,False
Hard_Default,bot8,bot8,bot8,69,False
Hard_Default,bot8,Hard_Default,Hard_Default,65,False
Hard_Default,bot8,bot8,bot8,69,False
Hard_Default,bot8,Hard_Default,Hard_Default,69,False
Hard_Default,bot8,bot8,bot8,64,False
Hard_Default,bot8,Hard_Default,Hard_Default,69,False
Hard_Default,bot8,bot8,bot8,69,False
Hard_Default,bot8,Hard_Default,Hard_Default,69,False
Hard_Default,bot8,bot8,bot8,69,False
Hard_Default,bot8,Hard_Default,Hard_Default,69,False
Hard_Default,bot8,bot8,bot8,69,False
Hard_Default,bot8,Hard_Default,Hard_Default,69,False
Hard_Default,bot8,bot8,bot8,69,False
Hard_Default,bot8,Hard_Default,Hard_Default,69,False
Hard_Default,bot8,bot8,bot8,32,False
Hard_Default,bot8,Hard_Default,Hard_Default,69,False
Hard_Default,bot8,bot8,bot8,69,False
Hard_Default,bot8,Hard_Default,Hard_Default,69,False
Hard_Default,bot8,bot8,bot8,69,False
Hard_Default,bot8,Hard_Default,Hard_Default,69,False
Hard_Default,bot8,bot8,bot8,69,False
Hard_Default,bot8,Hard_Default,Hard_Default,64,False
Hard_Default,bot8,bot8,bot8,69,False
Hard_Default,bot8,Hard_Default,Hard_Default,69,False
Hard_Default,bot8,bot8,bot8,69,False
Hard_Default,bot8,Hard_Default,Hard_Default,69,False
Hard_Default,bot8,bot8,bot8,32,False
Hard_Default,bot8,Hard_Default,Hard_Default,69,False
Hard_Default,bot8,bot8,bot8,69,False
Hard_Default,bot8,Hard_Default,Hard_Default,69,False
Hard_Default,bot8,bot8,bot8,69,False
Hard_Default,bot8,Hard_Default,Hard_Default,28,False
Hard_Default,bot8,bot8,bot8,69,False
Hard_Default,bot8,Hard_Default,Hard_Default,69,False
Hard_Default,bot8,bot8,bot8,69,False
Hard_Default,bot8,Hard_Default,Hard_Default,69,False
Hard_Default,bot8,bot8,None,200,True
Hard_Default,bot8,Hard_Default,Hard_Default,69,False
Hard_Default,bot8,bot8,bot8,69,False
Hard_Default,bot8,Hard_Default,Hard_Default,69,False
Hard_Default,bot8,bot8,None,200,True
Hard_Default,bot8,Hard_Default,Hard_Default,69,False
Hard_Default,bot8,bot8,bot8,69,False
Hard_Default,bot8,Hard_Default,Hard_Default,145,False
Hard_Default,bot8,bot8,bot8,69,False
Hard_Default,bot8,Hard_Default,Hard_Default,69,False
Hard_Default,bot8,bot8,bot8,69,False
Hard_Default,bot8,Hard_Default,Hard_Default,64,False
Hard_Default,bot8,bot8,bot8,32,False
Hard_Default,bot8,Hard_Default,Hard_Default,69,False
Hard_Default,bot8,bot8,bot8,64,False
Hard_Default,bot8,Hard_Default,Hard_Default,69,False
Hard_Default,bot8,bot8,Hard_Default,106,False
Hard_Default,bot8,Hard_Default,Hard_Default,69,False
Hard_Default,bot8,bot8,None,200,True
Hard_Default,bot8,Hard_Default,Hard_Default,69,False
Hard_Default,bot8,bot8,bot8,69,False
Hard_Default,bot8,Hard_Default,Hard_Default,69,False
Hard_Default,bot8,bot8,bot8,69,False
Hard_Default,bot8,Hard_Default,Hard_Default,64,False
Hard_Default,bot8,bot8,bot8,69,False
Hard_Default,bot8,Hard_Default,Hard_Default,69,False
Hard_Default,bot8,bot8,bot8,69,False
Hard_Default,bot8,Hard_Default,Hard_Default,32,False
Hard_Default,bot8,bot8,bot8,69,False
Hard_Default,bot8,Hard_Default,bot8,106,False
Hard_Default,bot8,bot8,bot8,69,False
Hard_Default,bot8,Hard_Default,Hard_Default,69,False
Hard_Default,bot8,bot8,bot8,69,False
Hard_Default,bot8,Hard_Default,Hard_Default,121,False
Hard_Default,bot8,bot8,bot8,69,False
Hard_Default,bot8,Hard_Default,Hard_Default,69,False
Hard_Default,bot8,bot8,None,200,True
Hard_Default,bot8,Hard_Default,Hard_Default,69,False
Hard_Default,bot8,bot8,bot8,69,False
Hard_Default,bot8,Hard_Default,Hard_Default,69,False
Hard_Default,bot8,bot8,bot8,69,False
Hard_Default,bot8,Hard_Default,Hard_Default,69,False
Hard_Default,bot8,bot8,bot8,69,False
Hard_Default,bot8,Hard_Default,Hard_Default,32,False
Hard_Default,bot8,bot8,bot8,69,False
Hard_Default,bot8,Hard_Default,Hard_Default,32,False
Hard_Default,bot8,bot8,bot8,69,False
Hard_Default,bot8,Hard_Default,Hard_Default,32,False
Hard_Default,bot8,bot8,bot8,69,False
Hard_Default,bot8,Hard_Default,Hard_Default,69,False
Hard_Default,bot8,bot8,bot8,69,False
Hard_Default,bot8,Hard_Default,Hard_Default,32,False
Hard_Default,bot8,bot8,bot8,69,False
Hard_Default,bot8,Hard_Default,Hard_Default,69,False
Hard_Default,bot8,bot8,bot8,69,False
Hard_Default,bot8,Hard_Default,Hard_Default,69,False
Hard_Default,bot8,bot8,bot8,129,False
Hard_Default,bot8,Hard_Default,Hard_Default,69,False
Hard_Default,bot8,bot8,bot8,69,False
Hard_Default,bot8,Hard_Default,Hard_Default,65,False
Hard_Default,bot8,bot8,bot8,69,False
Hard_Default,bot8,Hard_Default,Hard_Default,69,False
Hard_Default,bot8,bot8,bot8,69,False
Hard_Default,bot8,Hard_Default,Hard_Default,69,False
Hard_Default,bot8,bot8,bot8,69,False
Hard_Default,bot8,Hard_Default,Hard_Default,65,False
Hard_Default,bot8,bot8,bot8,69,False
Hard_Default,bot8,Hard_Default,None,200,True
Hard_Default,bot8,bot8,bot8,69,False
Hard_Default,bot8,Hard_Default,Hard_Default,69,False
Hard_Default,bot8,bot8,bot8,69,False
Hard_Default,bot8,Hard_Default,Hard_Default,69,False
Hard_Default,bot8,bot8,bot8,69,False
Hard_Default,bot8,Hard_Default,Hard_Default,69,False
Hard_Default,bot8,bot8,bot8,69,False
Hard_Default,bot8,Hard_Default,Hard_Default,65,False
Hard_Default,bot8,bot8,bot8,69,False
Hard_Default,bot8,Hard_Default,Hard_Default,69,False
Hard_Default,bot8,bot8,None,200,True
Hard_Default,bot8,Hard_Default,Hard_Default,69,False
Hard_Default,bot8,bot8,None,200,True
Hard_Default,bot8,Hard_Default,bot8,118,False
Hard_Default,bot8,bot8,bot8,65,False
Hard_Default,bot8,Hard_Default,Hard_Default,69,False
Hard_Default,bot8,bot8,bot8,69,False
Hard_Default,bot8,Hard_Default,Hard_Default,69,False
Hard_Default,bot8,bot8,bot8,69,False
Hard_Default,bot8,Hard_Default,Hard_Default,69,False
Hard_Default,bot8,bot8,bot8,193,False
Hard_Default,bot8,Hard_Default,Hard_Default,69,False
Hard_Default,bot8,bot8,bot8,69,False
Hard_Default,bot8,Hard_Default,Hard_Default,69,False
Hard_Default,bot8,bot8,bot8,69,False
Hard_Default,bot8,Hard_Default,Hard_Default,69,False
Hard_Default,bot8,bot8,bot8,64,False
Hard_Default,bot8,Hard_Default,Hard_Default,69,False
Hard_Default,bot8,bot8,bot8,65,False
Hard_Default,bot8,Hard_Default,Hard_Default,69,False
Hard_Default,bot8,bot8,bot8,193,False
Hard_Default,bot8,Hard_Default,Hard_Default,69,False
Hard_Default,bot8,bot8,bot8,69,False
Hard_Default,bot8,Hard_Default,Hard_Default,69,False
Hard_Default,bot8,bot8,bot8,69,False
Hard_Default,bot8,Hard_Default,Hard_Default,69,False
Hard_Default,bot8,bot8,Hard_Default,66,False
Hard_Default,bot8,Hard_Default,Hard_Default,69,False
Hard_Default,bot8,bot8,bot8,69,False
Hard_Default,bot8,Hard_Default,Hard_Default,69,False
Hard_Default,bot8,bot8,bot8,69,False
Hard_Default,bot8,Hard_Default,Hard_Default,32,False
Hard_Default,bot8,bot8,bot8,69,False
Hard_Default,bot8,Hard_Default,Hard_Default,69,False
Hard_Default,bot8,bot8,bot8,69,False
Hard_Default,bot8,Hard_Default,Hard_Default,69,False
Hard_Default,bot8,bot8,bot8,69,False
Hard_Default,bot8,Hard_Default,Hard_Default,69,False
Hard_Default,bot8,bot8,bot8,69,False
Hard_Default,bot8,Hard_Default,Hard_Default,69,False
Hard_Default,bot8,bot8,bot8,64,False
Hard_Default,bot8,Hard_Default,Hard_Default,69,False
Hard_Default,bot8,bot8,Hard_Default,114,False
Hard_Default,bot8,Hard_Default,Hard_Default,69,False
Hard_Default,bot8,bot8,bot8,69,False
Hard_Default,bot8,Hard_Default,Hard_Default,69,False
Hard_Default,bot8,bot8,bot8,69,False
Hard_Default,bot8,Hard_Default,Hard_Default,69,False
Hard_Default,bot8,bot8,bot8,69,False
Hard_Default,bot8,Hard_Default,Hard_Default,32,False
Hard_Default,bot8,bot8,bot8,69,False
Hard_Default,bot8,Hard_Default,Hard_Default,69,False
Hard_Default,bot8,bot8,bot8,69,False
Hard_Default,bot8,Hard_Default,bot8,114,False
Hard_Default,bot8,bot8,bot8,69,False
Hard_Default,bot8,Hard_Default,Hard_Default,32,False
Hard_Default,bot8,bot8,bot8,69,False
Hard_Default,bot8,Hard_Default,Hard_Default,69,False
Hard_Default,bot8,bot8,bot8,69,False
Hard_Default,bot8,Hard_Default,Hard_Default,69,False
Hard_Default,bot8,bot8,bot8,69,False
Hard_Default,bot8,Hard_Default,Hard_Default,69,False
Hard_Default,bot8,bot8,bot8,113,False
Hard_Default,bot8,Hard_Default,Hard_Default,69,False
Hard_Default,bot8,bot8,Hard_Default,110,False
Hard_Default,bot8,Hard_Default,Hard_Default,69,False
Hard_Default,bot8,bot8,bot8,69,False
Hard_Default,bot8,Hard_Default,Hard_Default,69,False
Hard_Default,bot8,bot8,bot8,69,False
Hard_Default,bot8,Hard_Default,Hard_Default,69,False
Hard_Default,bot8,bot8,bot8,69,False
Hard_Default,bot8,Hard_Default,Hard_Default,69,False
Hard_Default,bot8,bot8,bot8,32,False
Hard_Default,bot8,Hard_Default,Hard_Default,69,False
Hard_Default,bot8,bot8,bot8,69,False
Hard_Default,bot8,Hard_Default,Hard_Default,69,False
Hard_Default,bot8,bot8,bot8,65,False
Hard_Default,bot8,Hard_Default,Hard_Default,69,False
Hard_Default,bot8,bot8,bot8,32,False
Hard_Default,bot8,Hard_Default,Hard_Default,65,False
Hard_Default,bot8,bot8,None,200,True
Hard_Default,bot8,Hard_Default,Hard_Default,69,False
Hard_Default,bot8,bot8,bot8,69,False
Hard_Default,bot8,Hard_Default,Hard_Default,32,False
Hard_Default,bot8,bot8,bot8,69,False
Hard_Default,bot8,Hard_Default,Hard_Default,69,False
Hard_Default,bot8,bot8,bot8,32,False
Hard_Default,bot8,Hard_Default,Hard_Default,69,False
Hard_Default,bot8,bot8,Hard_Default,51,False
Hard_Default,bot8,Hard_Default,Hard_Default,69,False
Hard_Default,bot8,bot8,bot8,69,False
Hard_Default,bot8,Hard_Default,Hard_Default,69,False
Hard_Default,bot8,bot8,bot8,69,False
Hard_Default,bot8,Hard_Default,bot8,106,False
Hard_Default,bot8,bot8,bot8,69,False
Hard_Default,bot8,Hard_Default,Hard_Default,69,False
Hard_Default,bot8,bot8,bot8,69,False
Hard_Default,bot8,Hard_Default,Hard_Default,69,False
Hard_Default,bot8,bot8,bot8,69,False
Hard_Default,bot8,Hard_Default,Hard_Default,69,False
Hard_Default,bot8,bot8,bot8,69,False
Hard_Default,bot8,Hard_Default,Hard_Default,69,False
Hard_Default,bot8,bot8,bot8,69,False
Hard_Default,bot8,Hard_Default,Hard_Default,69,False
Hard_Default,bot8,bot8,None,200,True
Hard_Default,bot8,Hard_Default,Hard_Default,69,False
Hard_Default,bot8,bot8,bot8,69,False
Hard_Default,bot8,Hard_Default,Hard_Default,69,False
Hard_Default,bot8,bot8,bot8,69,False
Hard_Default,bot8,Hard_Default,Hard_Default,69,False
Hard_Default,bot8,bot8,bot8,69,False
Hard_Default,bot8,Hard_Default,Hard_Default,69,False
Hard_Default,bot8,bot8,bot8,69,False
bot5,bot6,bot5,bot6,27,False
bot5,bot6,bot6,bot6,36,False
bot5,bot6,bot5,bot6,27,False
bot5,bot6,bot6,bot6,28,False
bot5,bot6,bot5,bot6,27,False
bot5,bot6,bot6,bot6,36,False
bot5,bot6,bot5,bot6,27,False
bot5,bot6,bot6,bot6,36,False
bot5,bot6,bot5,bot6,27,False
bot5,bot6,bot6,bot6,36,False
bot5,bot6,bot5,bot5,40,False
bot5,bot6,bot6,bot6,36,False
bot5,bot6,bot5,bot6,27,False
bot5,bot6,bot6,bot6,32,False
bot5,bot6,bot5,bot6,27,False
bot5,bot6,bot6,bot6,36,False
bot5,bot6,bot5,None,200,True
bot5,bot6,bot6,bot6,28,False
bot5,bot6,bot5,bot6,27,False
bot5,bot6,bot6,bot5,36,False
bot5,bot6,bot5,bot5,24,False
bot5,bot6,bot6,bot6,28,False
bot5,bot6,bot5,bot6,27,False
bot5,bot6,bot6,bot6,45,False
bot5,bot6,bot5,bot6,27,False
bot5,bot6,bot6,bot6,36,False
bot5,bot6,bot5,bot6,27,False
bot5,bot6,bot6,bot6,36,False
bot5,bot6,bot5,bot6,27,False
bot5,bot6,bot6,bot6,36,False
bot5,bot6,bot5,bot6,27,False
bot5,bot6,bot6,bot6,32,False
bot5,bot6,bot5,bot6,27,False
bot5,bot6,bot6,bot6,36,False
bot5,bot6,bot5,bot6,27,False
bot5,bot6,bot6,bot6,36,False
bot5,bot6,bot5,bot6,27,False
bot5,bot6,bot6,bot6,36,False
bot5,bot6,bot5,bot6,27,False
bot5,bot6,bot6,bot6,36,False
bot5,bot6,bot5,bot6,27,False
bot5,bot6,bot6,bot6,36,False
bot5,bot6,bot5,bot6,27,False
bot5,bot6,bot6,bot6,36,False
bot5,bot6,bot5,bot6,27,False
bot5,bot6,bot6,bot6,36,False
bot5,bot6,bot5,bot6,27,False
bot5,bot6,bot6,bot6,36,False
bot5,bot6,bot5,bot6,27,False
bot5,bot6,bot6,bot6,36,False
bot5,bot6,bot5,bot6,27,False
bot5,bot6,bot6,bot6,36,False
bot5,bot6,bot5,bot6,27,False
bot5,bot6,bot6,bot6,36,False
bot5,bot6,bot5,bot6,27,False
bot5,bot6,bot6,bot6,36,False
bot5,bot6,bot5,bot6,27,False
bot5,bot6,bot6,bot6,38,False
bot5,bot6,bot5,bot5,24,False
bot5,bot6,bot6,bot6,38,False
bot5,bot6,bot5,bot6,27,False
bot5,bot6,bot6,bot6,36,False
bot5,bot6,bot5,bot6,27,False
bot5,bot6,bot6,bot5,36,False
bot5,bot6,bot5,bot6,27,False
bot5,bot6,bot6,bot6,36,False
bot5,bot6,bot5,bot6,27,False
bot5,bot6,bot6,bot6,36,False
bot5,bot6,bot5,bot5,24,False
bot5,bot6,bot6,bot6,36,False
bot5,bot6,bot5,bot6,27,False
bot5,bot6,bot6,bot6,45,False
bot5,bot6,bot5,bot6,27,False
bot5,bot6,bot6,bot6,36,False
bot5,bot6,bot5,bot6,27,False
bot5,bot6,bot6,bot6,28,False
bot5,bot6,bot5,bot5,24,False
bot5,bot6,bot6,bot6,32,False
bot5,bot6,bot5,bot6,27,False
bot5,bot6,bot6,bot6,36,False
bot5,bot6,bot5,bot6,27,False
bot5,bot6,bot6,bot6,36,False
bot5,bot6,bot5,bot6,27,False
bot5,bot6,bot6,bot6,36,False
bot5,bot6,bot5,bot6,27,False
bot5,bot6,bot6,bot6,36,False
bot5,bot6,bot5,bot5,40,False
bot5,bot6,bot6,bot6,45,False
bot5,bot6,bot5,bot6,27,False
bot5,bot6,bot6,bot6,32,False
bot5,bot6,bot5,bot6,27,False
bot5,bot6,bot6,bot6,36,False
bot5,bot6,bot5,bot6,27,False
bot5,bot6,bot6,bot6,36,False
bot5,bot6,bot5,bot6,27,False
bot5,bot6,bot6,bot6,32,False
bot5,bot6,bot5,bot6,27,False
bot5,bot6,bot6,bot6,32,False
bot5,bot6,bot5,bot6,27,False
bot5,bot6,bot6,bot5,27,False
bot5,bot6,bot5,bot6,27,False
bot5,bot6,bot6,bot6,36,False
bot5,bot6,bot5,bot6,27,False
bot5,bot6,bot6,bot6,36,False
bot5,bot6,bot5,bot6,27,False
bot5,bot6,bot6,bot6,36,False
bot5,bot6,bot5,bot6,27,False
bot5,bot6,bot6,bot6,36,False
bot5,bot6,bot5,bot6,27,False
bot5,bot6,bot6,bot6,36,False
bot5,bot6,bot5,bot6,27,False
bot5,bot6,bot6,bot6,36,False
bot5,bot6,bot5,bot6,27,False
bot5,bot6,bot6,bot6,36,False
bot5,bot6,bot5,bot6,27,False
bot5,bot6,bot6,bot6,44,False
bot5,bot6,bot5,bot6,27,False
bot5,bot6,bot6,bot6,36,False
bot5,bot6,bot5,bot6,27,False
bot5,bot6,bot6,bot6,45,False
bot5,bot6,bot5,bot6,27,False
bot5,bot6,bot6,bot6,36,False
bot5,bot6,bot5,bot6,27,False
bot5,bot6,bot6,bot6,36,False
bot5,bot6,bot5,bot6,27,False
bot5,bot6,bot6,bot6,38,False
bot5,bot6,bot5,bot6,27,False
bot5,bot6,bot6,bot6,36,False
bot5,bot6,bot5,bot6,27,False
bot5,bot6,bot6,bot6,36,False
bot5,bot6,bot5,bot6,27,False
bot5,bot6,bot6,bot6,36,False
bot5,bot6,bot5,bot6,27,False
bot5,bot6,bot6,bot6,36,False
bot5,bot6,bot5,bot6,27,False
bot5,bot6,bot6,bot6,36,False
bot5,bot6,bot5,bot6,27,False
bot5,bot6,bot6,bot6,36,False
bot5,bot6,bot5,bot5,24,False
bot5,bot6,bot6,bot6,32,False
bot5,bot6,bot5,bot6,27,False
bot5,bot6,bot6,bot6,36,False
bot5,bot6,bot5,bot6,27,False
bot5,bot6,bot6,bot6,36,False
bot5,bot6,bot5,bot6,27,False
bot5,bot6,bot6,bot6,36,False
bot5,bot6,bot5,bot6,27,False
bot5,bot6,bot6,bot6,36,False
bot5,bot6,bot5,bot6,27,False
bot5,bot6,bot6,bot6,36,False
bot5,bot6,bot5,bot6,27,False
bot5,bot6,bot6,bot6,36,False
bot5,bot6,bot5,bot6,27,False
bot5,bot6,bot6,bot6,28,False
bot5,bot6,bot5,bot6,27,False
bot5,bot6,bot6,bot6,32,False
bot5,bot6,bot5,bot6,27,False
bot5,bot6,bot6,bot6,36,False
bot5,bot6,bot5,bot6,27,False
bot5,bot6,bot6,bot6,36,False
bot5,bot6,bot5,bot6,27,False
bot5,bot6,bot6,bot6,36,False
bot5,bot6,bot5,bot6,27,False
bot5,bot6,bot6,bot6,36,False
bot5,bot6,bot5,bot6,27,False
bot5,bot6,bot6,bot6,36,False
bot5,bot6,bot5,bot6,27,False
bot5,bot6,bot6,bot6,36,False
bot5,bot6,bot5,bot6,27,False
bot5,bot6,bot6,bot6,36,False
bot5,bot6,bot5,bot6,27,False
bot5,bot6,bot6,bot6,36,False
bot5,bot6,bot5,bot5,24,False
bot5,bot6,bot6,bot6,36,False
bot5,bot6,bot5,bot6,38,False
bot5,bot6,bot6,bot6,36,False
bot5,bot6,bot5,bot6,27,False
bot5,bot6,bot6,bot6,36,False
bot5,bot6,bot5,bot6,27,False
bot5,bot6,bot6,bot6,36,False
bot5,bot6,bot5,bot6,27,False
bot5,bot6,bot6,bot6,28,False
bot5,bot6,bot5,bot6,27,False
bot5,bot6,bot6,bot6,36,False
bot5,bot6,bot5,bot6,24,False
bot5,bot6,bot6,bot6,36,False
bot5,bot6,bot5,bot6,27,False
bot5,bot6,bot6,bot6,45,False
bot5,bot6,bot5,bot6,27,False
bot5,bot6,bot6,bot6,36,False
bot5,bot6,bot5,bot6,27,False
bot5,bot6,bot6,bot6,32,False
bot5,bot6,bot5,bot6,27,False
bot5,bot6,bot6,bot6,36,False
bot5,bot6,bot5,bot6,27,False
bot5,bot6,bot6,bot6,36,False
bot5,bot6,bot5,bot6,27,False
bot5,bot6,bot6,bot6,36,False
bot5,bot6,bot5,bot6,27,False
bot5,bot6,bot6,bot6,36,False
bot5,bot6,bot5,bot6,27,False
bot5,bot6,bot6,bot6,36,False
bot5,bot6,bot5,bot6,27,False
bot5,bot6,bot6,bot6,36,False
bot5,bot6,bot5,bot6,27,False
bot5,bot6,bot6,bot6,36,False
bot5,bot6,bot5,bot6,27,False
bot5,bot6,bot6,bot6,36,False
bot5,bot6,bot5,bot6,27,False
bot5,bot6,bot6,bot6,36,False
bot5,bot6,bot5,bot6,27,False
bot5,bot6,bot6,bot6,36,False
bot5,bot6,bot5,bot6,27,False
bot5,bot6,bot6,bot6,36,False
bot5,bot6,bot5,bot6,27,False
bot5,bot6,bot6,bot6,36,False
bot5,bot6,bot5,bot6,27,False
bot5,bot6,bot6,bot6,36,False
bot5,bot6,bot5,bot6,27,False
bot5,bot6,bot6,bot6,36,False
bot5,bot6,bot5,bot6,27,False
bot5,bot6,bot6,bot6,36,False
bot5,bot6,bot5,bot6,27,False
bot5,bot6,bot6,bot6,32,False
bot5,bot6,bot5,bot6,27,False
bot5,bot6,bot6,bot6,36,False
bot5,bot6,bot5,bot6,27,False
bot5,bot6,bot6,bot6,36,False
bot5,bot6,bot5,bot6,27,False
bot5,bot6,bot6,bot6,36,False
bot5,bot6,bot5,bot6,27,False
bot5,bot6,bot6,bot5,20,False
bot5,bot6,bot5,bot6,27,False
bot5,bot6,bot6,bot6,36,False
bot5,bot6,bot5,bot5,24,False
bot5,bot6,bot6,bot6,36,False
bot5,bot6,bot5,bot6,27,False
bot5,bot6,bot6,bot6,32,False
bot5,bot6,bot5,bot6,27,False
bot5,bot6,bot6,bot6,36,False
bot5,bot6,bot5,bot6,27,False
bot5,bot6,bot6,bot6,28,False
bot5,bot6,bot5,bot5,24,False
bot5,bot6,bot6,bot6,36,False
bot5,bot6,bot5,bot6,27,False
bot5,bot6,bot6,bot6,36,False
bot5,bot6,bot5,bot6,27,False
bot5,bot6,bot6,bot6,32,False
bot5,bot6,bot5,bot6,27,False
bot5,bot6,bot6,bot5,27,False
bot5,bot6,bot5,bot6,27,False
bot5,bot6,bot6,bot6,36,False
bot5,bot6,bot5,bot6,27,False
bot5,bot6,bot6,bot6,36,False
bot5,bot6,bot5,bot6,27,False
bot5,bot6,bot6,bot6,36,False
bot5,bot6,bot5,bot6,27,False
bot5,bot6,bot6,bot6,36,False
bot5,bot6,bot5,bot6,27,False
bot5,bot6,bot6,bot6,36,False
bot5,bot6,bot5,bot6,27,False
bot5,bot6,bot6,bot6,36,False
bot5,bot6,bot5,bot6,27,False
bot5,bot6,bot6,bot6,36,False
bot5,bot6,bot5,bot6,27,False
bot5,bot6,bot6,bot6,45,False
bot5,bot6,bot5,bot6,27,False
bot5,bot6,bot6,bot6,36,False
bot5,bot6,bot5,bot6,27,False
bot5,bot6,bot6,bot6,36,False
bot5,bot6,bot5,bot6,27,False
bot5,bot6,bot6,bot6,36,False
bot5,bot6,bot5,bot5,24,False
bot5,bot6,bot6,bot6,36,False
bot5,bot6,bot5,bot6,27,False
bot5,bot6,bot6,bot6,36,False
bot5,bot6,bot5,bot6,27,False
bot5,bot6,bot6,bot6,36,False
bot5,bot6,bot5,bot6,27,False
bot5,bot6,bot6,bot6,32,False
bot5,bot6,bot5,bot5,64,False
bot5,bot6,bot6,bot6,36,False
bot5,bot6,bot5,bot6,27,False
bot5,bot6,bot6,bot6,36,False
bot5,bot6,bot5,bot6,27,False
bot5,bot6,bot6,bot6,36,False
bot5,bot6,bot5,bot6,27,False
bot5,bot6,bot6,bot6,36,False
bot5,bot6,bot5,bot6,27,False
bot5,bot6,bot6,bot6,36,False
bot5,bot6,bot5,bot6,27,False
bot5,bot6,bot6,bot6,36,False
bot5,bot6,bot5,bot6,27,False
bot5,bot6,bot6,bot6,36,False
bot5,bot6,bot5,bot6,27,False
bot5,bot6,bot6,bot6,36,False
bot5,bot6,bot5,bot6,27,False
bot5,bot6,bot6,bot6,36,False
bot5,bot6,bot5,bot6,27,False
bot5,bot6,bot6,bot6,36,False
bot5,bot7,bot5,bot7,27,False
bot5,bot7,bot7,bot7,36,False
bot5,bot7,bot5,bot7,27,False
bot5,bot7,bot7,bot7,36,False
bot5,bot7,bot5,bot7,27,False
bot5,bot7,bot7,bot7,36,False
bot5,bot7,bot5,bot7,27,False
bot5,bot7,bot7,bot7,28,False
bot5,bot7,bot5,bot7,27,False
bot5,bot7,bot7,bot7,36,False
bot5,bot7,bot5,bot7,27,False
bot5,bot7,bot7,bot5,27,False
bot5,bot7,bot5,bot7,27,False
bot5,bot7,bot7,bot5,27,False
bot5,bot7,bot5,bot7,27,False
bot5,bot7,bot7,bot7,36,False
bot5,bot7,bot5,bot5,48,False
bot5,bot7,bot7,bot7,28,False
bot5,bot7,bot5,bot7,27,False
bot5,bot7,bot7,bot7,36,False
bot5,bot7,bot5,bot7,27,False
bot5,bot7,bot7,bot7,36,False
bot5,bot7,bot5,bot7,27,False
bot5,bot7,bot7,bot7,28,False
bot5,bot7,bot5,bot7,27,False
bot5,bot7,bot7,bot7,36,False
bot5,bot7,bot5,bot7,27,False
bot5,bot7,bot7,bot7,36,False
bot5,bot7,bot5,bot7,27,False
bot5,bot7,bot7,bot7,36,False
bot5,bot7,bot5,bot7,27,False
bot5,bot7,bot7,bot7,36,False
bot5,bot7,bot5,bot7,27,False
bot5,bot7,bot7,bot7,36,False
bot5,bot7,bot5,bot7,27,False
bot5,bot7,bot7,bot7,36,False
bot5,bot7,bot5,bot7,27,False
bot5,bot7,bot7,bot7,36,False
bot5,bot7,bot5,bot7,27,False
bot5,bot7,bot7,bot7,36,False
bot5,bot7,bot5,bot7,27,False
bot5,bot7,bot7,bot7,36,False
bot5,bot7,bot5,bot7,27,False
bot5,bot7,bot7,bot7,36,False
bot5,bot7,bot5,bot7,27,False
bot5,bot7,bot7,bot7,36,False
bot5,bot7,bot5,bot7,27,False
bot5,bot7,bot7,bot7,36,False
bot5,bot7,bot5,bot7,27,False
bot5,bot7,bot7,bot7,36,False
bot5,bot7,bot5,bot7,27,False
bot5,bot7,bot7,bot7,36,False
bot5,bot7,bot5,bot7,27,False
bot5,bot7,bot7,bot7,36,False
bot5,bot7,bot5,bot7,27,False
bot5,bot7,bot7,bot7,45,False
bot5,bot7,bot5,bot7,27,False
bot5,bot7,bot7,bot7,36,False
bot5,bot7,bot5,bot7,27,False
bot5,bot7,bot7,bot7,36,False
bot5,bot7,bot5,bot7,27,False
bot5,bot7,bot7,bot7,36,False
bot5,bot7,bot5,bot7,27,False
bot5,bot7,bot7,bot7,36,False
bot5,bot7,bot5,bot7,27,False
bot5,bot7,bot7,bot7,36,False
bot5,bot7,bot5,bot7,27,False
bot5,bot7,bot7,bot7,36,False
bot5,bot7,bot5,bot7,27,False
bot5,bot7,bot7,bot7,36,False
bot5,bot7,bot5,bot7,27,False
bot5,bot7,bot7,bot7,45,False
bot5,bot7,bot5,bot7,27,False
bot5,bot7,bot7,bot7,36,False
bot5,bot7,bot5,bot7,27,False
bot5,bot7,bot7,bot7,36,False
bot5,bot7,bot5,bot7,27,False
bot5,bot7,bot7,bot7,36,False
bot5,bot7,bot5,bot7,27,False
bot5,bot7,bot7,bot7,36,False
bot5,bot7,bot5,bot7,27,False
bot5,bot7,bot7,bot7,36,False
bot5,bot7,bot5,bot7,27,False
bot5,bot7,bot7,bot7,36,False
bot5,bot7,bot5,bot7,27,False
bot5,bot7,bot7,bot7,36,False
bot5,bot7,bot5,bot7,27,False
bot5,bot7,bot7,bot7,36,False
bot5,bot7,bot5,bot7,27,False
bot5,bot7,bot7,bot7,36,False
bot5,bot7,bot5,bot7,27,False
bot5,bot7,bot7,bot7,28,False
bot5,bot7,bot5,bot7,27,False
bot5,bot7,bot7,bot7,36,False
bot5,bot7,bot5,bot7,27,False
bot5,bot7,bot7,bot7,45,False
bot5,bot7,bot5,bot7,27,False
bot5,bot7,bot7,bot7,36,False
bot5,bot7,bot5,bot7,27,False
bot5,bot7,bot7,bot7,32,False
bot5,bot7,bot5,bot7,27,False
bot5,bot7,bot7,bot7,36,False
bot5,bot7,bot5,bot5,28,False
bot5,bot7,bot7,bot7,36,False
bot5,bot7,bot5,bot7,27,False
bot5,bot7,bot7,bot7,45,False
bot5,bot7,bot5,bot7,27,False
bot5,bot7,bot7,bot7,36,False
bot5,bot7,bot5,bot7,27,False
bot5,bot7,bot7,bot7,36,False
bot5,bot7,bot5,bot5,28,False
bot5,bot7,bot7,bot7,36,False
bot5,bot7,bot5,bot5,28,False
bot5,bot7,bot7,bot7,36,False
bot5,bot7,bot5,bot7,27,False
bot5,bot7,bot7,bot7,28,False
bot5,bot7,bot5,bot5,48,False
bot5,bot7,bot7,bot7,36,False
bot5,bot7,bot5,bot7,27,False
bot5,bot7,bot7,bot7,36,False
bot5,bot7,bot5,bot7,27,False
bot5,bot7,bot7,bot7,36,False
bot5,bot7,bot5,bot7,27,False
bot5,bot7,bot7,bot7,45,False
bot5,bot7,bot5,bot7,27,False
bot5,bot7,bot7,bot7,36,False
bot5,bot7,bot5,bot5,28,False
bot5,bot7,bot7,bot7,36,False
bot5,bot7,bot5,bot7,27,False
bot5,bot7,bot7,bot7,36,False
bot5,bot7,bot5,bot7,27,False
bot5,bot7,bot7,bot7,36,False
bot5,bot7,bot5,bot7,27,False
bot5,bot7,bot7,bot7,28,False
bot5,bot7,bot5,bot7,27,False
bot5,bot7,bot7,bot5,99,False
bot5,bot7,bot5,bot7,27,False
bot5,bot7,bot7,bot7,36,False
bot5,bot7,bot5,bot7,27,False
bot5,bot7,bot7,bot7,36,False
bot5,bot7,bot5,bot7,27,False
bot5,bot7,bot7,bot7,36,False
bot5,bot7,bot5,bot7,27,False
bot5,bot7,bot7,bot7,28,False
bot5,bot7,bot5,bot5,48,False
bot5,bot7,bot7,bot7,36,False
bot5,bot7,bot5,bot7,27,False
bot5,bot7,bot7,bot7,44,False
bot5,bot7,bot5,bot7,27,False
bot5,bot7,bot7,bot7,36,False
bot5,bot7,bot5,bot7,27,False
bot5,bot7,bot7,bot7,36,False
bot5,bot7,bot5,bot7,27,False
bot5,bot7,bot7,bot7,36,False
bot5,bot7,bot5,bot7,27,False
bot5,bot7,bot7,bot7,36,False
bot5,bot7,bot5,bot7,27,False
bot5,bot7,bot7,bot7,36,False
bot5,bot7,bot5,bot7,27,False
bot5,bot7,bot7,bot7,28,False
bot5,bot7,bot5,bot7,27,False
bot5,bot7,bot7,bot7,36,False
bot5,bot7,bot5,bot7,27,False
bot5,bot7,bot7,bot5,54,False
bot5,bot7,bot5,bot7,27,False
bot5,bot7,bot7,bot7,36,False
bot5,bot7,bot5,bot5,28,False
bot5,bot7,bot7,bot7,36,False
bot5,bot7,bot5,bot7,27,False
bot5,bot7,bot7,bot7,36,False
bot5,bot7,bot5,bot7,27,False
bot5,bot7,bot7,bot7,28,False
bot5,bot7,bot5,bot7,27,False
bot5,bot7,bot7,bot7,28,False
bot5,bot7,bot5,bot7,27,False
bot5,bot7,bot7,bot7,45,False
bot5,bot7,bot5,bot5,48,False
bot5,bot7,bot7,bot7,28,False
bot5,bot7,bot5,bot7,27,False
bot5,bot7,bot7,bot7,45,False
bot5,bot7,bot5,bot7,27,False
bot5,bot7,bot7,bot7,36,False
bot5,bot7,bot5,bot7,27,False
bot5,bot7,bot7,bot7,36,False
bot5,bot7,bot5,bot7,27,False
bot5,bot7,bot7,bot7,36,False
bot5,bot7,bot5,bot7,27,False
bot5,bot7,bot7,bot7,45,False
bot5,bot7,bot5,bot7,27,False
bot5,bot7,bot7,bot7,28,False
bot5,bot7,bot5,bot7,27,False
bot5,bot7,bot7,bot7,36,False
bot5,bot7,bot5,bot7,27,False
bot5,bot7,bot7,bot7,36,False
bot5,bot7,bot5,bot7,27,False
bot5,bot7,bot7,bot7,28,False
bot5,bot7,bot5,bot7,27,False
bot5,bot7,bot7,bot7,36,False
bot5,bot7,bot5,bot7,27,False
bot5,bot7,bot7,bot7,36,False
bot5,bot7,bot5,bot5,48,False
bot5,bot7,bot7,bot7,36,False
bot5,bot7,bot5,bot7,27,False
bot5,bot7,bot7,bot7,36,False
bot5,bot7,bot5,bot7,27,False
bot5,bot7,bot7,bot7,36,False
bot5,bot7,bot5,bot7,27,False
bot5,bot7,bot7,bot7,36,False
bot5,bot7,bot5,bot7,27,False
bot5,bot7,bot7,bot7,36,False
bot5,bot7,bot5,bot7,27,False
bot5,bot7,bot7,bot7,36,False
bot5,bot7,bot5,bot7,27,False
bot5,bot7,bot7,bot7,36,False
bot5,bot7,bot5,bot7,27,False
bot5,bot7,bot7,bot7,28,False
bot5,bot7,bot5,bot7,27,False
bot5,bot7,bot7,bot7,28,False
bot5,bot7,bot5,bot7,27,False
bot5,bot7,bot7,bot7,28,False
bot5,bot7,bot5,bot7,27,False
bot5,bot7,bot7,bot7,36,False
bot5,bot7,bot5,bot7,27,False
bot5,bot7,bot7,bot7,36,False
bot5,bot7,bot5,bot7,27,False
bot5,bot7,bot7,bot7,36,False
bot5,bot7,bot5,bot5,28,False
bot5,bot7,bot7,bot7,36,False
bot5,bot7,bot5,bot7,27,False
bot5,bot7,bot7,bot7,36,False
bot5,bot7,bot5,bot7,27,False
bot5,bot7,bot7,bot7,36,False
bot5,bot7,bot5,bot7,27,False
bot5,bot7,bot7,bot7,36,False
bot5,bot7,bot5,bot7,27,False
bot5,bot7,bot7,bot7,36,False
bot5,bot7,bot5,bot7,27,False
bot5,bot7,bot7,bot7,36,False
bot5,bot7,bot5,bot7,27,False
bot5,bot7,bot7,bot7,36,False
bot5,bot7,bot5,bot7,27,False
bot5,bot7,bot7,bot7,36,False
bot5,bot7,bot5,bot7,27,False
bot5,bot7,bot7,bot7,36,False
bot5,bot7,bot5,bot7,27,False
bot5,bot7,bot7,bot7,36,False
bot5,bot7,bot5,bot7,27,False
bot5,bot7,bot7,bot7,28,False
bot5,bot7,bot5,bot7,27,False
bot5,bot7,bot7,bot5,27,False
bot5,bot7,bot5,bot7,27,False
bot5,bot7,bot7,bot7,36,False
bot5,bot7,bot5,bot7,27,False
bot5,bot7,bot7,bot7,36,False
bot5,bot7,bot5,bot7,27,False
bot5,bot7,bot7,bot7,36,False
bot5,bot7,bot5,bot7,27,False
bot5,bot7,bot7,bot7,36,False
bot5,bot7,bot5,bot7,27,False
bot5,bot7,bot7,bot7,36,False
bot5,bot7,bot5,bot7,27,False
bot5,bot7,bot7,bot7,36,False
bot5,bot7,bot5,bot7,27,False
bot5,bot7,bot7,bot7,36,False
bot5,bot7,bot5,bot7,27,False
bot5,bot7,bot7,bot7,36,False
bot5,bot7,bot5,bot7,27,False
bot5,bot7,bot7,bot7,36,False
bot5,bot7,bot5,bot7,27,False
bot5,bot7,bot7,bot5,27,False
bot5,bot7,bot5,bot7,27,False
bot5,bot7,bot7,bot7,36,False
bot5,bot7,bot5,bot5,48,False
bot5,bot7,bot7,bot7,36,False
bot5,bot7,bot5,bot7,27,False
bot5,bot7,bot7,bot7,36,False
bot5,bot7,bot5,bot7,27,False
bot5,bot7,bot7,bot7,36,False
bot5,bot7,bot5,bot7,27,False
bot5,bot7,bot7,bot7,36,False
bot5,bot7,bot5,bot7,27,False
bot5,bot7,bot7,bot7,36,False
bot5,bot7,bot5,bot7,27,False
bot5,bot7,bot7,bot7,28,False
bot5,bot7,bot5,bot7,27,False
bot5,bot7,bot7,bot5,44,False
bot5,bot7,bot5,bot7,27,False
bot5,bot7,bot7,bot7,28,False
bot5,bot7,bot5,bot5,32,False
bot5,bot7,bot7,bot7,36,False
bot5,bot7,bot5,bot7,27,False
bot5,bot7,bot7,bot7,28,False
bot5,bot7,bot5,bot7,27,False
bot5,bot7,bot7,bot5,27,False
bot5,bot7,bot5,bot7,27,False
bot5,bot7,bot7,bot7,36,False
bot5,bot7,bot5,bot5,28,False
bot5,bot7,bot7,bot7,36,False
bot5,bot7,bot5,bot7,27,False
bot5,bot7,bot7,None,200,True
bot5,bot8,bot5,bot8,106,False
bot5,bot8,bot8,bot8,48,False
bot5,bot8,bot5,bot8,66,False
bot5,bot8,bot8,bot8,48,False
bot5,bot8,bot5,bot8,100,False
bot5,bot8,bot8,bot8,28,False
bot5,bot8,bot5,bot8,106,False
bot5,bot8,bot8,bot8,48,False
bot5,bot8,bot5,bot8,100,False
bot5,bot8,bot8,bot8,28,False
bot5,bot8,bot5,bot5,68,False
bot5,bot8,bot8,bot8,46,False
bot5,bot8,bot5,bot8,100,False
bot5,bot8,bot8,bot8,48,False
bot5,bot8,bot5,bot5,69,False
bot5,bot8,bot8,bot5,27,False
bot5,bot8,bot5,bot8,100,False
bot5,bot8,bot8,bot8,48,False
bot5,bot8,bot5,bot5,28,False
bot5,bot8,bot8,bot8,48,False
bot5,bot8,bot5,bot8,100,False
bot5,bot8,bot8,bot8,48,False
bot5,bot8,bot5,bot8,100,False
bot5,bot8,bot8,bot5,38,False
bot5,bot8,bot5,bot5,101,False
bot5,bot8,bot8,bot8,48,False
bot5,bot8,bot5,bot8,100,False
bot5,bot8,bot8,bot8,48,False
bot5,bot8,bot5,None,200,True
bot5,bot8,bot8,bot8,48,False
bot5,bot8,bot5,bot8,66,False
bot5,bot8,bot8,bot8,28,False
bot5,bot8,bot5,bot5,32,False
bot5,bot8,bot8,bot8,46,False
bot5,bot8,bot5,bot8,66,False
bot5,bot8,bot8,bot8,48,False
bot5,bot8,bot5,bot8,100,False
bot5,bot8,bot8,bot8,48,False
bot5,bot8,bot5,bot8,100,False
bot5,bot8,bot8,bot8,48,False
bot5,bot8,bot5,bot8,100,False
bot5,bot8,bot8,bot8,48,False
bot5,bot8,bot5,bot8,100,False
bot5,bot8,bot8,bot8,48,False
bot5,bot8,bot5,bot8,100,False
bot5,bot8,bot8,bot8,48,False
bot5,bot8,bot5,bot5,68,False
bot5,bot8,bot8,bot8,48,False
bot5,bot8,bot5,bot8,100,False
bot5,bot8,bot8,bot8,44,False
bot5,bot8,bot5,bot8,115,False
bot5,bot8,bot8,bot5,27,False
bot5,bot8,bot5,bot5,32,False
bot5,bot8,bot8,bot8,48,False
bot5,bot8,bot5,bot8,100,False
bot5,bot8,bot8,bot8,48,False
bot5,bot8,bot5,bot8,100,False
bot5,bot8,bot8,bot8,48,False
bot5,bot8,bot5,bot8,100,False
bot5,bot8,bot8,bot8,32,False
bot5,bot8,bot5,bot8,95,False
bot5,bot8,bot8,bot8,48,False
bot5,bot8,bot5,bot5,69,False
bot5,bot8,bot8,bot8,48,False
bot5,bot8,bot5,bot8,100,False
bot5,bot8,bot8,bot8,48,False
bot5,bot8,bot5,bot8,90,False
bot5,bot8,bot8,bot8,48,False
bot5,bot8,bot5,bot8,100,False
bot5,bot8,bot8,bot8,48,False
bot5,bot8,bot5,bot8,95,False
bot5,bot8,bot8,bot8,48,False
bot5,bot8,bot5,bot8,100,False
bot5,bot8,bot8,bot8,48,False
bot5,bot8,bot5,bot8,100,False
bot5,bot8,bot8,bot8,48,False
bot5,bot8,bot5,bot8,100,False
bot5,bot8,bot8,bot8,48,False
bot5,bot8,bot5,bot8,100,False
bot5,bot8,bot8,bot8,48,False
bot5,bot8,bot5,bot8,100,False
bot5,bot8,bot8,bot8,48,False
bot5,bot8,bot5,bot8,100,False
bot5,bot8,bot8,bot8,48,False
bot5,bot8,bot5,bot5,69,False
bot5,bot8,bot8,bot8,48,False
bot5,bot8,bot5,bot5,68,False
bot5,bot8,bot8,bot8,48,False
bot5,bot8,bot5,bot8,90,False
bot5,bot8,bot8,bot8,48,False
bot5,bot8,bot5,bot8,100,False
bot5,bot8,bot8,bot8,48,False
bot5,bot8,bot5,bot8,100,False
bot5,bot8,bot8,bot8,48,False
bot5,bot8,bot5,bot8,90,False
bot5,bot8,bot8,bot8,48,False
bot5,bot8,bot5,bot8,100,False
bot5,bot8,bot8,bot8,36,False
bot5,bot8,bot5,bot8,100,False
bot5,bot8,bot8,bot5,27,False
bot5,bot8,bot5,bot5,28,False
bot5,bot8,bot8,bot8,36,False
bot5,bot8,bot5,bot8,100,False
bot5,bot8,bot8,bot8,48,False
bot5,bot8,bot5,bot8,100,False
bot5,bot8,bot8,bot8,48,False
bot5,bot8,bot5,bot8,100,False
bot5,bot8,bot8,bot8,48,False
bot5,bot8,bot5,bot8,106,False
bot5,bot8,bot8,bot8,48,False
bot5,bot8,bot5,bot8,115,False
bot5,bot8,bot8,bot8,48,False
bot5,bot8,bot5,bot8,100,False
bot5,bot8,bot8,bot8,48,False
bot5,bot8,bot5,bot8,100,False
bot5,bot8,bot8,bot8,48,False
bot5,bot8,bot5,bot8,100,False
bot5,bot8,bot8,bot8,44,False
bot5,bot8,bot5,bot5,68,False
bot5,bot8,bot8,bot8,48,False
bot5,bot8,bot5,bot8,100,False
bot5,bot8,bot8,bot8,48,False
bot5,bot8,bot5,bot8,95,False
bot5,bot8,bot8,bot8,48,False
bot5,bot8,bot5,bot8,100,False
bot5,bot8,bot8,bot8,48,False
bot5,bot8,bot5,bot5,32,False
bot5,bot8,bot8,bot8,46,False
bot5,bot8,bot5,bot8,100,False
bot5,bot8,bot8,bot8,28,False
bot5,bot8,bot5,bot8,115,False
bot5,bot8,bot8,bot5,27,False
bot5,bot8,bot5,bot5,32,False
bot5,bot8,bot8,bot8,48,False
bot5,bot8,bot5,bot8,106,False
bot5,bot8,bot8,bot8,48,False
bot5,bot8,bot5,bot8,100,False
bot5,bot8,bot8,bot8,48,False
bot5,bot8,bot5,bot5,32,False
bot5,bot8,bot8,bot8,28,False
bot5,bot8,bot5,bot8,100,False
bot5,bot8,bot8,bot8,48,False
bot5,bot8,bot5,bot8,100,False
bot5,bot8,bot8,bot8,48,False
bot5,bot8,bot5,bot8,95,False
bot5,bot8,bot8,bot8,48,False
bot5,bot8,bot5,bot8,100,False
bot5,bot8,bot8,bot8,56,False
bot5,bot8,bot5,bot8,106,False
bot5,bot8,bot8,bot8,48,False
bot5,bot8,bot5,bot8,100,False
bot5,bot8,bot8,bot8,48,False
bot5,bot8,bot5,bot8,100,False
bot5,bot8,bot8,bot8,48,False
bot5,bot8,bot5,bot8,100,False
bot5,bot8,bot8,bot8,48,False
bot5,bot8,bot5,bot8,100,False
bot5,bot8,bot8,bot8,48,False
bot5,bot8,bot5,bot5,32,False
bot5,bot8,bot8,bot8,36,False
bot5,bot8,bot5,bot8,100,False
bot5,bot8,bot8,bot8,48,False
bot5,bot8,bot5,bot5,32,False
bot5,bot8,bot8,bot8,48,False
bot5,bot8,bot5,bot8,100,False
bot5,bot8,bot8,bot8,36,False
bot5,bot8,bot5,bot8,106,False
bot5,bot8,bot8,None,200,True
bot5,bot8,bot5,bot8,66,False
bot5,bot8,bot8,bot8,48,False
bot5,bot8,bot5,bot8,95,False
bot5,bot8,bot8,bot8,48,False
bot5,bot8,bot5,bot8,100,False
bot5,bot8,bot8,bot8,48,False
bot5,bot8,bot5,bot8,95,False
bot5,bot8,bot8,bot8,48,False
bot5,bot8,bot5,bot8,100,False
bot5,bot8,bot8,bot8,48,False
bot5,bot8,bot5,bot8,100,False
bot5,bot8,bot8,bot8,48,False
bot5,bot8,bot5,bot5,28,False
bot5,bot8,bot8,bot8,48,False
bot5,bot8,bot5,bot8,100,False
bot5,bot8,bot8,bot8,48,False
bot5,bot8,bot5,bot8,100,False
bot5,bot8,bot8,bot8,48,False
bot5,bot8,bot5,bot8,90,False
bot5,bot8,bot8,bot8,32,False
bot5,bot8,bot5,bot8,100,False
bot5,bot8,bot8,bot5,27,False
bot5,bot8,bot5,bot5,64,False
bot5,bot8,bot8,bot8,48,False
bot5,bot8,bot5,bot8,100,False
bot5,bot8,bot8,bot8,48,False
bot5,bot8,bot5,bot8,90,False
bot5,bot8,bot8,None,200,True
bot5,bot8,bot5,bot5,64,False
bot5,bot8,bot8,bot5,27,False
bot5,bot8,bot5,bot8,95,False
bot5,bot8,bot8,bot8,36,False
bot5,bot8,bot5,bot8,100,False
bot5,bot8,bot8,bot8,48,False
bot5,bot8,bot5,bot5,69,False
bot5,bot8,bot8,bot8,48,False
bot5,bot8,bot5,bot8,100,False
bot5,bot8,bot8,bot8,48,False
bot5,bot8,bot5,bot5,32,False
bot5,bot8,bot8,bot8,32,False
bot5,bot8,bot5,bot8,100,False
bot5,bot8,bot8,bot8,66,False
bot5,bot8,bot5,bot8,100,False
bot5,bot8,bot8,bot8,48,False
bot5,bot8,bot5,bot8,100,False
bot5,bot8,bot8,bot8,48,False
bot5,bot8,bot5,bot5,73,False
bot5,bot8,bot8,bot8,48,False
bot5,bot8,bot5,bot8,100,False
bot5,bot8,bot8,bot8,32,False
bot5,bot8,bot5,bot5,64,False
bot5,bot8,bot8,bot8,48,False
bot5,bot8,bot5,bot8,100,False
bot5,bot8,bot8,bot8,48,False
bot5,bot8,bot5,bot8,100,False
bot5,bot8,bot8,bot8,48,False
bot5,bot8,bot5,bot8,100,False
bot5,bot8,bot8,bot8,48,False
bot5,bot8,bot5,bot8,100,False
bot5,bot8,bot8,bot8,48,False
bot5,bot8,bot5,bot8,100,False
bot5,bot8,bot8,bot8,28,False
bot5,bot8,bot5,bot8,100,False
bot5,bot8,bot8,bot8,48,False
bot5,bot8,bot5,bot8,100,False
bot5,bot8,bot8,bot8,48,False
bot5,bot8,bot5,bot8,66,False
bot5,bot8,bot8,bot8,48,False
bot5,bot8,bot5,bot8,100,False
bot5,bot8,bot8,bot8,32,False
bot5,bot8,bot5,bot8,100,False
bot5,bot8,bot8,bot8,48,False
bot5,bot8,bot5,bot5,28,False
bot5,bot8,bot8,bot8,48,False
bot5,bot8,bot5,bot5,28,False
bot5,bot8,bot8,bot8,32,False
bot5,bot8,bot5,bot5,69,False
bot5,bot8,bot8,bot8,48,False
bot5,bot8,bot5,bot8,100,False
bot5,bot8,bot8,bot8,48,False
bot5,bot8,bot5,bot8,106,False
bot5,bot8,bot8,bot8,48,False
bot5,bot8,bot5,bot8,115,False
bot5,bot8,bot8,bot8,48,False
bot5,bot8,bot5,bot8,100,False
bot5,bot8,bot8,bot8,48,False
bot5,bot8,bot5,None,200,True
bot5,bot8,bot8,bot8,48,False
bot5,bot8,bot5,bot8,100,False
bot5,bot8,bot8,None,200,True
bot5,bot8,bot5,bot8,100,False
bot5,bot8,bot8,bot8,32,False
bot5,bot8,bot5,bot8,100,False
bot5,bot8,bot8,bot8,48,False
bot5,bot8,bot5,bot8,100,False
bot5,bot8,bot8,bot8,48,False
bot5,bot8,bot5,bot8,100,False
bot5,bot8,bot8,bot8,28,False
bot5,bot8,bot5,bot8,95,False
bot5,bot8,bot8,bot8,48,False
bot5,bot8,bot5,bot8,100,False
bot5,bot8,bot8,bot8,48,False
bot5,bot8,bot5,bot8,100,False
bot5,bot8,bot8,bot8,36,False
bot5,bot8,bot5,bot8,100,False
bot5,bot8,bot8,bot8,36,False
bot5,bot8,bot5,bot8,90,False
bot5,bot8,bot8,bot8,48,False
bot5,bot8,bot5,bot8,100,False
bot5,bot8,bot8,bot8,48,False
bot5,bot8,bot5,bot5,28,False
bot5,bot8,bot8,bot8,48,False
bot5,bot8,bot5,bot8,95,False
bot5,bot8,bot8,bot8,48,False
bot5,bot8,bot5,bot8,100,False
bot5,bot8,bot8,bot8,48,False
bot5,bot8,bot5,bot8,100,False
bot5,bot8,bot8,bot8,44,False
bot5,bot8,bot5,bot8,100,False
bot5,bot8,bot8,bot8,48,False
bot5,bot8,bot5,bot8,100,False
bot5,bot8,bot8,bot8,48,False
bot5,bot8,bot5,bot5,101,False
bot5,bot8,bot8,bot8,48,False
bot5,bot8,bot5,bot5,32,False
bot5,bot8,bot8,bot8,36,False
bot5,bot8,bot5,bot8,100,False
bot5,bot8,bot8,bot8,48,False
bot5,bot8,bot5,bot8,95,False
bot5,bot8,bot8,bot8,48,False
bot5,bot8,bot5,bot8,100,False
bot5,bot8,bot8,bot8,48,False
bot6,bot7,bot6,bot6,24,False
bot6,bot7,bot7,bot7,44,False
bot6,bot7,bot6,bot6,24,False
bot6,bot7,bot7,bot7,44,False
bot6,bot7,bot6,bot6,24,False
bot6,bot7,bot7,None,200,True
bot6,bot7,bot6,bot6,24,False
bot6,bot7,bot7,bot7,24,False
bot6,bot7,bot6,bot6,24,False
bot6,bot7,bot7,bot7,24,False
bot6,bot7,bot6,bot6,24,False
bot6,bot7,bot7,bot7,44,False
bot6,bot7,bot6,bot6,24,False
bot6,bot7,bot7,bot7,44,False
bot6,bot7,bot6,bot6,24,False
bot6,bot7,bot7,bot7,52,False
bot6,bot7,bot6,bot6,24,False
bot6,bot7,bot7,bot7,44,False
bot6,bot7,bot6,bot6,24,False
bot6,bot7,bot7,bot7,52,False
bot6,bot7,bot6,bot6,24,False
bot6,bot7,bot7,bot7,68,False
bot6,bot7,bot6,bot6,24,False
bot6,bot7,bot7,bot7,44,False
bot6,bot7,bot6,bot6,32,False
bot6,bot7,bot7,bot7,40,False
bot6,bot7,bot6,bot6,32,False
bot6,bot7,bot7,bot7,44,False
bot6,bot7,bot6,bot6,24,False
bot6,bot7,bot7,bot7,44,False
bot6,bot7,bot6,bot6,24,False
bot6,bot7,bot7,bot7,44,False
bot6,bot7,bot6,bot6,24,False
bot6,bot7,bot7,bot7,44,False
bot6,bot7,bot6,bot6,24,False
bot6,bot7,bot7,bot7,44,False
bot6,bot7,bot6,bot6,24,False
bot6,bot7,bot7,bot6,27,False
bot6,bot7,bot6,bot6,24,False
bot6,bot7,bot7,bot7,32,False
bot6,bot7,bot6,bot6,24,False
bot6,bot7,bot7,bot7,44,False
bot6,bot7,bot6,bot6,28,False
bot6,bot7,bot7,bot7,44,False
bot6,bot7,bot6,bot6,48,False
bot6,bot7,bot7,bot7,32,False
bot6,bot7,bot6,bot6,24,False
bot6,bot7,bot7,bot7,44,False
bot6,bot7,bot6,bot6,24,False
bot6,bot7,bot7,bot7,44,False
bot6,bot7,bot6,bot7,27,False
bot6,bot7,bot7,None,200,True
bot6,bot7,bot6,bot6,24,False
bot6,bot7,bot7,bot7,44,False
bot6,bot7,bot6,bot6,24,False
bot6,bot7,bot7,bot7,24,False
bot6,bot7,bot6,bot6,24,False
bot6,bot7,bot7,bot7,44,False
bot6,bot7,bot6,bot6,24,False
bot6,bot7,bot7,bot7,180,False
bot6,bot7,bot6,bot6,24,False
bot6,bot7,bot7,bot7,24,False
bot6,bot7,bot6,bot6,28,False
bot6,bot7,bot7,None,200,True
bot6,bot7,bot6,bot6,24,False
bot6,bot7,bot7,bot7,44,False
bot6,bot7,bot6,bot6,24,False
bot6,bot7,bot7,bot7,44,False
bot6,bot7,bot6,bot6,24,False
bot6,bot7,bot7,bot7,32,False
bot6,bot7,bot6,bot6,24,False
bot6,bot7,bot7,bot7,28,False
bot6,bot7,bot6,bot6,24,False
bot6,bot7,bot7,bot7,44,False
bot6,bot7,bot6,bot6,24,False
bot6,bot7,bot7,bot7,44,False
bot6,bot7,bot6,bot6,24,False
bot6,bot7,bot7,bot7,44,False
bot6,bot7,bot6,bot6,24,False
bot6,bot7,bot7,bot7,44,False
bot6,bot7,bot6,bot6,24,False
bot6,bot7,bot7,bot7,40,False
bot6,bot7,bot6,bot6,24,False
bot6,bot7,bot7,bot7,32,False
bot6,bot7,bot6,bot6,24,False
bot6,bot7,bot7,bot7,24,False
bot6,bot7,bot6,bot6,32,False
bot6,bot7,bot7,bot7,24,False
bot6,bot7,bot6,bot6,32,False
bot6,bot7,bot7,bot7,44,False
bot6,bot7,bot6,bot6,24,False
bot6,bot7,bot7,bot6,67,False
bot6,bot7,bot6,bot6,24,False
bot6,bot7,bot7,bot7,44,False
bot6,bot7,bot6,bot6,24,False
bot6,bot7,bot7,bot7,24,False
bot6,bot7,bot6,bot6,24,False
bot6,bot7,bot7,bot7,44,False
bot6,bot7,bot6,bot6,36,False
bot6,bot7,bot7,None,200,True
bot6,bot7,bot6,bot6,24,False
bot6,bot7,bot7,None,200,True
bot6,bot7,bot6,bot6,24,False
bot6,bot7,bot7,bot7,44,False
bot6,bot7,bot6,bot7,27,False
bot6,bot7,bot7,bot7,28,False
bot6,bot7,bot6,bot6,28,False
bot6,bot7,bot7,bot7,44,False
bot6,bot7,bot6,bot6,24,False
bot6,bot7,bot7,bot6,27,False
bot6,bot7,bot6,bot6,24,False
bot6,bot7,bot7,bot7,44,False
bot6,bot7,bot6,bot6,32,False
bot6,bot7,bot7,None,200,True
bot6,bot7,bot6,bot6,24,False
bot6,bot7,bot7,bot7,44,False
bot6,bot7,bot6,bot6,24,False
bot6,bot7,bot7,bot7,40,False
bot6,bot7,bot6,bot6,24,False
bot6,bot7,bot7,bot7,68,False
bot6,bot7,bot6,bot6,24,False
bot6,bot7,bot7,bot7,44,False
bot6,bot7,bot6,bot6,28,False
bot6,bot7,bot7,bot7,44,False
bot6,bot7,bot6,bot6,24,False
bot6,bot7,bot7,bot7,44,False
bot6,bot7,bot6,bot6,24,False
bot6,bot7,bot7,bot7,40,False
bot6,bot7,bot6,bot7,27,False
bot6,bot7,bot7,bot7,32,False
bot6,bot7,bot6,bot6,28,False
bot6,bot7,bot7,bot6,98,False
bot6,bot7,bot6,bot6,24,False
bot6,bot7,bot7,bot7,44,False
bot6,bot7,bot6,bot6,24,False
bot6,bot7,bot7,bot7,32,False
bot6,bot7,bot6,bot6,24,False
bot6,bot7,bot7,bot7,44,False
bot6,bot7,bot6,bot6,24,False
bot6,bot7,bot7,bot7,36,False
bot6,bot7,bot6,bot6,48,False
bot6,bot7,bot7,bot7,44,False
bot6,bot7,bot6,bot6,28,False
bot6,bot7,bot7,bot7,44,False
bot6,bot7,bot6,bot6,28,False
bot6,bot7,bot7,bot7,44,False
bot6,bot7,bot6,bot6,28,False
bot6,bot7,bot7,bot7,44,False
bot6,bot7,bot6,bot6,24,False
bot6,bot7,bot7,bot7,44,False
bot6,bot7,bot6,bot6,32,False
bot6,bot7,bot7,bot7,44,False
bot6,bot7,bot6,bot6,24,False
bot6,bot7,bot7,bot7,44,False
bot6,bot7,bot6,bot6,24,False
bot6,bot7,bot7,bot7,44,False
bot6,bot7,bot6,bot6,24,False
bot6,bot7,bot7,bot7,44,False
bot6,bot7,bot6,bot7,27,False
bot6,bot7,bot7,bot7,44,False
bot6,bot7,bot6,bot6,24,False
bot6,bot7,bot7,bot7,52,False
bot6,bot7,bot6,bot6,24,False
bot6,bot7,bot7,bot7,36,False
bot6,bot7,bot6,bot6,24,False
bot6,bot7,bot7,bot7,44,False
bot6,bot7,bot6,bot6,24,False
bot6,bot7,bot7,bot7,44,False
bot6,bot7,bot6,bot6,24,False
bot6,bot7,bot7,bot7,44,False
bot6,bot7,bot6,bot6,24,False
bot6,bot7,bot7,bot7,44,False
bot6,bot7,bot6,bot6,24,False
bot6,bot7,bot7,bot7,44,False
bot6,bot7,bot6,bot6,24,False
bot6,bot7,bot7,bot6,135,False
bot6,bot7,bot6,bot6,24,False
bot6,bot7,bot7,bot7,44,False
bot6,bot7,bot6,bot6,24,False
bot6,bot7,bot7,bot7,44,False
bot6,bot7,bot6,bot6,24,False
bot6,bot7,bot7,bot7,44,False
bot6,bot7,bot6,bot6,24,False
bot6,bot7,bot7,bot7,44,False
bot6,bot7,bot6,bot6,24,False
bot6,bot7,bot7,bot7,40,False
bot6,bot7,bot6,bot6,24,False
bot6,bot7,bot7,bot7,44,False
bot6,bot7,bot6,bot6,24,False
bot6,bot7,bot7,bot7,44,False
bot6,bot7,bot6,bot6,24,False
bot6,bot7,bot7,bot7,44,False
bot6,bot7,bot6,bot6,24,False
bot6,bot7,bot7,bot7,44,False
bot6,bot7,bot6,bot6,28,False
bot6,bot7,bot7,bot7,44,False
bot6,bot7,bot6,bot6,32,False
bot6,bot7,bot7,bot7,28,False
bot6,bot7,bot6,bot6,32,False
bot6,bot7,bot7,bot7,44,False
bot6,bot7,bot6,bot6,24,False
bot6,bot7,bot7,bot7,24,False
bot6,bot7,bot6,bot6,24,False
bot6,bot7,bot7,bot7,28,False
bot6,bot7,bot6,bot6,24,False
bot6,bot7,bot7,bot7,44,False
bot6,bot7,bot6,bot6,24,False
bot6,bot7,bot7,bot7,44,False
bot6,bot7,bot6,bot6,32,False
bot6,bot7,bot7,bot7,92,False
bot6,bot7,bot6,bot6,24,False
bot6,bot7,bot7,bot7,32,False
bot6,bot7,bot6,bot6,24,False
bot6,bot7,bot7,None,200,True
bot6,bot7,bot6,bot6,24,False
bot6,bot7,bot7,bot7,44,False
bot6,bot7,bot6,bot6,24,False
bot6,bot7,bot7,bot7,28,False
bot6,bot7,bot6,bot6,24,False
bot6,bot7,bot7,bot7,44,False
bot6,bot7,bot6,bot6,24,False
bot6,bot7,bot7,bot7,44,False
bot6,bot7,bot6,bot6,48,False
bot6,bot7,bot7,bot7,32,False
bot6,bot7,bot6,bot6,24,False
bot6,bot7,bot7,None,200,True
bot6,bot7,bot6,bot6,24,False
bot6,bot7,bot7,bot7,44,False
bot6,bot7,bot6,bot6,24,False
bot6,bot7,bot7,bot7,44,False
bot6,bot7,bot6,bot6,24,False
bot6,bot7,bot7,bot7,44,False
bot6,bot7,bot6,bot6,24,False
bot6,bot7,bot7,None,200,True
bot6,bot7,bot6,bot6,24,False
bot6,bot7,bot7,bot7,24,False
bot6,bot7,bot6,bot6,32,False
bot6,bot7,bot7,bot7,44,False
bot6,bot7,bot6,bot6,28,False
bot6,bot7,bot7,bot6,27,False
bot6,bot7,bot6,bot6,24,False
bot6,bot7,bot7,bot7,44,False
bot6,bot7,bot6,bot6,30,False
bot6,bot7,bot7,bot7,44,False
bot6,bot7,bot6,bot6,24,False
bot6,bot7,bot7,bot7,44,False
bot6,bot7,bot6,bot6,32,False
bot6,bot7,bot7,bot7,52,False
bot6,bot7,bot6,bot7,27,False
bot6,bot7,bot7,bot7,40,False
bot6,bot7,bot6,bot6,24,False
bot6,bot7,bot7,bot7,44,False
bot6,bot7,bot6,bot6,24,False
bot6,bot7,bot7,bot7,44,False
bot6,bot7,bot6,bot6,48,False
bot6,bot7,bot7,None,200,True
bot6,bot7,bot6,bot6,24,False
bot6,bot7,bot7,bot7,44,False
bot6,bot7,bot6,bot6,24,False
bot6,bot7,bot7,bot7,44,False
bot6,bot7,bot6,bot6,24,False
bot6,bot7,bot7,bot7,44,False
bot6,bot7,bot6,bot6,24,False
bot6,bot7,bot7,bot7,44,False
bot6,bot7,bot6,bot7,27,False
bot6,bot7,bot7,bot7,44,False
bot6,bot7,bot6,bot6,24,False
bot6,bot7,bot7,bot7,44,False
bot6,bot7,bot6,bot6,24,False
bot6,bot7,bot7,bot7,44,False
bot6,bot7,bot6,bot6,24,False
bot6,bot7,bot7,bot7,44,False
bot6,bot7,bot6,bot6,60,False
bot6,bot7,bot7,bot7,44,False
bot6,bot7,bot6,bot6,28,False
bot6,bot7,bot7,bot7,44,False
bot6,bot7,bot6,bot6,24,False
bot6,bot7,bot7,bot7,24,False
bot6,bot7,bot6,bot6,24,False
bot6,bot7,bot7,bot7,36,False
bot6,bot7,bot6,bot6,24,False
bot6,bot7,bot7,bot7,44,False
bot6,bot7,bot6,bot6,24,False
bot6,bot7,bot7,bot7,52,False
bot6,bot7,bot6,bot7,27,False
bot6,bot7,bot7,bot7,44,False
bot6,bot7,bot6,bot6,24,False
bot6,bot7,bot7,bot6,27,False
bot6,bot7,bot6,bot7,27,False
bot6,bot7,bot7,bot7,44,False
bot6,bot7,bot6,bot6,24,False
bot6,bot7,bot7,bot7,44,False
bot6,bot7,bot6,bot6,24,False
bot6,bot7,bot7,bot7,28,False
bot6,bot7,bot6,bot6,32,False
bot6,bot7,bot7,bot7,24,False
bot6,bot7,bot6,bot6,24,False
bot6,bot7,bot7,bot7,52,False
bot6,bot7,bot6,bot6,24,False
bot6,bot7,bot7,bot7,28,False
bot6,bot8,bot6,bot6,32,False
bot6,bot8,bot8,bot6,27,False
bot6,bot8,bot6,bot6,60,False
bot6,bot8,bot8,bot8,44,False
bot6,bot8,bot6,bot8,42,False
bot6,bot8,bot8,bot8,48,False
bot6,bot8,bot6,bot8,42,False
bot6,bot8,bot8,bot8,40,False
bot6,bot8,bot6,bot8,42,False
bot6,bot8,bot8,bot8,32,False
bot6,bot8,bot6,bot6,32,False
bot6,bot8,bot8,bot8,44,False
bot6,bot8,bot6,bot8,42,False
bot6,bot8,bot8,bot8,48,False
bot6,bot8,bot6,bot6,60,False
bot6,bot8,bot8,bot8,44,False
bot6,bot8,bot6,bot8,42,False
bot6,bot8,bot8,bot8,44,False
bot6,bot8,bot6,bot6,60,False
bot6,bot8,bot8,bot8,44,False
bot6,bot8,bot6,bot8,42,False
bot6,bot8,bot8,bot8,44,False
bot6,bot8,bot6,bot8,42,False
bot6,bot8,bot8,bot8,44,False
bot6,bot8,bot6,bot8,42,False
bot6,bot8,bot8,bot8,28,False
bot6,bot8,bot6,bot8,42,False
bot6,bot8,bot8,bot8,44,False
bot6,bot8,bot6,bot8,42,False
bot6,bot8,bot8,bot8,44,False
bot6,bot8,bot6,bot6,60,False
bot6,bot8,bot8,bot8,44,False
bot6,bot8,bot6,bot6,64,False
bot6,bot8,bot8,bot8,28,False
bot6,bot8,bot6,bot8,42,False
bot6,bot8,bot8,bot8,44,False
bot6,bot8,bot6,bot8,42,False
bot6,bot8,bot8,bot8,44,False
bot6,bot8,bot6,bot8,42,False
bot6,bot8,bot8,bot6,27,False
bot6,bot8,bot6,bot8,42,False
bot6,bot8,bot8,bot8,32,False
bot6,bot8,bot6,bot8,42,False
bot6,bot8,bot8,bot6,27,False
bot6,bot8,bot6,bot8,42,False
bot6,bot8,bot8,bot8,44,False
bot6,bot8,bot6,bot8,42,False
bot6,bot8,bot8,bot8,44,False
bot6,bot8,bot6,bot8,42,False
bot6,bot8,bot8,bot8,44,False
bot6,bot8,bot6,bot6,60,False
bot6,bot8,bot8,bot6,27,False
bot6,bot8,bot6,bot8,42,False
bot6,bot8,bot8,bot8,44,False
bot6,bot8,bot6,bot8,42,False
bot6,bot8,bot8,bot8,44,False
bot6,bot8,bot6,bot8,42,False
bot6,bot8,bot8,bot8,44,False
bot6,bot8,bot6,bot8,42,False
bot6,bot8,bot8,bot8,44,False
bot6,bot8,bot6,bot8,42,False
bot6,bot8,bot8,bot8,44,False
bot6,bot8,bot6,bot8,42,False
bot6,bot8,bot8,bot8,44,False
bot6,bot8,bot6,bot6,32,False
bot6,bot8,bot8,bot8,44,False
bot6,bot8,bot6,bot6,81,False
bot6,bot8,bot8,bot6,38,False
bot6,bot8,bot6,bot6,64,False
bot6,bot8,bot8,bot8,44,False
bot6,bot8,bot6,bot6,64,False
bot6,bot8,bot8,bot8,44,False
bot6,bot8,bot6,bot6,32,False
bot6,bot8,bot8,bot8,44,False
bot6,bot8,bot6,bot8,42,False
bot6,bot8,bot8,bot8,44,False
bot6,bot8,bot6,bot6,32,False
bot6,bot8,bot8,bot8,44,False
bot6,bot8,bot6,bot6,32,False
bot6,bot8,bot8,bot6,27,False
bot6,bot8,bot6,bot8,42,False
bot6,bot8,bot8,bot8,44,False
bot6,bot8,bot6,bot8,42,False
bot6,bot8,bot8,bot8,44,False
bot6,bot8,bot6,bot8,42,False
bot6,bot8,bot8,bot8,44,False
bot6,bot8,bot6,bot8,42,False
bot6,bot8,bot8,bot8,44,False
bot6,bot8,bot6,bot8,42,False
bot6,bot8,bot8,bot8,44,False
bot6,bot8,bot6,bot8,42,False
bot6,bot8,bot8,bot6,27,False
bot6,bot8,bot6,bot8,42,False
bot6,bot8,bot8,bot8,44,False
bot6,bot8,bot6,bot8,42,False
bot6,bot8,bot8,bot8,44,False
bot6,bot8,bot6,bot8,42,False
bot6,bot8,bot8,bot8,44,False
bot6,bot8,bot6,bot8,42,False
bot6,bot8,bot8,bot8,56,False
bot6,bot8,bot6,bot8,42,False
bot6,bot8,bot8,bot8,44,False
bot6,bot8,bot6,bot8,42,False
bot6,bot8,bot8,bot8,44,False
bot6,bot8,bot6,bot8,42,False
bot6,bot8,bot8,bot8,44,False
bot6,bot8,bot6,bot6,60,False
bot6,bot8,bot8,bot8,44,False
bot6,bot8,bot6,bot6,64,False
bot6,bot8,bot8,bot8,44,False
bot6,bot8,bot6,bot8,42,False
bot6,bot8,bot8,bot8,32,False
bot6,bot8,bot6,bot6,32,False
bot6,bot8,bot8,bot8,24,False
bot6,bot8,bot6,bot8,42,False
bot6,bot8,bot8,bot8,48,False
bot6,bot8,bot6,bot8,42,False
bot6,bot8,bot8,bot8,44,False
bot6,bot8,bot6,bot8,42,False
bot6,bot8,bot8,bot8,44,False
bot6,bot8,bot6,bot8,42,False
bot6,bot8,bot8,bot8,44,False
bot6,bot8,bot6,bot8,42,False
bot6,bot8,bot8,bot8,48,False
bot6,bot8,bot6,bot6,32,False
bot6,bot8,bot8,bot8,44,False
bot6,bot8,bot6,bot8,42,False
bot6,bot8,bot8,bot8,44,False
bot6,bot8,bot6,bot6,32,False
bot6,bot8,bot8,bot8,44,False
bot6,bot8,bot6,bot8,42,False
bot6,bot8,bot8,bot8,44,False
bot6,bot8,bot6,bot8,42,False
bot6,bot8,bot8,bot8,44,False
bot6,bot8,bot6,bot6,32,False
bot6,bot8,bot8,bot8,44,False
bot6,bot8,bot6,bot8,42,False
bot6,bot8,bot8,bot8,44,False
bot6,bot8,bot6,bot8,42,False
bot6,bot8,bot8,bot8,44,False
bot6,bot8,bot6,bot6,32,False
bot6,bot8,bot8,bot8,32,False
bot6,bot8,bot6,bot8,187,False
bot6,bot8,bot8,bot8,44,False
bot6,bot8,bot6,bot6,32,False
bot6,bot8,bot8,bot8,44,False
bot6,bot8,bot6,bot6,32,False
bot6,bot8,bot8,bot8,44,False
bot6,bot8,bot6,bot8,42,False
bot6,bot8,bot8,bot8,44,False
bot6,bot8,bot6,bot8,42,False
bot6,bot8,bot8,bot8,32,False
bot6,bot8,bot6,bot8,42,False
bot6,bot8,bot8,bot8,44,False
bot6,bot8,bot6,bot8,42,False
bot6,bot8,bot8,bot8,24,False
bot6,bot8,bot6,bot8,42,False
bot6,bot8,bot8,bot8,44,False
bot6,bot8,bot6,bot8,42,False
bot6,bot8,bot8,bot8,32,False
bot6,bot8,bot6,bot8,42,False
bot6,bot8,bot8,bot8,24,False
bot6,bot8,bot6,bot8,166,False
bot6,bot8,bot8,bot8,44,False
bot6,bot8,bot6,bot8,42,False
bot6,bot8,bot8,bot8,24,False
bot6,bot8,bot6,bot8,42,False
bot6,bot8,bot8,bot8,32,False
bot6,bot8,bot6,bot6,32,False
bot6,bot8,bot8,bot8,44,False
bot6,bot8,bot6,bot8,42,False
bot6,bot8,bot8,bot8,44,False
bot6,bot8,bot6,bot8,42,False
bot6,bot8,bot8,bot6,79,False
bot6,bot8,bot6,bot8,42,False
bot6,bot8,bot8,bot8,44,False
bot6,bot8,bot6,bot8,42,False
bot6,bot8,bot8,bot8,44,False
bot6,bot8,bot6,bot8,42,False
bot6,bot8,bot8,bot8,32,False
bot6,bot8,bot6,bot8,99,False
bot6,bot8,bot8,bot8,48,False
bot6,bot8,bot6,bot8,42,False
bot6,bot8,bot8,bot8,28,False
bot6,bot8,bot6,bot8,42,False
bot6,bot8,bot8,bot8,44,False
bot6,bot8,bot6,bot8,42,False
bot6,bot8,bot8,bot8,44,False
bot6,bot8,bot6,bot8,42,False
bot6,bot8,bot8,bot8,44,False
bot6,bot8,bot6,bot8,42,False
bot6,bot8,bot8,bot8,44,False
bot6,bot8,bot6,bot8,42,False
bot6,bot8,bot8,bot8,44,False
bot6,bot8,bot6,bot8,163,False
bot6,bot8,bot8,bot8,44,False
bot6,bot8,bot6,bot6,32,False
bot6,bot8,bot8,bot8,44,False
bot6,bot8,bot6,bot8,42,False
bot6,bot8,bot8,bot8,48,False
bot6,bot8,bot6,bot8,42,False
bot6,bot8,bot8,bot8,44,False
bot6,bot8,bot6,bot6,60,False
bot6,bot8,bot8,bot8,44,False
bot6,bot8,bot6,bot8,42,False
bot6,bot8,bot8,bot6,27,False
bot6,bot8,bot6,bot8,42,False
bot6,bot8,bot8,bot6,27,False
bot6,bot8,bot6,bot8,42,False
bot6,bot8,bot8,bot8,68,False
bot6,bot8,bot6,bot8,42,False
bot6,bot8,bot8,bot8,44,False
bot6,bot8,bot6,bot8,54,False
bot6,bot8,bot8,bot8,44,False
bot6,bot8,bot6,bot6,32,False
bot6,bot8,bot8,bot8,44,False
bot6,bot8,bot6,bot8,42,False
bot6,bot8,bot8,bot8,40,False
bot6,bot8,bot6,bot8,42,False
bot6,bot8,bot8,bot8,28,False
bot6,bot8,bot6,bot8,42,False
bot6,bot8,bot8,bot8,32,False
bot6,bot8,bot6,bot6,89,False
bot6,bot8,bot8,bot8,44,False
bot6,bot8,bot6,bot8,42,False
bot6,bot8,bot8,bot8,40,False
bot6,bot8,bot6,bot8,42,False
bot6,bot8,bot8,bot8,44,False
bot6,bot8,bot6,bot8,42,False
bot6,bot8,bot8,bot8,44,False
bot6,bot8,bot6,bot8,42,False
bot6,bot8,bot8,bot8,48,False
bot6,bot8,bot6,bot8,42,False
bot6,bot8,bot8,bot8,24,False
bot6,bot8,bot6,bot8,42,False
bot6,bot8,bot8,bot8,44,False
bot6,bot8,bot6,bot8,42,False
bot6,bot8,bot8,bot8,44,False
bot6,bot8,bot6,bot8,42,False
bot6,bot8,bot8,bot8,44,False
bot6,bot8,bot6,bot8,42,False
bot6,bot8,bot8,bot8,50,False
bot6,bot8,bot6,bot8,42,False
bot6,bot8,bot8,bot8,48,False
bot6,bot8,bot6,bot8,38,False
bot6,bot8,bot8,bot6,27,False
bot6,bot8,bot6,bot8,42,False
bot6,bot8,bot8,bot8,44,False
bot6,bot8,bot6,bot6,32,False
bot6,bot8,bot8,bot8,44,False
bot6,bot8,bot6,bot6,89,False
bot6,bot8,bot8,bot8,44,False
bot6,bot8,bot6,bot6,32,False
bot6,bot8,bot8,bot8,44,False
bot6,bot8,bot6,bot6,68,False
bot6,bot8,bot8,bot8,44,False
bot6,bot8,bot6,bot6,32,False
bot6,bot8,bot8,bot8,44,False
bot6,bot8,bot6,bot8,42,False
bot6,bot8,bot8,bot8,28,False
bot6,bot8,bot6,bot8,42,False
bot6,bot8,bot8,bot8,44,False
bot6,bot8,bot6,bot8,42,False
bot6,bot8,bot8,bot8,44,False
bot6,bot8,bot6,bot8,42,False
bot6,bot8,bot8,bot8,44,False
bot6,bot8,bot6,bot8,42,False
bot6,bot8,bot8,bot8,44,False
bot6,bot8,bot6,bot8,42,False
bot6,bot8,bot8,bot8,44,False
bot6,bot8,bot6,bot8,42,False
bot6,bot8,bot8,bot8,44,False
bot6,bot8,bot6,bot8,42,False
bot6,bot8,bot8,bot8,44,False
bot6,bot8,bot6,bot8,42,False
bot6,bot8,bot8,bot8,44,False
bot6,bot8,bot6,bot8,42,False
bot6,bot8,bot8,bot8,44,False
bot6,bot8,bot6,bot8,42,False
bot6,bot8,bot8,bot8,32,False
bot6,bot8,bot6,bot8,42,False
bot6,bot8,bot8,bot8,44,False
bot6,bot8,bot6,bot8,42,False
bot6,bot8,bot8,bot8,24,False
bot6,bot8,bot6,bot8,42,False
bot6,bot8,bot8,bot8,44,False
bot6,bot8,bot6,bot6,32,False
bot6,bot8,bot8,bot8,40,False
bot6,bot8,bot6,None,200,True
bot6,bot8,bot8,bot8,44,False
bot6,bot8,bot6,bot8,42,False
bot6,bot8,bot8,bot8,44,False
bot6,bot8,bot6,bot8,42,False
bot6,bot8,bot8,bot8,44,False
bot6,bot8,bot6,bot8,42,False
bot6,bot8,bot8,bot8,44,False
bot6,bot8,bot6,bot8,42,False
bot6,bot8,bot8,bot8,28,False
bot6,bot8,bot6,bot8,42,False
bot6,bot8,bot8,bot8,44,False
bot7,bot8,bot7,None,200,True
bot7,bot8,bot8,bot8,32,False
bot7,bot8,bot7,None,200,True
bot7,bot8,bot8,bot8,32,False
bot7,bot8,bot7,None,200,True
bot7,bot8,bot8,bot8,32,False
bot7,bot8,bot7,None,200,True
bot7,bot8,bot8,bot8,24,False
bot7,bot8,bot7,None,200,True
bot7,bot8,bot8,bot8,32,False
bot7,bot8,bot7,bot7,32,False
bot7,bot8,bot8,bot8,32,False
bot7,bot8,bot7,None,200,True
bot7,bot8,bot8,bot8,32,False
bot7,bot8,bot7,None,200,True
bot7,bot8,bot8,bot8,32,False
bot7,bot8,bot7,None,200,True
bot7,bot8,bot8,bot8,69,False
bot7,bot8,bot7,None,200,True
bot7,bot8,bot8,bot8,24,False
bot7,bot8,bot7,bot7,28,False
bot7,bot8,bot8,bot8,32,False
bot7,bot8,bot7,bot7,69,False
bot7,bot8,bot8,bot8,32,False
bot7,bot8,bot7,bot7,93,False
bot7,bot8,bot8,bot8,32,False
bot7,bot8,bot7,bot8,114,False
bot7,bot8,bot8,bot8,32,False
bot7,bot8,bot7,None,200,True
bot7,bot8,bot8,bot8,32,False
bot7,bot8,bot7,None,200,True
bot7,bot8,bot8,bot8,32,False
bot7,bot8,bot7,None,200,True
bot7,bot8,bot8,bot8,32,False
bot7,bot8,bot7,None,200,True
bot7,bot8,bot8,bot8,28,False
bot7,bot8,bot7,bot8,67,False
bot7,bot8,bot8,bot8,32,False
bot7,bot8,bot7,None,200,True
bot7,bot8,bot8,bot8,32,False
bot7,bot8,bot7,bot7,28,False
bot7,bot8,bot8,bot8,32,False
bot7,bot8,bot7,None,200,True
bot7,bot8,bot8,bot8,32,False
bot7,bot8,bot7,None,200,True
bot7,bot8,bot8,bot8,32,False
bot7,bot8,bot7,None,200,True
bot7,bot8,bot8,bot7,27,False
bot7,bot8,bot7,bot8,122,False
bot7,bot8,bot8,bot8,28,False
bot7,bot8,bot7,bot7,64,False
bot7,bot8,bot8,bot8,32,False
bot7,bot8,bot7,None,200,True
bot7,bot8,bot8,bot8,32,False
bot7,bot8,bot7,None,200,True
bot7,bot8,bot8,bot8,32,False
bot7,bot8,bot7,None,200,True
bot7,bot8,bot8,bot8,32,False
bot7,bot8,bot7,bot7,28,False
bot7,bot8,bot8,bot8,32,False
bot7,bot8,bot7,None,200,True
bot7,bot8,bot8,bot8,32,False
bot7,bot8,bot7,bot7,69,False
bot7,bot8,bot8,bot8,32,False
bot7,bot8,bot7,None,200,True
bot7,bot8,bot8,bot8,32,False
bot7,bot8,bot7,None,200,True
bot7,bot8,bot8,bot8,32,False
bot7,bot8,bot7,None,200,True
bot7,bot8,bot8,bot8,32,False
bot7,bot8,bot7,None,200,True
bot7,bot8,bot8,bot8,32,False
bot7,bot8,bot7,None,200,True
bot7,bot8,bot8,bot8,32,False
bot7,bot8,bot7,None,200,True
bot7,bot8,bot8,bot8,32,False
bot7,bot8,bot7,None,200,True
bot7,bot8,bot8,bot8,32,False
bot7,bot8,bot7,bot8,83,False
bot7,bot8,bot8,bot8,32,False
bot7,bot8,bot7,None,200,True
bot7,bot8,bot8,bot8,32,False
bot7,bot8,bot7,bot8,114,False
bot7,bot8,bot8,bot7,27,False
bot7,bot8,bot7,bot7,69,False
bot7,bot8,bot8,bot8,32,False
bot7,bot8,bot7,None,200,True
bot7,bot8,bot8,bot8,32,False
bot7,bot8,bot7,bot7,28,False
bot7,bot8,bot8,bot8,32,False
bot7,bot8,bot7,bot8,83,False
bot7,bot8,bot8,bot8,32,False
bot7,bot8,bot7,None,200,True
bot7,bot8,bot8,bot8,28,False
bot7,bot8,bot7,bot8,83,False
bot7,bot8,bot8,bot8,32,False
bot7,bot8,bot7,None,200,True
bot7,bot8,bot8,bot8,32,False
bot7,bot8,bot7,bot7,117,False
bot7,bot8,bot8,bot8,69,False
bot7,bot8,bot7,None,200,True
bot7,bot8,bot8,bot8,32,False
bot7,bot8,bot7,bot7,89,False
bot7,bot8,bot8,bot8,36,False
bot7,bot8,bot7,None,200,True
bot7,bot8,bot8,bot8,32,False
bot7,bot8,bot7,bot7,32,False
bot7,bot8,bot8,bot8,36,False
bot7,bot8,bot7,None,200,True
bot7,bot8,bot8,bot8,32,False
bot7,bot8,bot7,None,200,True
bot7,bot8,bot8,bot8,32,False
bot7,bot8,bot7,None,200,True
bot7,bot8,bot8,bot8,32,False
bot7,bot8,bot7,bot7,32,False
bot7,bot8,bot8,bot8,32,False
bot7,bot8,bot7,None,200,True
bot7,bot8,bot8,bot8,32,False
bot7,bot8,bot7,None,200,True
bot7,bot8,bot8,bot8,32,False
bot7,bot8,bot7,None,200,True
bot7,bot8,bot8,bot8,32,False
bot7,bot8,bot7,bot7,89,False
bot7,bot8,bot8,bot8,32,False
bot7,bot8,bot7,bot7,32,False
bot7,bot8,bot8,bot8,44,False
bot7,bot8,bot7,None,200,True
bot7,bot8,bot8,bot8,32,False
bot7,bot8,bot7,None,200,True
bot7,bot8,bot8,bot8,32,False
bot7,bot8,bot7,None,200,True
bot7,bot8,bot8,bot8,28,False
bot7,bot8,bot7,None,200,True
bot7,bot8,bot8,bot7,27,False
bot7,bot8,bot7,bot7,124,False
bot7,bot8,bot8,bot8,32,False
bot7,bot8,bot7,bot8,80,False
bot7,bot8,bot8,bot8,32,False
bot7,bot8,bot7,bot7,108,False
bot7,bot8,bot8,bot8,32,False
bot7,bot8,bot7,bot8,83,False
bot7,bot8,bot8,bot8,32,False
bot7,bot8,bot7,None,200,True
bot7,bot8,bot8,bot8,24,False
bot7,bot8,bot7,None,200,True
bot7,bot8,bot8,bot8,32,False
bot7,bot8,bot7,None,200,True
bot7,bot8,bot8,bot8,48,False
bot7,bot8,bot7,None,200,True
bot7,bot8,bot8,bot8,32,False
bot7,bot8,bot7,bot7,28,False
bot7,bot8,bot8,bot8,28,False
bot7,bot8,bot7,None,200,True
bot7,bot8,bot8,bot8,32,False
bot7,bot8,bot7,None,200,True
bot7,bot8,bot8,bot8,32,False
bot7,bot8,bot7,None,200,True
bot7,bot8,bot8,bot8,32,False
bot7,bot8,bot7,None,200,True
bot7,bot8,bot8,bot7,27,False
bot7,bot8,bot7,bot7,169,False
bot7,bot8,bot8,bot8,32,False
bot7,bot8,bot7,None,200,True
bot7,bot8,bot8,bot8,32,False
bot7,bot8,bot7,None,200,True
bot7,bot8,bot8,bot8,44,False
bot7,bot8,bot7,bot7,32,False
bot7,bot8,bot8,bot8,32,False
bot7,bot8,bot7,None,200,True
bot7,bot8,bot8,bot8,32,False
bot7,bot8,bot7,None,200,True
bot7,bot8,bot8,bot7,27,False
bot7,bot8,bot7,None,200,True
bot7,bot8,bot8,bot8,24,False
bot7,bot8,bot7,bot8,82,False
bot7,bot8,bot8,bot8,32,False
bot7,bot8,bot7,bot7,64,False
bot7,bot8,bot8,bot8,32,False
bot7,bot8,bot7,None,200,True
bot7,bot8,bot8,bot8,32,False
bot7,bot8,bot7,bot7,32,False
bot7,bot8,bot8,bot8,36,False
bot7,bot8,bot7,None,200,True
bot7,bot8,bot8,bot8,32,False
bot7,bot8,bot7,bot7,28,False
bot7,bot8,bot8,bot8,32,False
bot7,bot8,bot7,None,200,True
bot7,bot8,bot8,bot8,48,False
bot7,bot8,bot7,bot8,40,False
bot7,bot8,bot8,bot8,32,False
bot7,bot8,bot7,None,200,True
bot7,bot8,bot8,bot8,24,False
bot7,bot8,bot7,bot7,28,False
bot7,bot8,bot8,bot8,32,False
bot7,bot8,bot7,None,200,True
bot7,bot8,bot8,bot8,32,False
bot7,bot8,bot7,None,200,True
bot7,bot8,bot8,bot8,32,False
bot7,bot8,bot7,bot8,91,False
bot7,bot8,bot8,bot8,32,False
bot7,bot8,bot7,None,200,True
bot7,bot8,bot8,bot8,32,False
bot7,bot8,bot7,None,200,True
bot7,bot8,bot8,bot8,32,False
bot7,bot8,bot7,bot7,32,False
bot7,bot8,bot8,bot8,32,False
bot7,bot8,bot7,None,200,True
bot7,bot8,bot8,None,200,True
bot7,bot8,bot7,bot7,28,False
bot7,bot8,bot8,bot8,32,False
bot7,bot8,bot7,None,200,True
bot7,bot8,bot8,bot8,32,False
bot7,bot8,bot7,bot7,32,False
bot7,bot8,bot8,bot8,28,False
bot7,bot8,bot7,None,200,True
bot7,bot8,bot8,bot8,32,False
bot7,bot8,bot7,None,200,True
bot7,bot8,bot8,bot8,32,False
bot7,bot8,bot7,None,200,True
bot7,bot8,bot8,bot8,32,False
bot7,bot8,bot7,bot8,114,False
bot7,bot8,bot8,bot8,32,False
bot7,bot8,bot7,None,200,True
bot7,bot8,bot8,bot8,32,False
bot7,bot8,bot7,bot8,46,False
bot7,bot8,bot8,bot8,32,False
bot7,bot8,bot7,None,200,True
bot7,bot8,bot8,bot8,32,False
bot7,bot8,bot7,bot7,28,False
bot7,bot8,bot8,bot8,32,False
bot7,bot8,bot7,None,200,True
bot7,bot8,bot8,bot8,32,False
bot7,bot8,bot7,None,200,True
bot7,bot8,bot8,bot7,27,False
bot7,bot8,bot7,None,200,True
bot7,bot8,bot8,bot8,32,False
bot7,bot8,bot7,None,200,True
bot7,bot8,bot8,bot8,36,False
bot7,bot8,bot7,None,200,True
bot7,bot8,bot8,bot8,32,False
bot7,bot8,bot7,None,200,True
bot7,bot8,bot8,bot8,36,False
bot7,bot8,bot7,bot7,124,False
bot7,bot8,bot8,bot8,32,False
bot7,bot8,bot7,None,200,True
bot7,bot8,bot8,bot8,32,False
bot7,bot8,bot7,bot7,32,False
bot7,bot8,bot8,bot8,32,False
bot7,bot8,bot7,None,200,True
bot7,bot8,bot8,bot8,32,False
bot7,bot8,bot7,bot7,32,False
bot7,bot8,bot8,bot8,32,False
bot7,bot8,bot7,None,200,True
bot7,bot8,bot8,bot8,24,False
bot7,bot8,bot7,None,200,True
bot7,bot8,bot8,bot8,32,False
bot7,bot8,bot7,None,200,True
bot7,bot8,bot8,bot8,32,False
bot7,bot8,bot7,None,200,True
bot7,bot8,bot8,bot8,32,False
bot7,bot8,bot7,None,200,True
bot7,bot8,bot8,bot8,32,False
bot7,bot8,bot7,bot7,32,False
bot7,bot8,bot8,bot8,32,False
bot7,bot8,bot7,None,200,True
bot7,bot8,bot8,bot7,27,False
bot7,bot8,bot7,None,200,True
bot7,bot8,bot8,bot8,32,False
bot7,bot8,bot7,None,200,True
bot7,bot8,bot8,bot8,32,False
bot7,bot8,bot7,None,200,True
bot7,bot8,bot8,bot8,32,False
bot7,bot8,bot7,None,200,True
bot7,bot8,bot8,bot8,32,False
bot7,bot8,bot7,None,200,True
bot7,bot8,bot8,bot8,32,False
bot7,bot8,bot7,bot8,114,False
bot7,bot8,bot8,bot8,32,False
bot7,bot8,bot7,None,200,True
bot7,bot8,bot8,bot8,44,False
bot7,bot8,bot7,None,200,True
bot7,bot8,bot8,bot8,36,False
bot7,bot8,bot7,None,200,True
bot7,bot8,bot8,bot8,32,False
bot7,bot8,bot7,bot7,32,False
bot7,bot8,bot8,bot8,24,False
bot7,bot8,bot7,None,200,True
bot7,bot8,bot8,bot8,32,False
bot7,bot8,bot7,None,200,True
bot7,bot8,bot8,bot8,32,False
bot7,bot8,bot7,None,200,True
bot7,bot8,bot8,bot8,32,False
bot7,bot8,bot7,None,200,True
bot7,bot8,bot8,bot8,32,False
bot7,bot8,bot7,None,200,True
bot7,bot8,bot8,bot8,48,False
bot7,bot8,bot7,None,200,True
bot7,bot8,bot8,bot8,28,False
bot7,bot8,bot7,None,200,True
bot7,bot8,bot8,bot8,32,False
