BotAName,BotBName,StartingBotName,Winner,Turns,ReachedTurnLimit
Hard_Default,bot5,Hard_Default,bot5,27,False
Hard_Default,bot5,bot5,bot5,28,False
Hard_Default,bot5,Hard_Default,bot5,27,False
Hard_Default,bot5,bot5,bot5,28,False
Hard_Default,bot5,Hard_Default,bot5,27,False
Hard_Default,bot5,bot5,bot5,28,False
Hard_Default,bot5,Hard_Default,bot5,27,False
Hard_Default,bot5,bot5,bot5,28,False
Hard_Default,bot5,Hard_Default,bot5,27,False
Hard_Default,bot5,bot5,bot5,28,False
Hard_Default,bot5,Hard_Default,bot5,27,False
Hard_Default,bot5,bot5,bot5,28,False
Hard_Default,bot5,Hard_Default,bot5,27,False
Hard_Default,bot5,bot5,bot5,28,False
Hard_Default,bot5,Hard_Default,bot5,27,False
Hard_Default,bot5,bot5,bot5,28,False
Hard_Default,bot5,Hard_Default,bot5,27,False
Hard_Default,bot5,bot5,bot5,28,False
Hard_Default,bot5,Hard_Default,bot5,27,False
Hard_Default,bot5,bot5,bot5,28,False
Hard_Default,bot5,Hard_Default,bot5,27,False
Hard_Default,bot5,bot5,bot5,28,False
Hard_Default,bot5,Hard_Default,bot5,27,False
Hard_Default,bot5,bot5,bot5,28,False
Hard_Default,bot5,Hard_Default,bot5,27,False
Hard_Default,bot5,bot5,bot5,28,False
Hard_Default,bot5,Hard_Default,bot5,27,False
Hard_Default,bot5,bot5,bot5,28,False
Hard_Default,bot5,Hard_Default,bot5,27,False
Hard_Default,bot5,bot5,bot5,28,False
Hard_Default,bot5,Hard_Default,bot5,27,False
Hard_Default,bot5,bot5,bot5,28,False
Hard_Default,bot5,Hard_Default,bot5,27,False
Hard_Default,bot5,bot5,bot5,28,False
Hard_Default,bot5,Hard_Default,bot5,27,False
Hard_Default,bot5,bot5,bot5,28,False
Hard_Default,bot5,Hard_Default,bot5,27,False
Hard_Default,bot5,bot5,bot5,28,False
Hard_Default,bot5,Hard_Default,bot5,27,False
Hard_Default,bot5,bot5,bot5,28,False
Hard_Default,bot5,Hard_Default,bot5,27,False
Hard_Default,bot5,bot5,Hard_Default,50,False
Hard_Default,bot5,Hard_Default,bot5,27,False
Hard_Default,bot5,bot5,bot5,28,False
Hard_Default,bot5,Hard_Default,bot5,27,False
Hard_Default,bot5,bot5,bot5,28,False
Hard_Default,bot5,Hard_Default,bot5,27,False
Hard_Default,bot5,bot5,bot5,28,False
Hard_Default,bot5,Hard_Default,bot5,27,False
Hard_Default,bot5,bot5,bot5,28,False
Hard_Default,bot5,Hard_Default,bot5,27,False
Hard_Default,bot5,bot5,bot5,28,False
Hard_Default,bot5,Hard_Default,bot5,27,False
Hard_Default,bot5,bot5,bot5,28,False
Hard_Default,bot5,Hard_Default,bot5,27,False
Hard_Default,bot5,bot5,bot5,28,False
Hard_Default,bot5,Hard_Default,bot5,27,False
Hard_Default,bot5,bot5,bot5,28,False
Hard_Default,bot5,Hard_Default,bot5,27,False
Hard_Default,bot5,bot5,bot5,28,False
Hard_Default,bot5,Hard_Default,bot5,27,False
Hard_Default,bot5,bot5,bot5,28,False
Hard_Default,bot5,Hard_Default,bot5,27,False
Hard_Default,bot5,bot5,bot5,28,False
Hard_Default,bot5,Hard_Default,bot5,27,False
Hard_Default,bot5,bot5,bot5,28,False
Hard_Default,bot5,Hard_Default,bot5,27,False
Hard_Default,bot5,bot5,bot5,28,False
Hard_Default,bot5,Hard_Default,bot5,27,False
Hard_Default,bot5,bot5,bot5,28,False
Hard_Default,bot5,Hard_Default,bot5,27,False
Hard_Default,bot5,bot5,bot5,28,False
Hard_Default,bot5,Hard_Default,bot5,27,False
Hard_Default,bot5,bot5,bot5,28,False
Hard_Default,bot5,Hard_Default,bot5,27,False
Hard_Default,bot5,bot5,Hard_Default,98,False
Hard_Default,bot5,Hard_Default,bot5,27,False
Hard_Default,bot5,bot5,bot5,28,False
Hard_Default,bot5,Hard_Default,bot5,27,False
Hard_Default,bot5,bot5,bot5,28,False
Hard_Default,bot5,Hard_Default,bot5,27,False
Hard_Default,bot5,bot5,bot5,28,False
Hard_Default,bot5,Hard_Default,bot5,27,False
Hard_Default,bot5,bot5,bot5,28,False
Hard_Default,bot5,Hard_Default,bot5,27,False
Hard_Default,bot5,bot5,bot5,28,False
Hard_Default,bot5,Hard_Default,bot5,27,False
Hard_Default,bot5,bot5,bot5,28,False
Hard_Default,bot5,Hard_Default,bot5,27,False
Hard_Default,bot5,bot5,bot5,28,False
Hard_Default,bot5,Hard_Default,bot5,27,False
Hard_Default,bot5,bot5,bot5,28,False
Hard_Default,bot5,Hard_Default,bot5,27,False
Hard_Default,bot5,bot5,bot5,28,False
Hard_Default,bot5,Hard_Default,bot5,27,False
Hard_Default,bot5,bot5,bot5,28,False
Hard_Default,bot5,Hard_Default,bot5,27,False
Hard_Default,bot5,bot5,bot5,28,False
Hard_Default,bot5,Hard_Default,bot5,27,False
Hard_Default,bot5,bot5,bot5,28,False
Hard_Default,bot5,Hard_Default,bot5,27,False
Hard_Default,bot5,bot5,bot5,28,False
Hard_Default,bot5,Hard_Default,bot5,27,False
Hard_Default,bot5,bot5,bot5,28,False
Hard_Default,bot5,Hard_Default,bot5,27,False
Hard_Default,bot5,bot5,bot5,28,False
Hard_Default,bot5,Hard_Default,bot5,27,False
Hard_Default,bot5,bot5,bot5,28,False
Hard_Default,bot5,Hard_Default,bot5,27,False
Hard_Default,bot5,bot5,bot5,28,False
Hard_Default,bot5,Hard_Default,bot5,27,False
Hard_Default,bot5,bot5,bot5,28,False
Hard_Default,bot5,Hard_Default,bot5,27,False
Hard_Default,bot5,bot5,bot5,28,False
Hard_Default,bot5,Hard_Default,bot5,27,False
Hard_Default,bot5,bot5,bot5,28,False
Hard_Default,bot5,Hard_Default,bot5,27,False
Hard_Default,bot5,bot5,bot5,28,False
Hard_Default,bot5,Hard_Default,bot5,27,False
Hard_Default,bot5,bot5,bot5,28,False
Hard_Default,bot5,Hard_Default,bot5,27,False
Hard_Default,bot5,bot5,bot5,28,False
Hard_Default,bot5,Hard_Default,bot5,27,False
Hard_Default,bot5,bot5,bot5,28,False
Hard_Default,bot5,Hard_Default,bot5,27,False
Hard_Default,bot5,bot5,bot5,28,False
Hard_Default,bot5,Hard_Default,bot5,27,False
Hard_Default,bot5,bot5,bot5,28,False
Hard_Default,bot5,Hard_Default,bot5,27,False
Hard_Default,bot5,bot5,bot5,28,False
Hard_Default,bot5,Hard_Default,bot5,27,False
Hard_Default,bot5,bot5,bot5,28,False
Hard_Default,bot5,Hard_Default,bot5,27,False
Hard_Default,bot5,bot5,bot5,28,False
Hard_Default,bot5,Hard_Default,bot5,27,False
Hard_Default,bot5,bot5,bot5,28,False
Hard_Default,bot5,Hard_Default,bot5,27,False
Hard_Default,bot5,bot5,Hard_Default,71,False
Hard_Default,bot5,Hard_Default,bot5,27,False
Hard_Default,bot5,bot5,bot5,28,False
Hard_Default,bot5,Hard_Default,bot5,27,False
Hard_Default,bot5,bot5,bot5,28,False
Hard_Default,bot5,Hard_Default,bot5,27,False
Hard_Default,bot5,bot5,bot5,28,False
Hard_Default,bot5,Hard_Default,bot5,27,False
Hard_Default,bot5,bot5,bot5,28,False
Hard_Default,bot5,Hard_Default,bot5,27,False
Hard_Default,bot5,bot5,bot5,28,False
Hard_Default,bot5,Hard_Default,bot5,27,False
Hard_Default,bot5,bot5,bot5,28,False
Hard_Default,bot5,Hard_Default,bot5,27,False
Hard_Default,bot5,bot5,bot5,28,False
Hard_Default,bot5,Hard_Default,bot5,27,False
Hard_Default,bot5,bot5,bot5,28,False
Hard_Default,bot5,Hard_Default,bot5,27,False
Hard_Default,bot5,bot5,bot5,28,False
Hard_Default,bot5,Hard_Default,bot5,27,False
Hard_Default,bot5,bot5,bot5,28,False
Hard_Default,bot5,Hard_Default,bot5,27,False
Hard_Default,bot5,bot5,bot5,28,False
Hard_Default,bot5,Hard_Default,bot5,27,False
Hard_Default,bot5,bot5,bot5,28,False
Hard_Default,bot5,Hard_Default,bot5,27,False
Hard_Default,bot5,bot5,bot5,28,False
Hard_Default,bot5,Hard_Default,bot5,27,False
Hard_Default,bot5,bot5,bot5,28,False
Hard_Default,bot5,Hard_Default,bot5,27,False
Hard_Default,bot5,bot5,bot5,28,False
Hard_Default,bot5,Hard_Default,bot5,27,False
Hard_Default,bot5,bot5,bot5,28,False
Hard_Default,bot5,Hard_Default,bot5,27,False
Hard_Default,bot5,bot5,bot5,28,False
Hard_Default,bot5,Hard_Default,bot5,27,False
Hard_Default,bot5,bot5,bot5,28,False
Hard_Default,bot5,Hard_Default,bot5,27,False
Hard_Default,bot5,bot5,bot5,28,False
Hard_Default,bot5,Hard_Default,bot5,27,False
Hard_Default,bot5,bot5,bot5,28,False
Hard_Default,bot5,Hard_Default,bot5,27,False
Hard_Default,bot5,bot5,bot5,28,False
Hard_Default,bot5,Hard_Default,bot5,27,False
Hard_Default,bot5,bot5,bot5,28,False
Hard_Default,bot5,Hard_Default,bot5,27,False
Hard_Default,bot5,bot5,bot5,28,False
Hard_Default,bot5,Hard_Default,bot5,27,False
Hard_Default,bot5,bot5,bot5,28,False
Hard_Default,bot5,Hard_Default,bot5,27,False
Hard_Default,bot5,bot5,bot5,28,False
Hard_Default,bot5,Hard_Default,bot5,27,False
Hard_Default,bot5,bot5,bot5,28,False
Hard_Default,bot5,Hard_Default,bot5,27,False
Hard_Default,bot5,bot5,bot5,28,False
Hard_Default,bot5,Hard_Default,bot5,27,False
Hard_Default,bot5,bot5,bot5,28,False
Hard_Default,bot5,Hard_Default,bot5,27,False
Hard_Default,bot5,bot5,bot5,28,False
Hard_Default,bot5,Hard_Default,bot5,27,False
Hard_Default,bot5,bot5,bot5,28,False
Hard_Default,bot5,Hard_Default,bot5,27,False
Hard_Default,bot5,bot5,Hard_Default,71,False
Hard_Default,bot5,Hard_Default,bot5,27,False
Hard_Default,bot5,bot5,bot5,28,False
Hard_Default,bot5,Hard_Default,bot5,27,False
Hard_Default,bot5,bot5,bot5,28,False
Hard_Default,bot5,Hard_Default,bot5,27,False
Hard_Default,bot5,bot5,bot5,28,False
Hard_Default,bot5,Hard_Default,bot5,27,False
Hard_Default,bot5,bot5,bot5,28,False
Hard_Default,bot5,Hard_Default,bot5,27,False
Hard_Default,bot5,bot5,bot5,28,False
Hard_Default,bot5,Hard_Default,bot5,27,False
Hard_Default,bot5,bot5,bot5,28,False
Hard_Default,bot5,Hard_Default,bot5,27,False
Hard_Default,bot5,bot5,bot5,28,False
Hard_Default,bot5,Hard_Default,bot5,27,False
Hard_Default,bot5,bot5,bot5,28,False
Hard_Default,bot5,Hard_Default,bot5,27,False
Hard_Default,bot5,bot5,bot5,28,False
Hard_Default,bot5,Hard_Default,bot5,27,False
Hard_Default,bot5,bot5,bot5,28,False
Hard_Default,bot5,Hard_Default,bot5,27,False
Hard_Default,bot5,bot5,bot5,28,False
Hard_Default,bot5,Hard_Default,bot5,27,False
Hard_Default,bot5,bot5,Hard_Default,71,False
Hard_Default,bot5,Hard_Default,bot5,27,False
Hard_Default,bot5,bot5,bot5,28,False
Hard_Default,bot5,Hard_Default,bot5,27,False
Hard_Default,bot5,bot5,bot5,92,False
Hard_Default,bot5,Hard_Default,bot5,27,False
Hard_Default,bot5,bot5,bot5,105,False
Hard_Default,bot5,Hard_Default,bot5,27,False
Hard_Default,bot5,bot5,bot5,28,False
Hard_Default,bot5,Hard_Default,bot5,27,False
Hard_Default,bot5,bot5,bot5,28,False
Hard_Default,bot5,Hard_Default,bot5,27,False
Hard_Default,bot5,bot5,bot5,28,False
Hard_Default,bot5,Hard_Default,bot5,27,False
Hard_Default,bot5,bot5,bot5,28,False
Hard_Default,bot5,Hard_Default,bot5,27,False
Hard_Default,bot5,bot5,bot5,28,False
Hard_Default,bot5,Hard_Default,bot5,27,False
Hard_Default,bot5,bot5,bot5,28,False
Hard_Default,bot5,Hard_Default,bot5,27,False
Hard_Default,bot5,bot5,bot5,28,False
Hard_Default,bot5,Hard_Default,bot5,27,False
Hard_Default,bot5,bot5,bot5,28,False
Hard_Default,bot5,Hard_Default,bot5,27,False
Hard_Default,bot5,bot5,bot5,28,False
Hard_Default,bot5,Hard_Default,bot5,27,False
Hard_Default,bot5,bot5,bot5,28,False
Hard_Default,bot5,Hard_Default,bot5,27,False
Hard_Default,bot5,bot5,bot5,28,False
Hard_Default,bot5,Hard_Default,bot5,27,False
Hard_Default,bot5,bot5,Hard_Default,151,False
Hard_Default,bot5,Hard_Default,bot5,27,False
Hard_Default,bot5,bot5,bot5,28,False
Hard_Default,bot5,Hard_Default,bot5,27,False
Hard_Default,bot5,bot5,bot5,28,False
Hard_Default,bot5,Hard_Default,bot5,27,False
Hard_Default,bot5,bot5,Hard_Default,71,False
Hard_Default,bot5,Hard_Default,bot5,27,False
Hard_Default,bot5,bot5,bot5,28,False
Hard_Default,bot5,Hard_Default,bot5,27,False
Hard_Default,bot5,bot5,bot5,28,False
Hard_Default,bot5,Hard_Default,bot5,27,False
Hard_Default,bot5,bot5,bot5,28,False
Hard_Default,bot5,Hard_Default,bot5,27,False
Hard_Default,bot5,bot5,bot5,28,False
Hard_Default,bot5,Hard_Default,bot5,27,False
Hard_Default,bot5,bot5,bot5,105,False
Hard_Default,bot5,Hard_Default,bot5,27,False
Hard_Default,bot5,bot5,bot5,28,False
Hard_Default,bot5,Hard_Default,bot5,27,False
Hard_Default,bot5,bot5,bot5,28,False
Hard_Default,bot5,Hard_Default,bot5,27,False
Hard_Default,bot5,bot5,bot5,28,False
Hard_Default,bot5,Hard_Default,bot5,27,False
Hard_Default,bot5,bot5,bot5,28,False
Hard_Default,bot5,Hard_Default,bot5,27,False
Hard_Default,bot5,bot5,bot5,28,False
Hard_Default,bot5,Hard_Default,bot5,27,False
Hard_Default,bot5,bot5,bot5,28,False
Hard_Default,bot5,Hard_Default,bot5,27,False
Hard_Default,bot5,bot5,bot5,28,False
Hard_Default,bot5,Hard_Default,bot5,27,False
Hard_Default,bot5,bot5,bot5,28,False
Hard_Default,bot5,Hard_Default,bot5,27,False
Hard_Default,bot5,bot5,Hard_Default,71,False
Hard_Default,bot5,Hard_Default,bot5,27,False
Hard_Default,bot5,bot5,bot5,28,False
Hard_Default,bot5,Hard_Default,bot5,27,False
Hard_Default,bot5,bot5,bot5,28,False
Hard_Default,bot5,Hard_Default,bot5,27,False
Hard_Default,bot5,bot5,bot5,28,False
Hard_Default,bot5,Hard_Default,bot5,27,False
Hard_Default,bot5,bot5,bot5,28,False
Hard_Default,bot5,Hard_Default,bot5,27,False
Hard_Default,bot5,bot5,bot5,28,False
Hard_Default,bot5,Hard_Default,bot5,27,False
Hard_Default,bot5,bot5,bot5,28,False
Hard_Default,bot2,Hard_Default,bot2,198,False
Hard_Default,bot2,bot2,bot2,28,False
Hard_Default,bot2,Hard_Default,bot2,198,False
Hard_Default,bot2,bot2,bot2,28,False
Hard_Default,bot2,Hard_Default,None,200,True
Hard_Default,bot2,bot2,bot2,28,False
Hard_Default,bot2,Hard_Default,Hard_Default,144,False
Hard_Default,bot2,bot2,bot2,28,False
Hard_Default,bot2,Hard_Default,None,200,True
Hard_Default,bot2,bot2,bot2,28,False
Hard_Default,bot2,Hard_Default,Hard_Default,105,False
Hard_Default,bot2,bot2,bot2,28,False
Hard_Default,bot2,Hard_Default,None,200,True
Hard_Default,bot2,bot2,bot2,28,False
Hard_Default,bot2,Hard_Default,Hard_Default,109,False
Hard_Default,bot2,bot2,bot2,28,False
Hard_Default,bot2,Hard_Default,Hard_Default,109,False
Hard_Default,bot2,bot2,bot2,28,False
Hard_Default,bot2,Hard_Default,Hard_Default,148,False
Hard_Default,bot2,bot2,bot2,28,False
Hard_Default,bot2,Hard_Default,bot2,198,False
Hard_Default,bot2,bot2,bot2,28,False
Hard_Default,bot2,Hard_Default,Hard_Default,137,False
Hard_Default,bot2,bot2,bot2,28,False
Hard_Default,bot2,Hard_Default,None,200,True
Hard_Default,bot2,bot2,Hard_Default,48,False
Hard_Default,bot2,Hard_Default,bot2,198,False
Hard_Default,bot2,bot2,bot2,28,False
Hard_Default,bot2,Hard_Default,None,200,True
Hard_Default,bot2,bot2,bot2,28,False
Hard_Default,bot2,Hard_Default,bot2,198,False
Hard_Default,bot2,bot2,bot2,28,False
Hard_Default,bot2,Hard_Default,bot2,198,False
Hard_Default,bot2,bot2,bot2,28,False
Hard_Default,bot2,Hard_Default,None,200,True
Hard_Default,bot2,bot2,bot2,28,False
Hard_Default,bot2,Hard_Default,Hard_Default,153,False
Hard_Default,bot2,bot2,bot2,28,False
Hard_Default,bot2,Hard_Default,None,200,True
Hard_Default,bot2,bot2,bot2,28,False
Hard_Default,bot2,Hard_Default,None,200,True
Hard_Default,bot2,bot2,Hard_Default,48,False
Hard_Default,bot2,Hard_Default,bot2,198,False
Hard_Default,bot2,bot2,bot2,28,False
Hard_Default,bot2,Hard_Default,bot2,198,False
Hard_Default,bot2,bot2,bot2,28,False
Hard_Default,bot2,Hard_Default,None,200,True
Hard_Default,bot2,bot2,bot2,28,False
Hard_Default,bot2,Hard_Default,None,200,True
Hard_Default,bot2,bot2,bot2,28,False
Hard_Default,bot2,Hard_Default,bot2,198,False
Hard_Default,bot2,bot2,bot2,28,False
Hard_Default,bot2,Hard_Default,None,200,True
Hard_Default,bot2,bot2,bot2,28,False
Hard_Default,bot2,Hard_Default,bot2,198,False
Hard_Default,bot2,bot2,bot2,28,False
Hard_Default,bot2,Hard_Default,bot2,198,False
Hard_Default,bot2,bot2,bot2,28,False
Hard_Default,bot2,Hard_Default,bot2,198,False
Hard_Default,bot2,bot2,Hard_Default,48,False
Hard_Default,bot2,Hard_Default,bot2,198,False
Hard_Default,bot2,bot2,Hard_Default,48,False
Hard_Default,bot2,Hard_Default,bot2,198,False
Hard_Default,bot2,bot2,bot2,28,False
Hard_Default,bot2,Hard_Default,None,200,True
Hard_Default,bot2,bot2,bot2,28,False
Hard_Default,bot2,Hard_Default,bot2,198,False
Hard_Default,bot2,bot2,Hard_Default,48,False
Hard_Default,bot2,Hard_Default,None,200,True
Hard_Default,bot2,bot2,bot2,28,False
Hard_Default,bot2,Hard_Default,None,200,True
Hard_Default,bot2,bot2,bot2,28,False
Hard_Default,bot2,Hard_Default,bot2,198,False
Hard_Default,bot2,bot2,bot2,28,False
Hard_Default,bot2,Hard_Default,None,200,True
Hard_Default,bot2,bot2,bot2,28,False
Hard_Default,bot2,Hard_Default,Hard_Default,101,False
Hard_Default,bot2,bot2,bot2,28,False
Hard_Default,bot2,Hard_Default,bot2,198,False
Hard_Default,bot2,bot2,bot2,28,False
Hard_Default,bot2,Hard_Default,Hard_Default,164,False
Hard_Default,bot2,bot2,bot2,28,False
Hard_Default,bot2,Hard_Default,bot2,198,False
Hard_Default,bot2,bot2,bot2,28,False
Hard_Default,bot2,Hard_Default,Hard_Default,164,False
Hard_Default,bot2,bot2,bot2,28,False
Hard_Default,bot2,Hard_Default,Hard_Default,148,False
Hard_Default,bot2,bot2,bot2,28,False
Hard_Default,bot2,Hard_Default,None,200,True
Hard_Default,bot2,bot2,bot2,28,False
Hard_Default,bot2,Hard_Default,bot2,198,False
Hard_Default,bot2,bot2,bot2,28,False
Hard_Default,bot2,Hard_Default,None,200,True
Hard_Default,bot2,bot2,bot2,28,False
Hard_Default,bot2,Hard_Default,None,200,True
Hard_Default,bot2,bot2,bot2,28,False
Hard_Default,bot2,Hard_Default,Hard_Default,144,False
Hard_Default,bot2,bot2,bot2,28,False
Hard_Default,bot2,Hard_Default,bot2,198,False
Hard_Default,bot2,bot2,bot2,28,False
Hard_Default,bot2,Hard_Default,bot2,198,False
Hard_Default,bot2,bot2,bot2,28,False
Hard_Default,bot2,Hard_Default,bot2,198,False
Hard_Default,bot2,bot2,bot2,28,False
Hard_Default,bot2,Hard_Default,bot2,198,False
Hard_Default,bot2,bot2,bot2,28,False
Hard_Default,bot2,Hard_Default,None,200,True
Hard_Default,bot2,bot2,bot2,28,False
Hard_Default,bot2,Hard_Default,Hard_Default,65,False
Hard_Default,bot2,bot2,Hard_Default,48,False
Hard_Default,bot2,Hard_Default,bot2,198,False
Hard_Default,bot2,bot2,bot2,28,False
Hard_Default,bot2,Hard_Default,Hard_Default,144,False
Hard_Default,bot2,bot2,bot2,28,False
Hard_Default,bot2,Hard_Default,None,200,True
Hard_Default,bot2,bot2,bot2,28,False
Hard_Default,bot2,Hard_Default,bot2,198,False
Hard_Default,bot2,bot2,bot2,28,False
Hard_Default,bot2,Hard_Default,Hard_Default,105,False
Hard_Default,bot2,bot2,bot2,28,False
Hard_Default,bot2,Hard_Default,None,200,True
Hard_Default,bot2,bot2,bot2,28,False
Hard_Default,bot2,Hard_Default,bot2,198,False
Hard_Default,bot2,bot2,bot2,28,False
Hard_Default,bot2,Hard_Default,None,200,True
Hard_Default,bot2,bot2,bot2,28,False
Hard_Default,bot2,Hard_Default,bot2,198,False
Hard_Default,bot2,bot2,bot2,28,False
Hard_Default,bot2,Hard_Default,bot2,198,False
Hard_Default,bot2,bot2,bot2,28,False
Hard_Default,bot2,Hard_Default,Hard_Default,105,False
Hard_Default,bot2,bot2,bot2,28,False
Hard_Default,bot2,Hard_Default,bot2,198,False
Hard_Default,bot2,bot2,bot2,28,False
Hard_Default,bot2,Hard_Default,None,200,True
Hard_Default,bot2,bot2,bot2,28,False
Hard_Default,bot2,Hard_Default,bot2,198,False
Hard_Default,bot2,bot2,bot2,28,False
Hard_Default,bot2,Hard_Default,bot2,198,False
Hard_Default,bot2,bot2,Hard_Default,48,False
Hard_Default,bot2,Hard_Default,bot2,198,False
Hard_Default,bot2,bot2,bot2,28,False
Hard_Default,bot2,Hard_Default,bot2,198,False
Hard_Default,bot2,bot2,bot2,28,False
Hard_Default,bot2,Hard_Default,None,200,True
Hard_Default,bot2,bot2,bot2,28,False
Hard_Default,bot2,Hard_Default,Hard_Default,76,False
Hard_Default,bot2,bot2,bot2,28,False
Hard_Default,bot2,Hard_Default,bot2,198,False
Hard_Default,bot2,bot2,bot2,28,False
Hard_Default,bot2,Hard_Default,bot2,198,False
Hard_Default,bot2,bot2,Hard_Default,48,False
Hard_Default,bot2,Hard_Default,bot2,198,False
Hard_Default,bot2,bot2,bot2,28,False
Hard_Default,bot2,Hard_Default,None,200,True
Hard_Default,bot2,bot2,bot2,28,False
Hard_Default,bot2,Hard_Default,bot2,198,False
Hard_Default,bot2,bot2,bot2,28,False
Hard_Default,bot2,Hard_Default,None,200,True
Hard_Default,bot2,bot2,bot2,28,False
Hard_Default,bot2,Hard_Default,Hard_Default,164,False
Hard_Default,bot2,bot2,bot2,28,False
Hard_Default,bot2,Hard_Default,None,200,True
Hard_Default,bot2,bot2,bot2,28,False
Hard_Default,bot2,Hard_Default,None,200,True
Hard_Default,bot2,bot2,bot2,28,False
Hard_Default,bot2,Hard_Default,Hard_Default,105,False
Hard_Default,bot2,bot2,Hard_Default,48,False
Hard_Default,bot2,Hard_Default,Hard_Default,109,False
Hard_Default,bot2,bot2,bot2,28,False
Hard_Default,bot2,Hard_Default,bot2,198,False
Hard_Default,bot2,bot2,bot2,28,False
Hard_Default,bot2,Hard_Default,bot2,198,False
Hard_Default,bot2,bot2,bot2,28,False
Hard_Default,bot2,Hard_Default,None,200,True
Hard_Default,bot2,bot2,bot2,28,False
Hard_Default,bot2,Hard_Default,bot2,198,False
Hard_Default,bot2,bot2,bot2,28,False
Hard_Default,bot2,Hard_Default,None,200,True
Hard_Default,bot2,bot2,Hard_Default,48,False
Hard_Default,bot2,Hard_Default,bot2,198,False
Hard_Default,bot2,bot2,bot2,28,False
Hard_Default,bot2,Hard_Default,bot2,198,False
Hard_Default,bot2,bot2,bot2,28,False
Hard_Default,bot2,Hard_Default,None,200,True
Hard_Default,bot2,bot2,bot2,28,False
Hard_Default,bot2,Hard_Default,None,200,True
Hard_Default,bot2,bot2,bot2,28,False
Hard_Default,bot2,Hard_Default,None,200,True
Hard_Default,bot2,bot2,bot2,28,False
Hard_Default,bot2,Hard_Default,None,200,True
Hard_Default,bot2,bot2,bot2,28,False
Hard_Default,bot2,Hard_Default,None,200,True
Hard_Default,bot2,bot2,bot2,28,False
Hard_Default,bot2,Hard_Default,bot2,198,False
Hard_Default,bot2,bot2,bot2,28,False
Hard_Default,bot2,Hard_Default,bot2,198,False
Hard_Default,bot2,bot2,bot2,28,False
Hard_Default,bot2,Hard_Default,Hard_Default,76,False
Hard_Default,bot2,bot2,bot2,28,False
Hard_Default,bot2,Hard_Default,Hard_Default,144,False
Hard_Default,bot2,bot2,bot2,28,False
Hard_Default,bot2,Hard_Default,bot2,198,False
Hard_Default,bot2,bot2,bot2,28,False
Hard_Default,bot2,Hard_Default,Hard_Default,109,False
Hard_Default,bot2,bot2,bot2,28,False
Hard_Default,bot2,Hard_Default,bot2,198,False
Hard_Default,bot2,bot2,Hard_Default,48,False
Hard_Default,bot2,Hard_Default,bot2,198,False
Hard_Default,bot2,bot2,bot2,28,False
Hard_Default,bot2,Hard_Default,Hard_Default,109,False
Hard_Default,bot2,bot2,bot2,28,False
Hard_Default,bot2,Hard_Default,Hard_Default,193,False
Hard_Default,bot2,bot2,bot2,28,False
Hard_Default,bot2,Hard_Default,Hard_Default,144,False
Hard_Default,bot2,bot2,bot2,28,False
Hard_Default,bot2,Hard_Default,bot2,198,False
Hard_Default,bot2,bot2,bot2,28,False
Hard_Default,bot2,Hard_Default,bot2,198,False
Hard_Default,bot2,bot2,bot2,28,False
Hard_Default,bot2,Hard_Default,bot2,198,False
Hard_Default,bot2,bot2,Hard_Default,48,False
Hard_Default,bot2,Hard_Default,None,200,True
Hard_Default,bot2,bot2,bot2,28,False
Hard_Default,bot2,Hard_Default,None,200,True
Hard_Default,bot2,bot2,bot2,28,False
Hard_Default,bot2,Hard_Default,bot2,198,False
Hard_Default,bot2,bot2,bot2,28,False
Hard_Default,bot2,Hard_Default,None,200,True
Hard_Default,bot2,bot2,bot2,28,False
Hard_Default,bot2,Hard_Default,None,200,True
Hard_Default,bot2,bot2,bot2,28,False
Hard_Default,bot2,Hard_Default,None,200,True
Hard_Default,bot2,bot2,bot2,28,False
Hard_Default,bot2,Hard_Default,bot2,198,False
Hard_Default,bot2,bot2,bot2,28,False
Hard_Default,bot2,Hard_Default,bot2,198,False
Hard_Default,bot2,bot2,bot2,28,False
Hard_Default,bot2,Hard_Default,Hard_Default,109,False
Hard_Default,bot2,bot2,bot2,28,False
Hard_Default,bot2,Hard_Default,bot2,198,False
Hard_Default,bot2,bot2,Hard_Default,48,False
Hard_Default,bot2,Hard_Default,bot2,198,False
Hard_Default,bot2,bot2,bot2,28,False
Hard_Default,bot2,Hard_Default,bot2,198,False
Hard_Default,bot2,bot2,bot2,28,False
Hard_Default,bot2,Hard_Default,bot2,198,False
Hard_Default,bot2,bot2,bot2,28,False
Hard_Default,bot2,Hard_Default,None,200,True
Hard_Default,bot2,bot2,bot2,28,False
Hard_Default,bot2,Hard_Default,Hard_Default,109,False
Hard_Default,bot2,bot2,bot2,28,False
Hard_Default,bot2,Hard_Default,Hard_Default,144,False
Hard_Default,bot2,bot2,bot2,28,False
Hard_Default,bot2,Hard_Default,bot2,198,False
Hard_Default,bot2,bot2,bot2,28,False
Hard_Default,bot2,Hard_Default,bot2,198,False
Hard_Default,bot2,bot2,bot2,28,False
Hard_Default,bot2,Hard_Default,None,200,True
Hard_Default,bot2,bot2,bot2,28,False
Hard_Default,bot2,Hard_Default,None,200,True
Hard_Default,bot2,bot2,bot2,28,False
Hard_Default,bot2,Hard_Default,None,200,True
Hard_Default,bot2,bot2,bot2,28,False
Hard_Default,bot2,Hard_Default,Hard_Default,109,False
Hard_Default,bot2,bot2,bot2,28,False
Hard_Default,bot2,Hard_Default,Hard_Default,164,False
Hard_Default,bot2,bot2,bot2,28,False
Hard_Default,bot2,Hard_Default,bot2,198,False
Hard_Default,bot2,bot2,bot2,28,False
Hard_Default,bot2,Hard_Default,bot2,198,False
Hard_Default,bot2,bot2,bot2,28,False
Hard_Default,bot2,Hard_Default,bot2,198,False
Hard_Default,bot2,bot2,Hard_Default,48,False
Hard_Default,bot2,Hard_Default,None,200,True
Hard_Default,bot2,bot2,bot2,28,False
Hard_Default,bot2,Hard_Default,None,200,True
Hard_Default,bot2,bot2,bot2,28,False
Hard_Default,bot2,Hard_Default,Hard_Default,109,False
Hard_Default,bot2,bot2,Hard_Default,48,False
Hard_Default,bot2,Hard_Default,None,200,True
Hard_Default,bot2,bot2,bot2,28,False
Hard_Default,bot2,Hard_Default,Hard_Default,109,False
Hard_Default,bot2,bot2,Hard_Default,48,False
Hard_Default,bot2,Hard_Default,Hard_Default,144,False
Hard_Default,bot2,bot2,bot2,28,False
Hard_Default,bot2,Hard_Default,bot2,198,False
Hard_Default,bot2,bot2,bot2,28,False
Hard_Default,bot2,Hard_Default,Hard_Default,185,False
Hard_Default,bot2,bot2,bot2,28,False
Hard_Default,bot2,Hard_Default,None,200,True
Hard_Default,bot2,bot2,bot2,28,False
Hard_Default,bot2,Hard_Default,None,200,True
Hard_Default,bot2,bot2,bot2,28,False
Hard_Default,bot2,Hard_Default,None,200,True
Hard_Default,bot2,bot2,Hard_Default,48,False
Hard_Default,bot2,Hard_Default,Hard_Default,109,False
Hard_Default,bot2,bot2,bot2,28,False
Hard_Default,bot2,Hard_Default,bot2,198,False
Hard_Default,bot2,bot2,bot2,28,False
Hard_Default,bot3,Hard_Default,Hard_Default,30,False
Hard_Default,bot3,bot3,bot3,52,False
Hard_Default,bot3,Hard_Default,Hard_Default,30,False
Hard_Default,bot3,bot3,bot3,52,False
Hard_Default,bot3,Hard_Default,Hard_Default,30,False
Hard_Default,bot3,bot3,bot3,52,False
Hard_Default,bot3,Hard_Default,Hard_Default,30,False
Hard_Default,bot3,bot3,bot3,52,False
Hard_Default,bot3,Hard_Default,Hard_Default,30,False
Hard_Default,bot3,bot3,bot3,52,False
Hard_Default,bot3,Hard_Default,Hard_Default,30,False
Hard_Default,bot3,bot3,bot3,40,False
Hard_Default,bot3,Hard_Default,Hard_Default,30,False
Hard_Default,bot3,bot3,bot3,48,False
Hard_Default,bot3,Hard_Default,Hard_Default,30,False
Hard_Default,bot3,bot3,bot3,52,False
Hard_Default,bot3,Hard_Default,Hard_Default,30,False
Hard_Default,bot3,bot3,bot3,52,False
Hard_Default,bot3,Hard_Default,Hard_Default,30,False
Hard_Default,bot3,bot3,bot3,52,False
Hard_Default,bot3,Hard_Default,Hard_Default,30,False
Hard_Default,bot3,bot3,bot3,52,False
Hard_Default,bot3,Hard_Default,Hard_Default,30,False
Hard_Default,bot3,bot3,bot3,48,False
Hard_Default,bot3,Hard_Default,Hard_Default,30,False
Hard_Default,bot3,bot3,bot3,40,False
Hard_Default,bot3,Hard_Default,Hard_Default,30,False
Hard_Default,bot3,bot3,bot3,52,False
Hard_Default,bot3,Hard_Default,Hard_Default,30,False
Hard_Default,bot3,bot3,bot3,52,False
Hard_Default,bot3,Hard_Default,Hard_Default,30,False
Hard_Default,bot3,bot3,None,200,True
Hard_Default,bot3,Hard_Default,Hard_Default,30,False
Hard_Default,bot3,bot3,None,200,True
Hard_Default,bot3,Hard_Default,Hard_Default,30,False
Hard_Default,bot3,bot3,bot3,52,False
Hard_Default,bot3,Hard_Default,Hard_Default,30,False
Hard_Default,bot3,bot3,bot3,52,False
Hard_Default,bot3,Hard_Default,Hard_Default,30,False
Hard_Default,bot3,bot3,bot3,52,False
Hard_Default,bot3,Hard_Default,Hard_Default,30,False
Hard_Default,bot3,bot3,bot3,52,False
Hard_Default,bot3,Hard_Default,Hard_Default,30,False
Hard_Default,bot3,bot3,None,200,True
Hard_Default,bot3,Hard_Default,Hard_Default,30,False
Hard_Default,bot3,bot3,bot3,52,False
Hard_Default,bot3,Hard_Default,Hard_Default,30,False
Hard_Default,bot3,bot3,bot3,52,False
Hard_Default,bot3,Hard_Default,Hard_Default,30,False
Hard_Default,bot3,bot3,bot3,52,False
Hard_Default,bot3,Hard_Default,Hard_Default,30,False
Hard_Default,bot3,bot3,bot3,52,False
Hard_Default,bot3,Hard_Default,Hard_Default,30,False
Hard_Default,bot3,bot3,bot3,52,False
Hard_Default,bot3,Hard_Default,Hard_Default,30,False
Hard_Default,bot3,bot3,bot3,52,False
Hard_Default,bot3,Hard_Default,Hard_Default,30,False
Hard_Default,bot3,bot3,bot3,52,False
Hard_Default,bot3,Hard_Default,Hard_Default,30,False
Hard_Default,bot3,bot3,bot3,52,False
Hard_Default,bot3,Hard_Default,Hard_Default,30,False
Hard_Default,bot3,bot3,None,200,True
Hard_Default,bot3,Hard_Default,Hard_Default,30,False
Hard_Default,bot3,bot3,bot3,52,False
Hard_Default,bot3,Hard_Default,Hard_Default,30,False
Hard_Default,bot3,bot3,bot3,40,False
Hard_Default,bot3,Hard_Default,Hard_Default,30,False
Hard_Default,bot3,bot3,bot3,52,False
Hard_Default,bot3,Hard_Default,Hard_Default,30,False
Hard_Default,bot3,bot3,bot3,52,False
Hard_Default,bot3,Hard_Default,Hard_Default,30,False
Hard_Default,bot3,bot3,bot3,40,False
Hard_Default,bot3,Hard_Default,Hard_Default,30,False
Hard_Default,bot3,bot3,bot3,52,False
Hard_Default,bot3,Hard_Default,Hard_Default,30,False
Hard_Default,bot3,bot3,bot3,52,False
Hard_Default,bot3,Hard_Default,Hard_Default,30,False
Hard_Default,bot3,bot3,bot3,52,False
Hard_Default,bot3,Hard_Default,Hard_Default,30,False
Hard_Default,bot3,bot3,bot3,52,False
Hard_Default,bot3,Hard_Default,Hard_Default,30,False
Hard_Default,bot3,bot3,bot3,52,False
Hard_Default,bot3,Hard_Default,Hard_Default,30,False
Hard_Default,bot3,bot3,bot3,52,False
Hard_Default,bot3,Hard_Default,Hard_Default,30,False
Hard_Default,bot3,bot3,bot3,52,False
Hard_Default,bot3,Hard_Default,Hard_Default,30,False
Hard_Default,bot3,bot3,bot3,52,False
Hard_Default,bot3,Hard_Default,Hard_Default,30,False
Hard_Default,bot3,bot3,bot3,52,False
Hard_Default,bot3,Hard_Default,Hard_Default,30,False
Hard_Default,bot3,bot3,bot3,52,False
Hard_Default,bot3,Hard_Default,Hard_Default,30,False
Hard_Default,bot3,bot3,bot3,52,False
Hard_Default,bot3,Hard_Default,Hard_Default,30,False
Hard_Default,bot3,bot3,bot3,52,False
Hard_Default,bot3,Hard_Default,Hard_Default,30,False
Hard_Default,bot3,bot3,bot3,52,False
Hard_Default,bot3,Hard_Default,Hard_Default,30,False
Hard_Default,bot3,bot3,bot3,52,False
Hard_Default,bot3,Hard_Default,Hard_Default,30,False
Hard_Default,bot3,bot3,bot3,52,False
Hard_Default,bot3,Hard_Default,Hard_Default,30,False
Hard_Default,bot3,bot3,bot3,52,False
Hard_Default,bot3,Hard_Default,Hard_Default,30,False
Hard_Default,bot3,bot3,bot3,52,False
Hard_Default,bot3,Hard_Default,Hard_Default,30,False
Hard_Default,bot3,bot3,bot3,52,False
Hard_Default,bot3,Hard_Default,Hard_Default,30,False
Hard_Default,bot3,bot3,bot3,52,False
Hard_Default,bot3,Hard_Default,Hard_Default,30,False
Hard_Default,bot3,bot3,bot3,52,False
Hard_Default,bot3,Hard_Default,Hard_Default,30,False
Hard_Default,bot3,bot3,bot3,52,False
Hard_Default,bot3,Hard_Default,Hard_Default,30,False
Hard_Default,bot3,bot3,bot3,52,False
Hard_Default,bot3,Hard_Default,Hard_Default,30,False
Hard_Default,bot3,bot3,bot3,52,False
Hard_Default,bot3,Hard_Default,Hard_Default,30,False
Hard_Default,bot3,bot3,None,200,True
Hard_Default,bot3,Hard_Default,Hard_Default,30,False
Hard_Default,bot3,bot3,bot3,40,False
Hard_Default,bot3,Hard_Default,Hard_Default,30,False
Hard_Default,bot3,bot3,bot3,40,False
Hard_Default,bot3,Hard_Default,Hard_Default,30,False
Hard_Default,bot3,bot3,bot3,52,False
Hard_Default,bot3,Hard_Default,Hard_Default,30,False
Hard_Default,bot3,bot3,bot3,40,False
Hard_Default,bot3,Hard_Default,Hard_Default,30,False
Hard_Default,bot3,bot3,bot3,52,False
Hard_Default,bot3,Hard_Default,Hard_Default,30,False
Hard_Default,bot3,bot3,None,200,True
Hard_Default,bot3,Hard_Default,Hard_Default,30,False
Hard_Default,bot3,bot3,bot3,52,False
Hard_Default,bot3,Hard_Default,Hard_Default,30,False
Hard_Default,bot3,bot3,bot3,40,False
Hard_Default,bot3,Hard_Default,Hard_Default,30,False
Hard_Default,bot3,bot3,bot3,52,False
Hard_Default,bot3,Hard_Default,Hard_Default,30,False
Hard_Default,bot3,bot3,bot3,52,False
Hard_Default,bot3,Hard_Default,Hard_Default,30,False
Hard_Default,bot3,bot3,None,200,True
Hard_Default,bot3,Hard_Default,Hard_Default,30,False
Hard_Default,bot3,bot3,bot3,52,False
Hard_Default,bot3,Hard_Default,Hard_Default,30,False
Hard_Default,bot3,bot3,bot3,52,False
Hard_Default,bot3,Hard_Default,Hard_Default,30,False
Hard_Default,bot3,bot3,bot3,52,False
Hard_Default,bot3,Hard_Default,Hard_Default,30,False
Hard_Default,bot3,bot3,bot3,52,False
Hard_Default,bot3,Hard_Default,Hard_Default,30,False
Hard_Default,bot3,bot3,bot3,52,False
Hard_Default,bot3,Hard_Default,Hard_Default,30,False
Hard_Default,bot3,bot3,bot3,52,False
Hard_Default,bot3,Hard_Default,Hard_Default,30,False
Hard_Default,bot3,bot3,bot3,52,False
Hard_Default,bot3,Hard_Default,Hard_Default,30,False
Hard_Default,bot3,bot3,bot3,52,False
Hard_Default,bot3,Hard_Default,Hard_Default,30,False
Hard_Default,bot3,bot3,bot3,52,False
Hard_Default,bot3,Hard_Default,Hard_Default,30,False
Hard_Default,bot3,bot3,bot3,52,False
Hard_Default,bot3,Hard_Default,Hard_Default,30,False
Hard_Default,bot3,bot3,bot3,52,False
Hard_Default,bot3,Hard_Default,Hard_Default,30,False
Hard_Default,bot3,bot3,bot3,52,False
Hard_Default,bot3,Hard_Default,Hard_Default,30,False
Hard_Default,bot3,bot3,bot3,52,False
Hard_Default,bot3,Hard_Default,Hard_Default,30,False
Hard_Default,bot3,bot3,bot3,52,False
Hard_Default,bot3,Hard_Default,Hard_Default,30,False
Hard_Default,bot3,bot3,bot3,52,False
Hard_Default,bot3,Hard_Default,Hard_Default,30,False
Hard_Default,bot3,bot3,bot3,40,False
Hard_Default,bot3,Hard_Default,Hard_Default,30,False
Hard_Default,bot3,bot3,bot3,52,False
Hard_Default,bot3,Hard_Default,Hard_Default,30,False
Hard_Default,bot3,bot3,None,200,True
Hard_Default,bot3,Hard_Default,Hard_Default,30,False
Hard_Default,bot3,bot3,bot3,52,False
Hard_Default,bot3,Hard_Default,Hard_Default,30,False
Hard_Default,bot3,bot3,bot3,48,False
Hard_Default,bot3,Hard_Default,Hard_Default,30,False
Hard_Default,bot3,bot3,bot3,52,False
Hard_Default,bot3,Hard_Default,Hard_Default,30,False
Hard_Default,bot3,bot3,bot3,52,False
Hard_Default,bot3,Hard_Default,Hard_Default,30,False
Hard_Default,bot3,bot3,bot3,52,False
Hard_Default,bot3,Hard_Default,Hard_Default,30,False
Hard_Default,bot3,bot3,bot3,52,False
Hard_Default,bot3,Hard_Default,Hard_Default,30,False
Hard_Default,bot3,bot3,bot3,52,False
Hard_Default,bot3,Hard_Default,Hard_Default,30,False
Hard_Default,bot3,bot3,bot3,52,False
Hard_Default,bot3,Hard_Default,Hard_Default,30,False
Hard_Default,bot3,bot3,bot3,52,False
Hard_Default,bot3,Hard_Default,Hard_Default,30,False
Hard_Default,bot3,bot3,bot3,52,False
Hard_Default,bot3,Hard_Default,Hard_Default,30,False
Hard_Default,bot3,bot3,None,200,True
Hard_Default,bot3,Hard_Default,Hard_Default,30,False
Hard_Default,bot3,bot3,bot3,52,False
Hard_Default,bot3,Hard_Default,Hard_Default,30,False
Hard_Default,bot3,bot3,bot3,40,False
Hard_Default,bot3,Hard_Default,Hard_Default,30,False
Hard_Default,bot3,bot3,bot3,52,False
Hard_Default,bot3,Hard_Default,Hard_Default,30,False
Hard_Default,bot3,bot3,bot3,52,False
Hard_Default,bot3,Hard_Default,Hard_Default,30,False
Hard_Default,bot3,bot3,None,200,True
Hard_Default,bot3,Hard_Default,Hard_Default,30,False
Hard_Default,bot3,bot3,bot3,52,False
Hard_Default,bot3,Hard_Default,Hard_Default,30,False
Hard_Default,bot3,bot3,bot3,52,False
Hard_Default,bot3,Hard_Default,Hard_Default,30,False
Hard_Default,bot3,bot3,bot3,48,False
Hard_Default,bot3,Hard_Default,Hard_Default,30,False
Hard_Default,bot3,bot3,None,200,True
Hard_Default,bot3,Hard_Default,Hard_Default,30,False
Hard_Default,bot3,bot3,bot3,52,False
Hard_Default,bot3,Hard_Default,Hard_Default,30,False
Hard_Default,bot3,bot3,bot3,52,False
Hard_Default,bot3,Hard_Default,Hard_Default,30,False
Hard_Default,bot3,bot3,None,200,True
Hard_Default,bot3,Hard_Default,Hard_Default,30,False
Hard_Default,bot3,bot3,None,200,True
Hard_Default,bot3,Hard_Default,Hard_Default,30,False
Hard_Default,bot3,bot3,bot3,52,False
Hard_Default,bot3,Hard_Default,Hard_Default,30,False
Hard_Default,bot3,bot3,bot3,52,False
Hard_Default,bot3,Hard_Default,Hard_Default,30,False
Hard_Default,bot3,bot3,bot3,40,False
Hard_Default,bot3,Hard_Default,Hard_Default,30,False
Hard_Default,bot3,bot3,bot3,48,False
Hard_Default,bot3,Hard_Default,Hard_Default,30,False
Hard_Default,bot3,bot3,bot3,40,False
Hard_Default,bot3,Hard_Default,Hard_Default,30,False
Hard_Default,bot3,bot3,None,200,True
Hard_Default,bot3,Hard_Default,Hard_Default,30,False
Hard_Default,bot3,bot3,bot3,52,False
Hard_Default,bot3,Hard_Default,Hard_Default,30,False
Hard_Default,bot3,bot3,bot3,52,False
Hard_Default,bot3,Hard_Default,Hard_Default,30,False
Hard_Default,bot3,bot3,bot3,52,False
Hard_Default,bot3,Hard_Default,Hard_Default,30,False
Hard_Default,bot3,bot3,bot3,52,False
Hard_Default,bot3,Hard_Default,Hard_Default,30,False
Hard_Default,bot3,bot3,bot3,52,False
Hard_Default,bot3,Hard_Default,Hard_Default,30,False
Hard_Default,bot3,bot3,bot3,52,False
Hard_Default,bot3,Hard_Default,Hard_Default,30,False
Hard_Default,bot3,bot3,bot3,52,False
Hard_Default,bot3,Hard_Default,Hard_Default,30,False
Hard_Default,bot3,bot3,bot3,52,False
Hard_Default,bot3,Hard_Default,Hard_Default,30,False
Hard_Default,bot3,bot3,bot3,52,False
Hard_Default,bot3,Hard_Default,Hard_Default,30,False
Hard_Default,bot3,bot3,None,200,True
Hard_Default,bot3,Hard_Default,Hard_Default,30,False
Hard_Default,bot3,bot3,bot3,52,False
Hard_Default,bot3,Hard_Default,Hard_Default,30,False
Hard_Default,bot3,bot3,bot3,52,False
Hard_Default,bot3,Hard_Default,Hard_Default,30,False
Hard_Default,bot3,bot3,None,200,True
Hard_Default,bot3,Hard_Default,Hard_Default,30,False
Hard_Default,bot3,bot3,bot3,52,False
Hard_Default,bot3,Hard_Default,Hard_Default,30,False
Hard_Default,bot3,bot3,bot3,52,False
Hard_Default,bot3,Hard_Default,Hard_Default,30,False
Hard_Default,bot3,bot3,bot3,40,False
Hard_Default,bot3,Hard_Default,Hard_Default,30,False
Hard_Default,bot3,bot3,bot3,52,False
Hard_Default,bot3,Hard_Default,Hard_Default,30,False
Hard_Default,bot3,bot3,bot3,52,False
Hard_Default,bot3,Hard_Default,Hard_Default,30,False
Hard_Default,bot3,bot3,bot3,48,False
Hard_Default,bot3,Hard_Default,Hard_Default,30,False
Hard_Default,bot3,bot3,bot3,52,False
Hard_Default,bot3,Hard_Default,Hard_Default,30,False
Hard_Default,bot3,bot3,bot3,52,False
Hard_Default,bot3,Hard_Default,Hard_Default,30,False
Hard_Default,bot3,bot3,None,200,True
Hard_Default,bot3,Hard_Default,Hard_Default,30,False
Hard_Default,bot3,bot3,bot3,52,False
Hard_Default,bot3,Hard_Default,Hard_Default,30,False
Hard_Default,bot3,bot3,None,200,True
Hard_Default,bot3,Hard_Default,Hard_Default,30,False
Hard_Default,bot3,bot3,bot3,52,False
Hard_Default,bot3,Hard_Default,Hard_Default,30,False
Hard_Default,bot3,bot3,bot3,52,False
Hard_Default,bot3,Hard_Default,Hard_Default,30,False
Hard_Default,bot3,bot3,bot3,52,False
Hard_Default,bot3,Hard_Default,Hard_Default,30,False
Hard_Default,bot3,bot3,bot3,52,False
Hard_Default,bot3,Hard_Default,Hard_Default,30,False
Hard_Default,bot3,bot3,bot3,52,False
Hard_Default,bot3,Hard_Default,Hard_Default,30,False
Hard_Default,bot3,bot3,None,200,True
Hard_Default,bot3,Hard_Default,Hard_Default,30,False
Hard_Default,bot3,bot3,None,200,True
Hard_Default,bot4,Hard_Default,Hard_Default,44,False
Hard_Default,bot4,bot4,bot4,28,False
Hard_Default,bot4,Hard_Default,Hard_Default,40,False
Hard_Default,bot4,bot4,Hard_Default,55,False
Hard_Default,bot4,Hard_Default,Hard_Default,40,False
Hard_Default,bot4,bot4,bot4,28,False
Hard_Default,bot4,Hard_Default,Hard_Default,40,False
Hard_Default,bot4,bot4,bot4,28,False
Hard_Default,bot4,Hard_Default,Hard_Default,40,False
Hard_Default,bot4,bot4,bot4,28,False
Hard_Default,bot4,Hard_Default,Hard_Default,60,False
Hard_Default,bot4,bot4,bot4,28,False
Hard_Default,bot4,Hard_Default,Hard_Default,40,False
Hard_Default,bot4,bot4,bot4,28,False
Hard_Default,bot4,Hard_Default,Hard_Default,40,False
Hard_Default,bot4,bot4,bot4,28,False
Hard_Default,bot4,Hard_Default,Hard_Default,28,False
Hard_Default,bot4,bot4,Hard_Default,55,False
Hard_Default,bot4,Hard_Default,Hard_Default,40,False
Hard_Default,bot4,bot4,bot4,28,False
Hard_Default,bot4,Hard_Default,Hard_Default,40,False
Hard_Default,bot4,bot4,bot4,28,False
Hard_Default,bot4,Hard_Default,Hard_Default,40,False
Hard_Default,bot4,bot4,bot4,28,False
Hard_Default,bot4,Hard_Default,Hard_Default,40,False
Hard_Default,bot4,bot4,bot4,28,False
Hard_Default,bot4,Hard_Default,Hard_Default,40,False
Hard_Default,bot4,bot4,bot4,28,False
Hard_Default,bot4,Hard_Default,Hard_Default,40,False
Hard_Default,bot4,bot4,bot4,28,False
Hard_Default,bot4,Hard_Default,Hard_Default,40,False
Hard_Default,bot4,bot4,bot4,28,False
Hard_Default,bot4,Hard_Default,Hard_Default,40,False
Hard_Default,bot4,bot4,bot4,28,False
Hard_Default,bot4,Hard_Default,Hard_Default,40,False
Hard_Default,bot4,bot4,bot4,28,False
Hard_Default,bot4,Hard_Default,Hard_Default,40,False
Hard_Default,bot4,bot4,bot4,28,False
Hard_Default,bot4,Hard_Default,Hard_Default,40,False
Hard_Default,bot4,bot4,bot4,28,False
Hard_Default,bot4,Hard_Default,Hard_Default,28,False
Hard_Default,bot4,bot4,bot4,28,False
Hard_Default,bot4,Hard_Default,Hard_Default,40,False
Hard_Default,bot4,bot4,bot4,28,False
Hard_Default,bot4,Hard_Default,Hard_Default,40,False
Hard_Default,bot4,bot4,Hard_Default,51,False
Hard_Default,bot4,Hard_Default,Hard_Default,40,False
Hard_Default,bot4,bot4,bot4,28,False
Hard_Default,bot4,Hard_Default,Hard_Default,40,False
Hard_Default,bot4,bot4,bot4,28,False
Hard_Default,bot4,Hard_Default,Hard_Default,40,False
Hard_Default,bot4,bot4,bot4,28,False
Hard_Default,bot4,Hard_Default,Hard_Default,40,False
Hard_Default,bot4,bot4,bot4,28,False
Hard_Default,bot4,Hard_Default,Hard_Default,40,False
Hard_Default,bot4,bot4,bot4,28,False
Hard_Default,bot4,Hard_Default,Hard_Default,40,False
Hard_Default,bot4,bot4,Hard_Default,55,False
Hard_Default,bot4,Hard_Default,Hard_Default,40,False
Hard_Default,bot4,bot4,bot4,28,False
Hard_Default,bot4,Hard_Default,Hard_Default,40,False
Hard_Default,bot4,bot4,bot4,28,False
Hard_Default,bot4,Hard_Default,Hard_Default,40,False
Hard_Default,bot4,bot4,bot4,28,False
Hard_Default,bot4,Hard_Default,Hard_Default,40,False
Hard_Default,bot4,bot4,bot4,28,False
Hard_Default,bot4,Hard_Default,Hard_Default,44,False
Hard_Default,bot4,bot4,bot4,28,False
Hard_Default,bot4,Hard_Default,Hard_Default,40,False
Hard_Default,bot4,bot4,bot4,28,False
Hard_Default,bot4,Hard_Default,Hard_Default,40,False
Hard_Default,bot4,bot4,Hard_Default,55,False
Hard_Default,bot4,Hard_Default,Hard_Default,40,False
Hard_Default,bot4,bot4,bot4,28,False
Hard_Default,bot4,Hard_Default,Hard_Default,40,False
Hard_Default,bot4,bot4,bot4,28,False
Hard_Default,bot4,Hard_Default,Hard_Default,28,False
Hard_Default,bot4,bot4,bot4,28,False
Hard_Default,bot4,Hard_Default,Hard_Default,40,False
Hard_Default,bot4,bot4,bot4,28,False
Hard_Default,bot4,Hard_Default,Hard_Default,40,False
Hard_Default,bot4,bot4,bot4,28,False
Hard_Default,bot4,Hard_Default,Hard_Default,40,False
Hard_Default,bot4,bot4,bot4,28,False
Hard_Default,bot4,Hard_Default,Hard_Default,28,False
Hard_Default,bot4,bot4,bot4,28,False
Hard_Default,bot4,Hard_Default,Hard_Default,28,False
Hard_Default,bot4,bot4,bot4,28,False
Hard_Default,bot4,Hard_Default,Hard_Default,40,False
Hard_Default,bot4,bot4,bot4,28,False
Hard_Default,bot4,Hard_Default,Hard_Default,40,False
Hard_Default,bot4,bot4,bot4,28,False
Hard_Default,bot4,Hard_Default,Hard_Default,44,False
Hard_Default,bot4,bot4,bot4,28,False
Hard_Default,bot4,Hard_Default,Hard_Default,40,False
Hard_Default,bot4,bot4,bot4,28,False
Hard_Default,bot4,Hard_Default,Hard_Default,40,False
Hard_Default,bot4,bot4,bot4,28,False
Hard_Default,bot4,Hard_Default,Hard_Default,28,False
Hard_Default,bot4,bot4,bot4,28,False
Hard_Default,bot4,Hard_Default,Hard_Default,40,False
Hard_Default,bot4,bot4,bot4,28,False
Hard_Default,bot4,Hard_Default,Hard_Default,40,False
Hard_Default,bot4,bot4,bot4,28,False
Hard_Default,bot4,Hard_Default,Hard_Default,40,False
Hard_Default,bot4,bot4,bot4,28,False
Hard_Default,bot4,Hard_Default,Hard_Default,28,False
Hard_Default,bot4,bot4,bot4,28,False
Hard_Default,bot4,Hard_Default,Hard_Default,44,False
Hard_Default,bot4,bot4,bot4,28,False
Hard_Default,bot4,Hard_Default,Hard_Default,28,False
Hard_Default,bot4,bot4,bot4,28,False
Hard_Default,bot4,Hard_Default,Hard_Default,40,False
Hard_Default,bot4,bot4,bot4,28,False
Hard_Default,bot4,Hard_Default,Hard_Default,40,False
Hard_Default,bot4,bot4,Hard_Default,55,False
Hard_Default,bot4,Hard_Default,Hard_Default,44,False
Hard_Default,bot4,bot4,bot4,28,False
Hard_Default,bot4,Hard_Default,Hard_Default,40,False
Hard_Default,bot4,bot4,Hard_Default,55,False
Hard_Default,bot4,Hard_Default,Hard_Default,40,False
Hard_Default,bot4,bot4,bot4,28,False
Hard_Default,bot4,Hard_Default,Hard_Default,40,False
Hard_Default,bot4,bot4,bot4,28,False
Hard_Default,bot4,Hard_Default,Hard_Default,40,False
Hard_Default,bot4,bot4,bot4,28,False
Hard_Default,bot4,Hard_Default,Hard_Default,40,False
Hard_Default,bot4,bot4,bot4,28,False
Hard_Default,bot4,Hard_Default,Hard_Default,40,False
Hard_Default,bot4,bot4,bot4,28,False
Hard_Default,bot4,Hard_Default,Hard_Default,28,False
Hard_Default,bot4,bot4,bot4,28,False
Hard_Default,bot4,Hard_Default,Hard_Default,28,False
Hard_Default,bot4,bot4,bot4,28,False
Hard_Default,bot4,Hard_Default,Hard_Default,40,False
Hard_Default,bot4,bot4,bot4,28,False
Hard_Default,bot4,Hard_Default,Hard_Default,40,False
Hard_Default,bot4,bot4,bot4,28,False
Hard_Default,bot4,Hard_Default,Hard_Default,40,False
Hard_Default,bot4,bot4,bot4,28,False
Hard_Default,bot4,Hard_Default,Hard_Default,40,False
Hard_Default,bot4,bot4,Hard_Default,51,False
Hard_Default,bot4,Hard_Default,Hard_Default,40,False
Hard_Default,bot4,bot4,bot4,28,False
Hard_Default,bot4,Hard_Default,Hard_Default,40,False
Hard_Default,bot4,bot4,bot4,28,False
Hard_Default,bot4,Hard_Default,Hard_Default,40,False
Hard_Default,bot4,bot4,bot4,28,False
Hard_Default,bot4,Hard_Default,Hard_Default,40,False
Hard_Default,bot4,bot4,bot4,28,False
Hard_Default,bot4,Hard_Default,Hard_Default,40,False
Hard_Default,bot4,bot4,bot4,28,False
Hard_Default,bot4,Hard_Default,Hard_Default,40,False
Hard_Default,bot4,bot4,bot4,28,False
Hard_Default,bot4,Hard_Default,Hard_Default,40,False
Hard_Default,bot4,bot4,bot4,28,False
Hard_Default,bot4,Hard_Default,Hard_Default,40,False
Hard_Default,bot4,bot4,bot4,28,False
Hard_Default,bot4,Hard_Default,Hard_Default,40,False
Hard_Default,bot4,bot4,bot4,28,False
Hard_Default,bot4,Hard_Default,Hard_Default,40,False
Hard_Default,bot4,bot4,bot4,28,False
Hard_Default,bot4,Hard_Default,Hard_Default,40,False
Hard_Default,bot4,bot4,bot4,28,False
Hard_Default,bot4,Hard_Default,Hard_Default,40,False
Hard_Default,bot4,bot4,None,200,True
Hard_Default,bot4,Hard_Default,Hard_Default,40,False
Hard_Default,bot4,bot4,bot4,28,False
Hard_Default,bot4,Hard_Default,Hard_Default,40,False
Hard_Default,bot4,bot4,bot4,28,False
Hard_Default,bot4,Hard_Default,Hard_Default,40,False
Hard_Default,bot4,bot4,bot4,28,False
Hard_Default,bot4,Hard_Default,Hard_Default,40,False
Hard_Default,bot4,bot4,bot4,28,False
Hard_Default,bot4,Hard_Default,Hard_Default,40,False
Hard_Default,bot4,bot4,bot4,28,False
Hard_Default,bot4,Hard_Default,Hard_Default,40,False
Hard_Default,bot4,bot4,Hard_Default,55,False
Hard_Default,bot4,Hard_Default,Hard_Default,40,False
Hard_Default,bot4,bot4,bot4,28,False
Hard_Default,bot4,Hard_Default,Hard_Default,40,False
Hard_Default,bot4,bot4,bot4,28,False
Hard_Default,bot4,Hard_Default,Hard_Default,40,False
Hard_Default,bot4,bot4,bot4,28,False
Hard_Default,bot4,Hard_Default,Hard_Default,40,False
Hard_Default,bot4,bot4,bot4,28,False
Hard_Default,bot4,Hard_Default,Hard_Default,28,False
Hard_Default,bot4,bot4,bot4,28,False
Hard_Default,bot4,Hard_Default,Hard_Default,40,False
Hard_Default,bot4,bot4,bot4,28,False
Hard_Default,bot4,Hard_Default,Hard_Default,40,False
Hard_Default,bot4,bot4,bot4,28,False
Hard_Default,bot4,Hard_Default,Hard_Default,40,False
Hard_Default,bot4,bot4,bot4,28,False
Hard_Default,bot4,Hard_Default,Hard_Default,40,False
Hard_Default,bot4,bot4,bot4,28,False
Hard_Default,bot4,Hard_Default,Hard_Default,40,False
Hard_Default,bot4,bot4,bot4,28,False
Hard_Default,bot4,Hard_Default,Hard_Default,40,False
Hard_Default,bot4,bot4,bot4,28,False
Hard_Default,bot4,Hard_Default,Hard_Default,40,False
Hard_Default,bot4,bot4,Hard_Default,55,False
Hard_Default,bot4,Hard_Default,Hard_Default,40,False
Hard_Default,bot4,bot4,bot4,28,False
Hard_Default,bot4,Hard_Default,Hard_Default,28,False
Hard_Default,bot4,bot4,bot4,28,False
Hard_Default,bot4,Hard_Default,Hard_Default,40,False
Hard_Default,bot4,bot4,bot4,28,False
Hard_Default,bot4,Hard_Default,Hard_Default,44,False
Hard_Default,bot4,bot4,bot4,28,False
Hard_Default,bot4,Hard_Default,Hard_Default,40,False
Hard_Default,bot4,bot4,bot4,28,False
Hard_Default,bot4,Hard_Default,Hard_Default,28,False
Hard_Default,bot4,bot4,bot4,28,False
Hard_Default,bot4,Hard_Default,Hard_Default,40,False
Hard_Default,bot4,bot4,Hard_Default,48,False
Hard_Default,bot4,Hard_Default,Hard_Default,40,False
Hard_Default,bot4,bot4,bot4,28,False
Hard_Default,bot4,Hard_Default,Hard_Default,40,False
Hard_Default,bot4,bot4,bot4,28,False
Hard_Default,bot4,Hard_Default,Hard_Default,28,False
Hard_Default,bot4,bot4,Hard_Default,55,False
Hard_Default,bot4,Hard_Default,Hard_Default,40,False
Hard_Default,bot4,bot4,bot4,28,False
Hard_Default,bot4,Hard_Default,Hard_Default,40,False
Hard_Default,bot4,bot4,bot4,28,False
Hard_Default,bot4,Hard_Default,Hard_Default,40,False
Hard_Default,bot4,bot4,bot4,28,False
Hard_Default,bot4,Hard_Default,Hard_Default,40,False
Hard_Default,bot4,bot4,bot4,28,False
Hard_Default,bot4,Hard_Default,Hard_Default,40,False
Hard_Default,bot4,bot4,Hard_Default,55,False
Hard_Default,bot4,Hard_Default,Hard_Default,40,False
Hard_Default,bot4,bot4,Hard_Default,55,False
Hard_Default,bot4,Hard_Default,Hard_Default,40,False
Hard_Default,bot4,bot4,bot4,28,False
Hard_Default,bot4,Hard_Default,Hard_Default,40,False
Hard_Default,bot4,bot4,bot4,28,False
Hard_Default,bot4,Hard_Default,Hard_Default,40,False
Hard_Default,bot4,bot4,bot4,28,False
Hard_Default,bot4,Hard_Default,Hard_Default,28,False
Hard_Default,bot4,bot4,bot4,28,False
Hard_Default,bot4,Hard_Default,Hard_Default,40,False
Hard_Default,bot4,bot4,bot4,28,False
Hard_Default,bot4,Hard_Default,Hard_Default,40,False
Hard_Default,bot4,bot4,Hard_Default,55,False
Hard_Default,bot4,Hard_Default,Hard_Default,40,False
Hard_Default,bot4,bot4,bot4,28,False
Hard_Default,bot4,Hard_Default,Hard_Default,40,False
Hard_Default,bot4,bot4,bot4,28,False
Hard_Default,bot4,Hard_Default,Hard_Default,40,False
Hard_Default,bot4,bot4,bot4,28,False
Hard_Default,bot4,Hard_Default,Hard_Default,40,False
Hard_Default,bot4,bot4,bot4,28,False
Hard_Default,bot4,Hard_Default,Hard_Default,44,False
Hard_Default,bot4,bot4,Hard_Default,55,False
Hard_Default,bot4,Hard_Default,Hard_Default,40,False
Hard_Default,bot4,bot4,Hard_Default,55,False
Hard_Default,bot4,Hard_Default,Hard_Default,44,False
Hard_Default,bot4,bot4,bot4,28,False
Hard_Default,bot4,Hard_Default,Hard_Default,44,False
Hard_Default,bot4,bot4,bot4,28,False
Hard_Default,bot4,Hard_Default,Hard_Default,40,False
Hard_Default,bot4,bot4,bot4,28,False
Hard_Default,bot4,Hard_Default,Hard_Default,40,False
Hard_Default,bot4,bot4,bot4,28,False
Hard_Default,bot4,Hard_Default,Hard_Default,40,False
Hard_Default,bot4,bot4,bot4,28,False
Hard_Default,bot4,Hard_Default,Hard_Default,40,False
Hard_Default,bot4,bot4,bot4,28,False
Hard_Default,bot4,Hard_Default,Hard_Default,40,False
Hard_Default,bot4,bot4,bot4,28,False
Hard_Default,bot4,Hard_Default,Hard_Default,40,False
Hard_Default,bot4,bot4,bot4,28,False
Hard_Default,bot4,Hard_Default,Hard_Default,44,False
Hard_Default,bot4,bot4,bot4,28,False
Hard_Default,bot4,Hard_Default,Hard_Default,40,False
Hard_Default,bot4,bot4,bot4,28,False
Hard_Default,bot4,Hard_Default,Hard_Default,40,False
Hard_Default,bot4,bot4,bot4,28,False
Hard_Default,bot4,Hard_Default,Hard_Default,40,False
Hard_Default,bot4,bot4,bot4,28,False
Hard_Default,bot4,Hard_Default,Hard_Default,44,False
Hard_Default,bot4,bot4,bot4,28,False
Hard_Default,bot4,Hard_Default,Hard_Default,40,False
Hard_Default,bot4,bot4,bot4,28,False
Hard_Default,bot4,Hard_Default,Hard_Default,40,False
Hard_Default,bot4,bot4,bot4,28,False
Hard_Default,bot4,Hard_Default,Hard_Default,40,False
Hard_Default,bot4,bot4,bot4,28,False
Hard_Default,bot4,Hard_Default,Hard_Default,40,False
Hard_Default,bot4,bot4,bot4,28,False
Hard_Default,bot4,Hard_Default,Hard_Default,40,False
Hard_Default,bot4,bot4,bot4,28,False
Hard_Default,bot4,Hard_Default,Hard_Default,44,False
Hard_Default,bot4,bot4,bot4,28,False
Hard_Default,bot4,Hard_Default,Hard_Default,44,False
Hard_Default,bot4,bot4,Hard_Default,51,False
Hard_Default,bot4,Hard_Default,Hard_Default,40,False
Hard_Default,bot4,bot4,bot4,28,False
bot5,bot2,bot5,bot5,61,False
bot5,bot2,bot2,bot5,27,False
bot5,bot2,bot5,bot5,61,False
bot5,bot2,bot2,bot5,27,False
bot5,bot2,bot5,bot5,61,False
bot5,bot2,bot2,bot5,27,False
bot5,bot2,bot5,bot5,61,False
bot5,bot2,bot2,bot5,27,False
bot5,bot2,bot5,None,200,True
bot5,bot2,bot2,bot5,27,False
bot5,bot2,bot5,bot2,172,False
bot5,bot2,bot2,bot5,27,False
bot5,bot2,bot5,bot5,61,False
bot5,bot2,bot2,bot5,27,False
bot5,bot2,bot5,bot5,61,False
bot5,bot2,bot2,bot5,27,False
bot5,bot2,bot5,bot5,61,False
bot5,bot2,bot2,bot5,27,False
bot5,bot2,bot5,bot5,61,False
bot5,bot2,bot2,bot5,27,False
bot5,bot2,bot5,bot5,61,False
bot5,bot2,bot2,bot5,27,False
bot5,bot2,bot5,bot5,61,False
bot5,bot2,bot2,bot5,27,False
bot5,bot2,bot5,None,200,True
bot5,bot2,bot2,bot5,27,False
bot5,bot2,bot5,bot5,61,False
bot5,bot2,bot2,bot5,27,False
bot5,bot2,bot5,bot5,61,False
bot5,bot2,bot2,bot5,27,False
bot5,bot2,bot5,bot5,61,False
bot5,bot2,bot2,bot5,27,False
bot5,bot2,bot5,bot5,61,False
bot5,bot2,bot2,bot5,27,False
bot5,bot2,bot5,None,200,True
bot5,bot2,bot2,bot5,27,False
bot5,bot2,bot5,bot5,61,False
bot5,bot2,bot2,bot5,27,False
bot5,bot2,bot5,bot5,61,False
bot5,bot2,bot2,bot5,27,False
bot5,bot2,bot5,bot5,61,False
bot5,bot2,bot2,bot5,27,False
bot5,bot2,bot5,bot2,132,False
bot5,bot2,bot2,bot5,27,False
bot5,bot2,bot5,bot5,69,False
bot5,bot2,bot2,bot5,27,False
bot5,bot2,bot5,bot5,61,False
bot5,bot2,bot2,bot5,27,False
bot5,bot2,bot5,bot5,61,False
bot5,bot2,bot2,bot5,27,False
bot5,bot2,bot5,bot5,61,False
bot5,bot2,bot2,bot5,27,False
bot5,bot2,bot5,bot5,61,False
bot5,bot2,bot2,bot5,27,False
bot5,bot2,bot5,bot5,61,False
bot5,bot2,bot2,bot5,27,False
bot5,bot2,bot5,bot5,61,False
bot5,bot2,bot2,bot5,27,False
bot5,bot2,bot5,bot5,61,False
bot5,bot2,bot2,bot5,27,False
bot5,bot2,bot5,bot5,61,False
bot5,bot2,bot2,bot5,27,False
bot5,bot2,bot5,bot5,61,False
bot5,bot2,bot2,bot5,27,False
bot5,bot2,bot5,bot5,61,False
bot5,bot2,bot2,bot5,27,False
bot5,bot2,bot5,bot5,69,False
bot5,bot2,bot2,bot5,27,False
bot5,bot2,bot5,bot5,61,False
bot5,bot2,bot2,bot5,27,False
bot5,bot2,bot5,bot5,61,False
bot5,bot2,bot2,bot5,27,False
bot5,bot2,bot5,bot5,61,False
bot5,bot2,bot2,bot5,27,False
bot5,bot2,bot5,bot5,61,False
bot5,bot2,bot2,bot5,27,False
bot5,bot2,bot5,bot5,61,False
bot5,bot2,bot2,bot5,27,False
bot5,bot2,bot5,bot5,61,False
bot5,bot2,bot2,bot5,27,False
bot5,bot2,bot5,bot5,61,False
bot5,bot2,bot2,bot5,27,False
bot5,bot2,bot5,bot5,61,False
bot5,bot2,bot2,bot5,27,False
bot5,bot2,bot5,bot5,61,False
bot5,bot2,bot2,bot5,27,False
bot5,bot2,bot5,bot5,61,False
bot5,bot2,bot2,bot5,27,False
bot5,bot2,bot5,bot5,61,False
bot5,bot2,bot2,bot5,27,False
bot5,bot2,bot5,bot5,61,False
bot5,bot2,bot2,bot5,27,False
bot5,bot2,bot5,bot5,61,False
bot5,bot2,bot2,bot5,27,False
bot5,bot2,bot5,bot5,61,False
bot5,bot2,bot2,bot5,27,False
bot5,bot2,bot5,bot5,61,False
bot5,bot2,bot2,bot5,27,False
bot5,bot2,bot5,bot5,61,False
bot5,bot2,bot2,bot5,27,False
bot5,bot2,bot5,bot5,61,False
bot5,bot2,bot2,bot5,27,False
bot5,bot2,bot5,bot5,61,False
bot5,bot2,bot2,bot5,27,False
bot5,bot2,bot5,bot5,61,False
bot5,bot2,bot2,bot5,27,False
bot5,bot2,bot5,bot5,69,False
bot5,bot2,bot2,bot5,27,False
bot5,bot2,bot5,bot5,61,False
bot5,bot2,bot2,bot5,27,False
bot5,bot2,bot5,bot5,61,False
bot5,bot2,bot2,bot5,27,False
bot5,bot2,bot5,bot5,61,False
bot5,bot2,bot2,bot5,27,False
bot5,bot2,bot5,bot5,61,False
bot5,bot2,bot2,bot5,27,False
bot5,bot2,bot5,bot5,61,False
bot5,bot2,bot2,bot5,27,False
bot5,bot2,bot5,bot5,61,False
bot5,bot2,bot2,bot5,27,False
bot5,bot2,bot5,bot5,61,False
bot5,bot2,bot2,bot5,27,False
bot5,bot2,bot5,None,200,True
bot5,bot2,bot2,bot5,27,False
bot5,bot2,bot5,bot5,61,False
bot5,bot2,bot2,bot5,27,False
bot5,bot2,bot5,bot5,69,False
bot5,bot2,bot2,bot5,27,False
bot5,bot2,bot5,bot5,61,False
bot5,bot2,bot2,bot5,27,False
bot5,bot2,bot5,bot5,61,False
bot5,bot2,bot2,bot5,27,False
bot5,bot2,bot5,bot5,61,False
bot5,bot2,bot2,bot5,27,False
bot5,bot2,bot5,bot5,61,False
bot5,bot2,bot2,bot5,27,False
bot5,bot2,bot5,bot5,61,False
bot5,bot2,bot2,bot5,27,False
bot5,bot2,bot5,bot5,61,False
bot5,bot2,bot2,bot5,27,False
bot5,bot2,bot5,bot5,61,False
bot5,bot2,bot2,bot5,27,False
bot5,bot2,bot5,bot5,61,False
bot5,bot2,bot2,bot5,27,False
bot5,bot2,bot5,bot5,69,False
bot5,bot2,bot2,bot5,27,False
bot5,bot2,bot5,bot5,61,False
bot5,bot2,bot2,bot5,27,False
bot5,bot2,bot5,bot5,61,False
bot5,bot2,bot2,bot5,27,False
bot5,bot2,bot5,bot5,61,False
bot5,bot2,bot2,bot5,27,False
bot5,bot2,bot5,bot5,61,False
bot5,bot2,bot2,bot5,27,False
bot5,bot2,bot5,bot5,61,False
bot5,bot2,bot2,bot5,27,False
bot5,bot2,bot5,bot5,61,False
bot5,bot2,bot2,bot5,27,False
bot5,bot2,bot5,bot5,61,False
bot5,bot2,bot2,bot5,27,False
bot5,bot2,bot5,bot5,61,False
bot5,bot2,bot2,bot5,27,False
bot5,bot2,bot5,bot5,61,False
bot5,bot2,bot2,bot5,27,False
bot5,bot2,bot5,bot5,69,False
bot5,bot2,bot2,bot5,27,False
bot5,bot2,bot5,bot5,61,False
bot5,bot2,bot2,bot5,27,False
bot5,bot2,bot5,bot5,61,False
bot5,bot2,bot2,bot5,27,False
bot5,bot2,bot5,bot5,61,False
bot5,bot2,bot2,bot5,27,False
bot5,bot2,bot5,bot5,61,False
bot5,bot2,bot2,bot5,27,False
bot5,bot2,bot5,bot5,69,False
bot5,bot2,bot2,bot5,27,False
bot5,bot2,bot5,bot5,61,False
bot5,bot2,bot2,bot5,27,False
bot5,bot2,bot5,bot5,69,False
bot5,bot2,bot2,bot5,27,False
bot5,bot2,bot5,bot5,61,False
bot5,bot2,bot2,bot5,27,False
bot5,bot2,bot5,bot5,61,False
bot5,bot2,bot2,bot5,27,False
bot5,bot2,bot5,None,200,True
bot5,bot2,bot2,bot5,27,False
bot5,bot2,bot5,bot5,61,False
bot5,bot2,bot2,bot5,27,False
bot5,bot2,bot5,bot5,61,False
bot5,bot2,bot2,bot5,27,False
bot5,bot2,bot5,bot5,61,False
bot5,bot2,bot2,bot5,27,False
bot5,bot2,bot5,bot5,61,False
bot5,bot2,bot2,bot5,27,False
bot5,bot2,bot5,bot5,61,False
bot5,bot2,bot2,bot5,27,False
bot5,bot2,bot5,bot5,61,False
bot5,bot2,bot2,bot5,27,False
bot5,bot2,bot5,bot5,61,False
bot5,bot2,bot2,bot5,27,False
bot5,bot2,bot5,bot5,61,False
bot5,bot2,bot2,bot5,27,False
bot5,bot2,bot5,bot5,61,False
bot5,bot2,bot2,bot5,27,False
bot5,bot2,bot5,bot5,61,False
bot5,bot2,bot2,bot5,27,False
bot5,bot2,bot5,bot5,61,False
bot5,bot2,bot2,bot5,27,False
bot5,bot2,bot5,bot5,61,False
bot5,bot2,bot2,bot5,27,False
bot5,bot2,bot5,bot5,61,False
bot5,bot2,bot2,bot5,27,False
bot5,bot2,bot5,bot5,61,False
bot5,bot2,bot2,bot5,27,False
bot5,bot2,bot5,bot5,61,False
bot5,bot2,bot2,bot5,27,False
bot5,bot2,bot5,bot5,61,False
bot5,bot2,bot2,bot5,27,False
bot5,bot2,bot5,bot5,61,False
bot5,bot2,bot2,bot5,27,False
bot5,bot2,bot5,bot5,61,False
bot5,bot2,bot2,bot5,27,False
bot5,bot2,bot5,bot5,61,False
bot5,bot2,bot2,bot5,27,False
bot5,bot2,bot5,bot2,156,False
bot5,bot2,bot2,bot5,27,False
bot5,bot2,bot5,bot2,172,False
bot5,bot2,bot2,bot5,27,False
bot5,bot2,bot5,bot5,61,False
bot5,bot2,bot2,bot5,27,False
bot5,bot2,bot5,bot5,61,False
bot5,bot2,bot2,bot5,27,False
bot5,bot2,bot5,bot5,61,False
bot5,bot2,bot2,bot5,27,False
bot5,bot2,bot5,bot5,61,False
bot5,bot2,bot2,bot5,27,False
bot5,bot2,bot5,bot5,61,False
bot5,bot2,bot2,bot5,27,False
bot5,bot2,bot5,bot5,61,False
bot5,bot2,bot2,bot5,27,False
bot5,bot2,bot5,bot5,69,False
bot5,bot2,bot2,bot5,27,False
bot5,bot2,bot5,bot5,61,False
bot5,bot2,bot2,bot5,27,False
bot5,bot2,bot5,bot5,61,False
bot5,bot2,bot2,bot5,27,False
bot5,bot2,bot5,bot5,61,False
bot5,bot2,bot2,bot5,27,False
bot5,bot2,bot5,bot5,61,False
bot5,bot2,bot2,bot5,27,False
bot5,bot2,bot5,bot5,61,False
bot5,bot2,bot2,bot5,27,False
bot5,bot2,bot5,bot5,61,False
bot5,bot2,bot2,bot5,27,False
bot5,bot2,bot5,bot5,61,False
bot5,bot2,bot2,bot5,27,False
bot5,bot2,bot5,bot5,61,False
bot5,bot2,bot2,bot5,27,False
bot5,bot2,bot5,bot5,69,False
bot5,bot2,bot2,bot5,27,False
bot5,bot2,bot5,bot5,69,False
bot5,bot2,bot2,bot5,27,False
bot5,bot2,bot5,bot5,61,False
bot5,bot2,bot2,bot5,27,False
bot5,bot2,bot5,bot5,61,False
bot5,bot2,bot2,bot5,27,False
bot5,bot2,bot5,bot5,69,False
bot5,bot2,bot2,bot5,27,False
bot5,bot2,bot5,bot5,61,False
bot5,bot2,bot2,bot5,27,False
bot5,bot2,bot5,bot5,61,False
bot5,bot2,bot2,bot5,27,False
bot5,bot2,bot5,bot5,61,False
bot5,bot2,bot2,bot5,27,False
bot5,bot2,bot5,bot5,61,False
bot5,bot2,bot2,bot5,27,False
bot5,bot2,bot5,bot5,61,False
bot5,bot2,bot2,bot5,27,False
bot5,bot2,bot5,bot5,61,False
bot5,bot2,bot2,bot5,27,False
bot5,bot2,bot5,bot5,61,False
bot5,bot2,bot2,bot5,27,False
bot5,bot2,bot5,bot5,61,False
bot5,bot2,bot2,bot5,27,False
bot5,bot2,bot5,bot2,132,False
bot5,bot2,bot2,bot5,27,False
bot5,bot2,bot5,bot5,61,False
bot5,bot2,bot2,bot5,27,False
bot5,bot2,bot5,None,200,True
bot5,bot2,bot2,bot5,27,False
bot5,bot2,bot5,bot5,61,False
bot5,bot2,bot2,bot5,27,False
bot5,bot2,bot5,bot5,61,False
bot5,bot2,bot2,bot5,27,False
bot5,bot2,bot5,bot5,61,False
bot5,bot2,bot2,bot5,27,False
bot5,bot2,bot5,bot5,61,False
bot5,bot2,bot2,bot5,27,False
bot5,bot2,bot5,bot5,61,False
bot5,bot2,bot2,bot5,27,False
bot5,bot3,bot5,bot5,30,False
bot5,bot3,bot3,bot5,27,False
bot5,bot3,bot5,bot5,30,False
bot5,bot3,bot3,bot5,27,False
bot5,bot3,bot5,bot5,30,False
bot5,bot3,bot3,bot5,27,False
bot5,bot3,bot5,bot5,30,False
bot5,bot3,bot3,bot5,27,False
bot5,bot3,bot5,bot5,30,False
bot5,bot3,bot3,bot5,27,False
bot5,bot3,bot5,bot5,30,False
bot5,bot3,bot3,bot5,27,False
bot5,bot3,bot5,bot5,30,False
bot5,bot3,bot3,bot5,27,False
bot5,bot3,bot5,bot5,30,False
bot5,bot3,bot3,bot5,27,False
bot5,bot3,bot5,bot5,30,False
bot5,bot3,bot3,bot5,27,False
bot5,bot3,bot5,bot5,30,False
bot5,bot3,bot3,bot5,27,False
bot5,bot3,bot5,bot5,30,False
bot5,bot3,bot3,bot5,27,False
bot5,bot3,bot5,bot5,30,False
bot5,bot3,bot3,bot5,27,False
bot5,bot3,bot5,bot5,30,False
bot5,bot3,bot3,bot5,27,False
bot5,bot3,bot5,bot5,30,False
bot5,bot3,bot3,bot5,27,False
bot5,bot3,bot5,bot5,30,False
bot5,bot3,bot3,bot5,27,False
bot5,bot3,bot5,bot5,30,False
bot5,bot3,bot3,bot5,27,False
bot5,bot3,bot5,bot5,30,False
bot5,bot3,bot3,bot5,27,False
bot5,bot3,bot5,bot5,30,False
bot5,bot3,bot3,bot5,27,False
bot5,bot3,bot5,bot5,30,False
bot5,bot3,bot3,bot5,27,False
bot5,bot3,bot5,bot5,30,False
bot5,bot3,bot3,bot5,27,False
bot5,bot3,bot5,bot5,30,False
bot5,bot3,bot3,bot5,27,False
bot5,bot3,bot5,bot5,30,False
bot5,bot3,bot3,bot5,27,False
bot5,bot3,bot5,bot5,30,False
bot5,bot3,bot3,bot5,27,False
bot5,bot3,bot5,bot5,30,False
bot5,bot3,bot3,bot5,27,False
bot5,bot3,bot5,bot5,30,False
bot5,bot3,bot3,bot5,27,False
bot5,bot3,bot5,bot5,30,False
bot5,bot3,bot3,bot5,27,False
bot5,bot3,bot5,bot5,30,False
bot5,bot3,bot3,bot5,27,False
bot5,bot3,bot5,bot5,30,False
bot5,bot3,bot3,bot5,27,False
bot5,bot3,bot5,bot5,30,False
bot5,bot3,bot3,bot5,27,False
bot5,bot3,bot5,bot5,30,False
bot5,bot3,bot3,bot5,27,False
bot5,bot3,bot5,bot5,30,False
bot5,bot3,bot3,bot5,27,False
bot5,bot3,bot5,bot5,30,False
bot5,bot3,bot3,bot5,27,False
bot5,bot3,bot5,bot5,30,False
bot5,bot3,bot3,bot5,27,False
bot5,bot3,bot5,bot5,30,False
bot5,bot3,bot3,bot5,27,False
bot5,bot3,bot5,bot5,30,False
bot5,bot3,bot3,bot5,27,False
bot5,bot3,bot5,bot5,30,False
bot5,bot3,bot3,bot5,27,False
bot5,bot3,bot5,bot5,30,False
bot5,bot3,bot3,bot5,27,False
bot5,bot3,bot5,bot5,30,False
bot5,bot3,bot3,bot5,27,False
bot5,bot3,bot5,bot5,30,False
bot5,bot3,bot3,bot5,27,False
bot5,bot3,bot5,bot5,30,False
bot5,bot3,bot3,bot5,27,False
bot5,bot3,bot5,bot5,30,False
bot5,bot3,bot3,bot5,27,False
bot5,bot3,bot5,bot5,30,False
bot5,bot3,bot3,bot5,27,False
bot5,bot3,bot5,bot5,30,False
bot5,bot3,bot3,bot5,27,False
bot5,bot3,bot5,bot5,30,False
bot5,bot3,bot3,bot5,27,False
bot5,bot3,bot5,bot5,30,False
bot5,bot3,bot3,bot5,27,False
bot5,bot3,bot5,bot5,30,False
bot5,bot3,bot3,bot5,27,False
bot5,bot3,bot5,bot5,30,False
bot5,bot3,bot3,bot5,27,False
bot5,bot3,bot5,bot5,30,False
bot5,bot3,bot3,bot5,27,False
bot5,bot3,bot5,bot5,30,False
bot5,bot3,bot3,bot5,27,False
bot5,bot3,bot5,bot5,30,False
bot5,bot3,bot3,bot5,27,False
bot5,bot3,bot5,bot5,30,False
bot5,bot3,bot3,bot5,27,False
bot5,bot3,bot5,bot5,30,False
bot5,bot3,bot3,bot5,27,False
bot5,bot3,bot5,bot5,30,False
bot5,bot3,bot3,bot5,27,False
bot5,bot3,bot5,bot5,30,False
bot5,bot3,bot3,bot5,27,False
bot5,bot3,bot5,bot5,30,False
bot5,bot3,bot3,bot5,27,False
bot5,bot3,bot5,bot5,30,False
bot5,bot3,bot3,bot5,27,False
bot5,bot3,bot5,bot5,30,False
bot5,bot3,bot3,bot5,27,False
bot5,bot3,bot5,bot5,30,False
bot5,bot3,bot3,bot5,27,False
bot5,bot3,bot5,bot5,30,False
bot5,bot3,bot3,bot5,27,False
bot5,bot3,bot5,bot5,30,False
bot5,bot3,bot3,bot5,27,False
bot5,bot3,bot5,bot5,30,False
bot5,bot3,bot3,bot5,27,False
bot5,bot3,bot5,bot5,30,False
bot5,bot3,bot3,bot5,27,False
bot5,bot3,bot5,bot5,30,False
bot5,bot3,bot3,bot5,27,False
bot5,bot3,bot5,bot5,30,False
bot5,bot3,bot3,bot5,27,False
bot5,bot3,bot5,bot5,30,False
bot5,bot3,bot3,bot5,27,False
bot5,bot3,bot5,bot5,30,False
bot5,bot3,bot3,bot5,27,False
bot5,bot3,bot5,bot5,30,False
bot5,bot3,bot3,bot5,27,False
bot5,bot3,bot5,bot5,30,False
bot5,bot3,bot3,bot5,27,False
bot5,bot3,bot5,bot5,30,False
bot5,bot3,bot3,bot5,27,False
bot5,bot3,bot5,bot5,30,False
bot5,bot3,bot3,bot5,27,False
bot5,bot3,bot5,bot5,30,False
bot5,bot3,bot3,bot5,27,False
bot5,bot3,bot5,bot5,30,False
bot5,bot3,bot3,bot5,27,False
bot5,bot3,bot5,bot5,30,False
bot5,bot3,bot3,bot5,27,False
bot5,bot3,bot5,bot5,30,False
bot5,bot3,bot3,bot5,27,False
bot5,bot3,bot5,bot5,30,False
bot5,bot3,bot3,bot5,27,False
bot5,bot3,bot5,bot5,30,False
bot5,bot3,bot3,bot5,27,False
bot5,bot3,bot5,bot5,30,False
bot5,bot3,bot3,bot5,27,False
bot5,bot3,bot5,bot5,30,False
bot5,bot3,bot3,bot5,27,False
bot5,bot3,bot5,bot5,30,False
bot5,bot3,bot3,bot5,27,False
bot5,bot3,bot5,bot5,30,False
bot5,bot3,bot3,bot5,27,False
bot5,bot3,bot5,bot5,30,False
bot5,bot3,bot3,bot5,27,False
bot5,bot3,bot5,bot5,30,False
bot5,bot3,bot3,bot5,27,False
bot5,bot3,bot5,bot5,30,False
bot5,bot3,bot3,bot5,27,False
bot5,bot3,bot5,bot5,30,False
bot5,bot3,bot3,bot5,27,False
bot5,bot3,bot5,bot5,30,False
bot5,bot3,bot3,bot5,27,False
bot5,bot3,bot5,bot5,30,False
bot5,bot3,bot3,bot5,27,False
bot5,bot3,bot5,bot5,30,False
bot5,bot3,bot3,bot5,27,False
bot5,bot3,bot5,bot5,30,False
bot5,bot3,bot3,bot5,27,False
bot5,bot3,bot5,bot5,30,False
bot5,bot3,bot3,bot5,27,False
bot5,bot3,bot5,bot5,30,False
bot5,bot3,bot3,bot5,27,False
bot5,bot3,bot5,bot5,30,False
bot5,bot3,bot3,bot5,27,False
bot5,bot3,bot5,bot5,30,False
bot5,bot3,bot3,bot5,27,False
bot5,bot3,bot5,bot5,30,False
bot5,bot3,bot3,bot5,27,False
bot5,bot3,bot5,bot5,30,False
bot5,bot3,bot3,bot5,27,False
bot5,bot3,bot5,bot5,30,False
bot5,bot3,bot3,bot5,27,False
bot5,bot3,bot5,bot5,30,False
bot5,bot3,bot3,bot5,27,False
bot5,bot3,bot5,bot5,30,False
bot5,bot3,bot3,bot5,27,False
bot5,bot3,bot5,bot5,30,False
bot5,bot3,bot3,bot5,27,False
bot5,bot3,bot5,bot5,30,False
bot5,bot3,bot3,bot5,27,False
bot5,bot3,bot5,bot5,30,False
bot5,bot3,bot3,bot5,27,False
bot5,bot3,bot5,bot5,30,False
bot5,bot3,bot3,bot5,27,False
bot5,bot3,bot5,bot5,30,False
bot5,bot3,bot3,bot5,27,False
bot5,bot3,bot5,bot5,30,False
bot5,bot3,bot3,bot5,27,False
bot5,bot3,bot5,bot5,30,False
bot5,bot3,bot3,bot5,27,False
bot5,bot3,bot5,bot5,30,False
bot5,bot3,bot3,bot5,27,False
bot5,bot3,bot5,bot5,30,False
bot5,bot3,bot3,bot5,27,False
bot5,bot3,bot5,bot5,30,False
bot5,bot3,bot3,bot5,27,False
bot5,bot3,bot5,bot5,30,False
bot5,bot3,bot3,bot5,27,False
bot5,bot3,bot5,bot5,30,False
bot5,bot3,bot3,bot5,27,False
bot5,bot3,bot5,bot5,30,False
bot5,bot3,bot3,bot5,27,False
bot5,bot3,bot5,bot5,30,False
bot5,bot3,bot3,bot5,27,False
bot5,bot3,bot5,bot5,30,False
bot5,bot3,bot3,bot5,27,False
bot5,bot3,bot5,bot5,30,False
bot5,bot3,bot3,bot5,27,False
bot5,bot3,bot5,bot5,30,False
bot5,bot3,bot3,bot5,27,False
bot5,bot3,bot5,bot5,30,False
bot5,bot3,bot3,bot5,27,False
bot5,bot3,bot5,bot5,30,False
bot5,bot3,bot3,bot5,27,False
bot5,bot3,bot5,bot5,30,False
bot5,bot3,bot3,bot5,27,False
bot5,bot3,bot5,bot5,30,False
bot5,bot3,bot3,bot5,27,False
bot5,bot3,bot5,bot5,30,False
bot5,bot3,bot3,bot5,27,False
bot5,bot3,bot5,bot5,30,False
bot5,bot3,bot3,bot5,27,False
bot5,bot3,bot5,bot5,30,False
bot5,bot3,bot3,bot5,27,False
bot5,bot3,bot5,bot5,30,False
bot5,bot3,bot3,bot5,27,False
bot5,bot3,bot5,bot5,30,False
bot5,bot3,bot3,bot5,27,False
bot5,bot3,bot5,bot5,30,False
bot5,bot3,bot3,bot5,27,False
bot5,bot3,bot5,bot5,30,False
bot5,bot3,bot3,bot5,27,False
bot5,bot3,bot5,bot5,30,False
bot5,bot3,bot3,bot5,27,False
bot5,bot3,bot5,bot5,30,False
bot5,bot3,bot3,bot5,27,False
bot5,bot3,bot5,bot5,30,False
bot5,bot3,bot3,bot5,27,False
bot5,bot3,bot5,bot5,30,False
bot5,bot3,bot3,bot5,27,False
bot5,bot3,bot5,bot5,30,False
bot5,bot3,bot3,bot5,27,False
bot5,bot3,bot5,bot5,30,False
bot5,bot3,bot3,bot5,27,False
bot5,bot3,bot5,bot5,30,False
bot5,bot3,bot3,bot5,27,False
bot5,bot3,bot5,bot5,30,False
bot5,bot3,bot3,bot5,27,False
bot5,bot3,bot5,bot5,30,False
bot5,bot3,bot3,bot5,27,False
bot5,bot3,bot5,bot5,30,False
bot5,bot3,bot3,bot5,27,False
bot5,bot3,bot5,bot5,30,False
bot5,bot3,bot3,bot5,27,False
bot5,bot3,bot5,bot5,30,False
bot5,bot3,bot3,bot5,27,False
bot5,bot3,bot5,bot5,30,False
bot5,bot3,bot3,bot5,27,False
bot5,bot3,bot5,bot5,30,False
bot5,bot3,bot3,bot5,27,False
bot5,bot3,bot5,bot5,30,False
bot5,bot3,bot3,bot5,27,False
bot5,bot3,bot5,bot5,30,False
bot5,bot3,bot3,bot5,27,False
bot5,bot3,bot5,bot5,30,False
bot5,bot3,bot3,bot5,27,False
bot5,bot3,bot5,bot5,30,False
bot5,bot3,bot3,bot5,27,False
bot5,bot3,bot5,bot5,30,False
bot5,bot3,bot3,bot5,27,False
bot5,bot3,bot5,bot5,30,False
bot5,bot3,bot3,bot5,27,False
bot5,bot3,bot5,bot5,30,False
bot5,bot3,bot3,bot5,27,False
bot5,bot3,bot5,bot5,30,False
bot5,bot3,bot3,bot5,27,False
bot5,bot3,bot5,bot5,30,False
bot5,bot3,bot3,bot5,27,False
bot5,bot3,bot5,bot5,30,False
bot5,bot3,bot3,bot5,27,False
bot5,bot3,bot5,bot5,30,False
bot5,bot3,bot3,bot5,27,False
bot5,bot4,bot5,bot5,40,False
bot5,bot4,bot4,bot5,27,False
bot5,bot4,bot5,bot5,40,False
bot5,bot4,bot4,bot5,27,False
bot5,bot4,bot5,bot5,28,False
bot5,bot4,bot4,bot5,27,False
bot5,bot4,bot5,bot5,40,False
bot5,bot4,bot4,bot5,27,False
bot5,bot4,bot5,bot5,40,False
bot5,bot4,bot4,bot5,27,False
bot5,bot4,bot5,bot5,40,False
bot5,bot4,bot4,bot5,27,False
bot5,bot4,bot5,bot5,40,False
bot5,bot4,bot4,bot5,27,False
bot5,bot4,bot5,bot5,40,False
bot5,bot4,bot4,bot5,27,False
bot5,bot4,bot5,bot5,40,False
bot5,bot4,bot4,bot5,27,False
bot5,bot4,bot5,bot5,40,False
bot5,bot4,bot4,bot5,27,False
bot5,bot4,bot5,bot5,40,False
bot5,bot4,bot4,None,200,True
bot5,bot4,bot5,bot5,28,False
bot5,bot4,bot4,bot5,27,False
bot5,bot4,bot5,bot5,40,False
bot5,bot4,bot4,bot5,27,False
bot5,bot4,bot5,bot5,40,False
bot5,bot4,bot4,bot5,27,False
bot5,bot4,bot5,bot5,40,False
bot5,bot4,bot4,bot5,27,False
bot5,bot4,bot5,bot5,40,False
bot5,bot4,bot4,None,200,True
bot5,bot4,bot5,bot5,28,False
bot5,bot4,bot4,bot5,27,False
bot5,bot4,bot5,bot5,40,False
bot5,bot4,bot4,bot5,27,False
bot5,bot4,bot5,bot5,40,False
bot5,bot4,bot4,bot5,27,False
bot5,bot4,bot5,bot4,38,False
bot5,bot4,bot4,bot5,27,False
bot5,bot4,bot5,bot5,40,False
bot5,bot4,bot4,bot5,27,False
bot5,bot4,bot5,bot5,28,False
bot5,bot4,bot4,bot5,27,False
bot5,bot4,bot5,bot5,28,False
bot5,bot4,bot4,bot5,27,False
bot5,bot4,bot5,bot5,40,False
bot5,bot4,bot4,bot5,27,False
bot5,bot4,bot5,bot5,40,False
bot5,bot4,bot4,bot5,27,False
bot5,bot4,bot5,bot5,40,False
bot5,bot4,bot4,bot5,27,False
bot5,bot4,bot5,bot5,40,False
bot5,bot4,bot4,bot5,27,False
bot5,bot4,bot5,bot5,40,False
bot5,bot4,bot4,bot5,27,False
bot5,bot4,bot5,bot4,38,False
bot5,bot4,bot4,bot5,27,False
bot5,bot4,bot5,bot5,40,False
bot5,bot4,bot4,bot5,27,False
bot5,bot4,bot5,bot5,40,False
bot5,bot4,bot4,None,200,True
bot5,bot4,bot5,bot5,40,False
bot5,bot4,bot4,bot5,27,False
bot5,bot4,bot5,bot5,28,False
bot5,bot4,bot4,bot5,27,False
bot5,bot4,bot5,bot5,40,False
bot5,bot4,bot4,bot5,27,False
bot5,bot4,bot5,bot5,40,False
bot5,bot4,bot4,bot5,27,False
bot5,bot4,bot5,bot5,40,False
bot5,bot4,bot4,bot5,27,False
bot5,bot4,bot5,bot5,40,False
bot5,bot4,bot4,bot5,27,False
bot5,bot4,bot5,bot5,40,False
bot5,bot4,bot4,bot5,27,False
bot5,bot4,bot5,bot4,38,False
bot5,bot4,bot4,bot5,27,False
bot5,bot4,bot5,bot5,40,False
bot5,bot4,bot4,bot5,27,False
bot5,bot4,bot5,bot5,40,False
bot5,bot4,bot4,bot5,27,False
bot5,bot4,bot5,bot5,28,False
bot5,bot4,bot4,bot5,27,False
bot5,bot4,bot5,bot5,40,False
bot5,bot4,bot4,bot5,27,False
bot5,bot4,bot5,bot4,38,False
bot5,bot4,bot4,bot5,27,False
bot5,bot4,bot5,bot5,40,False
bot5,bot4,bot4,bot5,27,False
bot5,bot4,bot5,bot5,28,False
bot5,bot4,bot4,bot5,27,False
bot5,bot4,bot5,bot5,40,False
bot5,bot4,bot4,bot5,27,False
bot5,bot4,bot5,bot5,40,False
bot5,bot4,bot4,bot5,27,False
bot5,bot4,bot5,bot5,40,False
bot5,bot4,bot4,bot5,27,False
bot5,bot4,bot5,bot5,40,False
bot5,bot4,bot4,bot5,27,False
bot5,bot4,bot5,bot5,40,False
bot5,bot4,bot4,bot5,27,False
bot5,bot4,bot5,bot5,28,False
bot5,bot4,bot4,bot5,27,False
bot5,bot4,bot5,bot5,40,False
bot5,bot4,bot4,bot5,27,False
bot5,bot4,bot5,bot5,40,False
bot5,bot4,bot4,bot5,27,False
bot5,bot4,bot5,bot5,40,False
bot5,bot4,bot4,bot5,27,False
bot5,bot4,bot5,bot5,40,False
bot5,bot4,bot4,bot5,27,False
bot5,bot4,bot5,bot5,40,False
bot5,bot4,bot4,bot5,27,False
bot5,bot4,bot5,bot5,40,False
bot5,bot4,bot4,bot5,27,False
bot5,bot4,bot5,bot5,28,False
bot5,bot4,bot4,bot5,27,False
bot5,bot4,bot5,bot5,40,False
bot5,bot4,bot4,bot5,27,False
bot5,bot4,bot5,bot5,40,False
bot5,bot4,bot4,bot5,27,False
bot5,bot4,bot5,bot5,40,False
bot5,bot4,bot4,bot5,27,False
bot5,bot4,bot5,bot5,40,False
bot5,bot4,bot4,bot5,27,False
bot5,bot4,bot5,bot5,40,False
bot5,bot4,bot4,bot5,27,False
bot5,bot4,bot5,bot5,40,False
bot5,bot4,bot4,bot5,27,False
bot5,bot4,bot5,bot5,40,False
bot5,bot4,bot4,bot5,27,False
bot5,bot4,bot5,bot4,38,False
bot5,bot4,bot4,bot5,27,False
bot5,bot4,bot5,bot5,40,False
bot5,bot4,bot4,bot5,27,False
bot5,bot4,bot5,bot5,40,False
bot5,bot4,bot4,bot5,27,False
bot5,bot4,bot5,bot5,28,False
bot5,bot4,bot4,bot5,27,False
bot5,bot4,bot5,bot5,40,False
bot5,bot4,bot4,bot5,27,False
bot5,bot4,bot5,bot5,40,False
bot5,bot4,bot4,bot5,27,False
bot5,bot4,bot5,bot5,40,False
bot5,bot4,bot4,bot5,27,False
bot5,bot4,bot5,bot5,40,False
bot5,bot4,bot4,bot5,27,False
bot5,bot4,bot5,bot5,40,False
bot5,bot4,bot4,bot5,27,False
bot5,bot4,bot5,bot5,40,False
bot5,bot4,bot4,bot5,27,False
bot5,bot4,bot5,bot5,40,False
bot5,bot4,bot4,bot5,27,False
bot5,bot4,bot5,bot5,28,False
bot5,bot4,bot4,bot5,27,False
bot5,bot4,bot5,bot5,40,False
bot5,bot4,bot4,bot5,27,False
bot5,bot4,bot5,bot5,40,False
bot5,bot4,bot4,bot5,27,False
bot5,bot4,bot5,bot5,40,False
bot5,bot4,bot4,bot5,27,False
bot5,bot4,bot5,bot5,40,False
bot5,bot4,bot4,bot5,27,False
bot5,bot4,bot5,bot5,40,False
bot5,bot4,bot4,bot5,27,False
bot5,bot4,bot5,bot5,40,False
bot5,bot4,bot4,bot5,27,False
bot5,bot4,bot5,bot5,40,False
bot5,bot4,bot4,bot5,27,False
bot5,bot4,bot5,bot5,40,False
bot5,bot4,bot4,bot5,27,False
bot5,bot4,bot5,bot5,40,False
bot5,bot4,bot4,bot5,27,False
bot5,bot4,bot5,bot5,40,False
bot5,bot4,bot4,bot5,27,False
bot5,bot4,bot5,bot5,40,False
bot5,bot4,bot4,None,200,True
bot5,bot4,bot5,bot5,40,False
bot5,bot4,bot4,bot5,27,False
bot5,bot4,bot5,bot5,28,False
bot5,bot4,bot4,bot5,27,False
bot5,bot4,bot5,bot5,40,False
bot5,bot4,bot4,bot5,27,False
bot5,bot4,bot5,bot4,38,False
bot5,bot4,bot4,bot5,27,False
bot5,bot4,bot5,bot5,28,False
bot5,bot4,bot4,bot5,27,False
bot5,bot4,bot5,bot5,40,False
bot5,bot4,bot4,bot5,27,False
bot5,bot4,bot5,bot5,40,False
bot5,bot4,bot4,bot5,27,False
bot5,bot4,bot5,bot5,40,False
bot5,bot4,bot4,bot5,27,False
bot5,bot4,bot5,bot5,28,False
bot5,bot4,bot4,None,200,True
bot5,bot4,bot5,bot5,40,False
bot5,bot4,bot4,bot5,27,False
bot5,bot4,bot5,bot5,40,False
bot5,bot4,bot4,bot5,27,False
bot5,bot4,bot5,bot5,40,False
bot5,bot4,bot4,bot5,27,False
bot5,bot4,bot5,bot5,28,False
bot5,bot4,bot4,bot5,27,False
bot5,bot4,bot5,bot5,40,False
bot5,bot4,bot4,bot5,27,False
bot5,bot4,bot5,bot5,40,False
bot5,bot4,bot4,bot5,27,False
bot5,bot4,bot5,bot5,40,False
bot5,bot4,bot4,bot5,27,False
bot5,bot4,bot5,bot5,40,False
bot5,bot4,bot4,bot5,27,False
bot5,bot4,bot5,bot5,40,False
bot5,bot4,bot4,bot5,27,False
bot5,bot4,bot5,bot5,40,False
bot5,bot4,bot4,bot5,27,False
bot5,bot4,bot5,bot5,40,False
bot5,bot4,bot4,bot5,27,False
bot5,bot4,bot5,bot5,28,False
bot5,bot4,bot4,bot5,27,False
bot5,bot4,bot5,bot5,40,False
bot5,bot4,bot4,bot5,27,False
bot5,bot4,bot5,bot4,38,False
bot5,bot4,bot4,bot5,27,False
bot5,bot4,bot5,bot5,40,False
bot5,bot4,bot4,None,200,True
bot5,bot4,bot5,bot5,40,False
bot5,bot4,bot4,bot5,27,False
bot5,bot4,bot5,bot5,28,False
bot5,bot4,bot4,bot5,27,False
bot5,bot4,bot5,bot5,28,False
bot5,bot4,bot4,bot5,27,False
bot5,bot4,bot5,bot4,38,False
bot5,bot4,bot4,bot5,27,False
bot5,bot4,bot5,bot5,40,False
bot5,bot4,bot4,bot5,27,False
bot5,bot4,bot5,bot4,38,False
bot5,bot4,bot4,bot5,27,False
bot5,bot4,bot5,bot5,40,False
bot5,bot4,bot4,bot5,27,False
bot5,bot4,bot5,bot5,40,False
bot5,bot4,bot4,bot5,27,False
bot5,bot4,bot5,bot5,40,False
bot5,bot4,bot4,bot5,27,False
bot5,bot4,bot5,bot5,40,False
bot5,bot4,bot4,bot5,27,False
bot5,bot4,bot5,bot5,40,False
bot5,bot4,bot4,bot5,27,False
bot5,bot4,bot5,bot5,40,False
bot5,bot4,bot4,bot5,27,False
bot5,bot4,bot5,bot5,40,False
bot5,bot4,bot4,bot5,27,False
bot5,bot4,bot5,bot5,40,False
bot5,bot4,bot4,bot5,27,False
bot5,bot4,bot5,bot5,40,False
bot5,bot4,bot4,bot5,27,False
bot5,bot4,bot5,bot5,40,False
bot5,bot4,bot4,bot5,27,False
bot5,bot4,bot5,bot5,40,False
bot5,bot4,bot4,bot5,27,False
bot5,bot4,bot5,bot5,40,False
bot5,bot4,bot4,bot5,27,False
bot5,bot4,bot5,bot5,40,False
bot5,bot4,bot4,bot5,27,False
bot5,bot4,bot5,bot4,38,False
bot5,bot4,bot4,bot5,27,False
bot5,bot4,bot5,bot5,40,False
bot5,bot4,bot4,bot5,27,False
bot5,bot4,bot5,bot5,40,False
bot5,bot4,bot4,bot5,27,False
bot5,bot4,bot5,bot5,40,False
bot5,bot4,bot4,bot5,27,False
bot5,bot4,bot5,bot5,28,False
bot5,bot4,bot4,bot5,27,False
bot5,bot4,bot5,bot5,40,False
bot5,bot4,bot4,bot4,28,False
bot5,bot4,bot5,bot5,28,False
bot5,bot4,bot4,bot5,27,False
bot5,bot4,bot5,bot5,40,False
bot5,bot4,bot4,bot5,27,False
bot5,bot4,bot5,bot5,40,False
bot5,bot4,bot4,bot5,27,False
bot5,bot4,bot5,bot5,40,False
bot5,bot4,bot4,bot5,27,False
bot5,bot4,bot5,bot5,40,False
bot5,bot4,bot4,bot5,27,False
bot5,bot4,bot5,bot5,40,False
bot5,bot4,bot4,bot5,27,False
bot5,bot4,bot5,bot5,40,False
bot5,bot4,bot4,bot5,27,False
bot5,bot4,bot5,bot5,40,False
bot5,bot4,bot4,bot5,27,False
bot5,bot4,bot5,bot5,40,False
bot5,bot4,bot4,bot5,27,False
bot5,bot4,bot5,bot5,40,False
bot5,bot4,bot4,bot5,27,False
bot5,bot4,bot5,bot5,40,False
bot5,bot4,bot4,bot5,27,False
bot5,bot4,bot5,bot5,40,False
bot5,bot4,bot4,bot5,27,False
bot2,bot3,bot2,bot2,34,False
bot2,bot3,bot3,bot3,34,False
bot2,bot3,bot2,bot2,34,False
bot2,bot3,bot3,bot3,34,False
bot2,bot3,bot2,bot2,34,False
bot2,bot3,bot3,bot3,34,False
bot2,bot3,bot2,bot2,34,False
bot2,bot3,bot3,bot3,34,False
bot2,bot3,bot2,bot2,34,False
bot2,bot3,bot3,bot3,34,False
bot2,bot3,bot2,bot2,34,False
bot2,bot3,bot3,bot3,34,False
bot2,bot3,bot2,bot2,34,False
bot2,bot3,bot3,bot3,34,False
bot2,bot3,bot2,bot2,34,False
bot2,bot3,bot3,bot3,34,False
bot2,bot3,bot2,bot2,34,False
bot2,bot3,bot3,bot3,34,False
bot2,bot3,bot2,bot2,34,False
bot2,bot3,bot3,bot3,34,False
bot2,bot3,bot2,bot2,34,False
bot2,bot3,bot3,bot3,34,False
bot2,bot3,bot2,bot2,34,False
bot2,bot3,bot3,bot3,34,False
bot2,bot3,bot2,bot2,34,False
bot2,bot3,bot3,bot3,34,False
bot2,bot3,bot2,bot2,34,False
bot2,bot3,bot3,bot3,34,False
bot2,bot3,bot2,bot2,34,False
bot2,bot3,bot3,bot3,34,False
bot2,bot3,bot2,bot2,34,False
bot2,bot3,bot3,bot3,34,False
bot2,bot3,bot2,bot2,34,False
bot2,bot3,bot3,bot3,34,False
bot2,bot3,bot2,bot2,34,False
bot2,bot3,bot3,bot3,34,False
bot2,bot3,bot2,bot2,34,False
bot2,bot3,bot3,bot3,34,False
bot2,bot3,bot2,bot2,34,False
bot2,bot3,bot3,bot3,34,False
bot2,bot3,bot2,bot2,34,False
bot2,bot3,bot3,bot3,34,False
bot2,bot3,bot2,bot2,34,False
bot2,bot3,bot3,bot3,34,False
bot2,bot3,bot2,bot2,34,False
bot2,bot3,bot3,bot3,34,False
bot2,bot3,bot2,bot2,34,False
bot2,bot3,bot3,bot3,34,False
bot2,bot3,bot2,bot2,34,False
bot2,bot3,bot3,bot3,34,False
bot2,bot3,bot2,bot2,34,False
bot2,bot3,bot3,bot3,34,False
bot2,bot3,bot2,bot2,34,False
bot2,bot3,bot3,bot3,34,False
bot2,bot3,bot2,bot2,34,False
bot2,bot3,bot3,bot3,34,False
bot2,bot3,bot2,bot2,34,False
bot2,bot3,bot3,bot3,34,False
bot2,bot3,bot2,bot2,34,False
bot2,bot3,bot3,bot3,34,False
bot2,bot3,bot2,bot2,34,False
bot2,bot3,bot3,bot3,34,False
bot2,bot3,bot2,bot2,34,False
bot2,bot3,bot3,bot3,34,False
bot2,bot3,bot2,bot2,34,False
bot2,bot3,bot3,bot3,34,False
bot2,bot3,bot2,bot2,34,False
bot2,bot3,bot3,bot3,34,False
bot2,bot3,bot2,bot2,34,False
bot2,bot3,bot3,bot3,34,False
bot2,bot3,bot2,bot2,34,False
bot2,bot3,bot3,bot3,34,False
bot2,bot3,bot2,bot2,34,False
bot2,bot3,bot3,bot3,34,False
bot2,bot3,bot2,bot2,34,False
bot2,bot3,bot3,bot3,34,False
bot2,bot3,bot2,bot2,34,False
bot2,bot3,bot3,bot3,34,False
bot2,bot3,bot2,bot2,34,False
bot2,bot3,bot3,bot3,34,False
bot2,bot3,bot2,bot2,34,False
bot2,bot3,bot3,bot3,34,False
bot2,bot3,bot2,bot2,34,False
bot2,bot3,bot3,bot3,34,False
bot2,bot3,bot2,bot2,34,False
bot2,bot3,bot3,bot3,34,False
bot2,bot3,bot2,bot2,34,False
bot2,bot3,bot3,bot3,34,False
bot2,bot3,bot2,bot2,34,False
bot2,bot3,bot3,bot3,34,False
bot2,bot3,bot2,bot2,34,False
bot2,bot3,bot3,bot3,34,False
bot2,bot3,bot2,bot2,34,False
bot2,bot3,bot3,bot3,34,False
bot2,bot3,bot2,bot2,34,False
bot2,bot3,bot3,bot3,34,False
bot2,bot3,bot2,bot2,34,False
bot2,bot3,bot3,bot3,34,False
bot2,bot3,bot2,bot2,34,False
bot2,bot3,bot3,bot3,34,False
bot2,bot3,bot2,bot2,34,False
bot2,bot3,bot3,bot3,34,False
bot2,bot3,bot2,bot2,34,False
bot2,bot3,bot3,bot3,34,False
bot2,bot3,bot2,bot2,34,False
bot2,bot3,bot3,bot3,34,False
bot2,bot3,bot2,bot2,34,False
bot2,bot3,bot3,bot3,34,False
bot2,bot3,bot2,bot2,34,False
bot2,bot3,bot3,bot3,34,False
bot2,bot3,bot2,bot2,34,False
bot2,bot3,bot3,bot3,34,False
bot2,bot3,bot2,bot2,34,False
bot2,bot3,bot3,bot3,34,False
bot2,bot3,bot2,bot2,34,False
bot2,bot3,bot3,bot3,34,False
bot2,bot3,bot2,bot2,34,False
bot2,bot3,bot3,bot3,34,False
bot2,bot3,bot2,bot2,34,False
bot2,bot3,bot3,bot3,34,False
bot2,bot3,bot2,bot2,34,False
bot2,bot3,bot3,bot3,34,False
bot2,bot3,bot2,bot2,34,False
bot2,bot3,bot3,bot3,34,False
bot2,bot3,bot2,bot2,34,False
bot2,bot3,bot3,bot3,34,False
bot2,bot3,bot2,bot2,34,False
bot2,bot3,bot3,bot3,34,False
bot2,bot3,bot2,bot2,34,False
bot2,bot3,bot3,bot3,34,False
bot2,bot3,bot2,bot2,34,False
bot2,bot3,bot3,bot3,34,False
bot2,bot3,bot2,bot2,34,False
bot2,bot3,bot3,bot3,34,False
bot2,bot3,bot2,bot2,34,False
bot2,bot3,bot3,bot3,34,False
bot2,bot3,bot2,bot2,34,False
bot2,bot3,bot3,bot3,34,False
bot2,bot3,bot2,bot2,34,False
bot2,bot3,bot3,bot3,34,False
bot2,bot3,bot2,bot2,34,False
bot2,bot3,bot3,bot3,34,False
bot2,bot3,bot2,bot2,34,False
bot2,bot3,bot3,bot3,34,False
bot2,bot3,bot2,bot2,34,False
bot2,bot3,bot3,bot3,34,False
bot2,bot3,bot2,bot2,34,False
bot2,bot3,bot3,bot3,34,False
bot2,bot3,bot2,bot2,34,False
bot2,bot3,bot3,bot3,34,False
bot2,bot3,bot2,bot2,34,False
bot2,bot3,bot3,bot3,34,False
bot2,bot3,bot2,bot2,34,False
bot2,bot3,bot3,bot3,34,False
bot2,bot3,bot2,bot2,34,False
bot2,bot3,bot3,bot3,34,False
bot2,bot3,bot2,bot2,34,False
bot2,bot3,bot3,bot3,34,False
bot2,bot3,bot2,bot2,34,False
bot2,bot3,bot3,bot3,34,False
bot2,bot3,bot2,bot2,34,False
bot2,bot3,bot3,bot3,34,False
bot2,bot3,bot2,bot2,34,False
bot2,bot3,bot3,bot3,34,False
bot2,bot3,bot2,bot2,34,False
bot2,bot3,bot3,bot3,34,False
bot2,bot3,bot2,bot2,34,False
bot2,bot3,bot3,bot3,34,False
bot2,bot3,bot2,bot2,34,False
bot2,bot3,bot3,bot3,34,False
bot2,bot3,bot2,bot2,34,False
bot2,bot3,bot3,bot3,34,False
bot2,bot3,bot2,bot2,34,False
bot2,bot3,bot3,bot3,34,False
bot2,bot3,bot2,bot2,34,False
bot2,bot3,bot3,bot3,34,False
bot2,bot3,bot2,bot2,34,False
bot2,bot3,bot3,bot3,34,False
bot2,bot3,bot2,bot2,34,False
bot2,bot3,bot3,bot3,34,False
bot2,bot3,bot2,bot2,34,False
bot2,bot3,bot3,bot3,34,False
bot2,bot3,bot2,bot2,34,False
bot2,bot3,bot3,bot3,34,False
bot2,bot3,bot2,bot2,34,False
bot2,bot3,bot3,bot3,34,False
bot2,bot3,bot2,bot2,34,False
bot2,bot3,bot3,bot3,34,False
bot2,bot3,bot2,bot2,34,False
bot2,bot3,bot3,bot3,34,False
bot2,bot3,bot2,bot2,34,False
bot2,bot3,bot3,bot3,34,False
bot2,bot3,bot2,bot2,34,False
bot2,bot3,bot3,bot3,34,False
bot2,bot3,bot2,bot2,34,False
bot2,bot3,bot3,bot3,34,False
bot2,bot3,bot2,bot2,34,False
bot2,bot3,bot3,bot3,34,False
bot2,bot3,bot2,bot2,34,False
bot2,bot3,bot3,bot3,34,False
bot2,bot3,bot2,bot2,34,False
bot2,bot3,bot3,bot3,34,False
bot2,bot3,bot2,bot2,34,False
bot2,bot3,bot3,bot3,34,False
bot2,bot3,bot2,bot2,34,False
bot2,bot3,bot3,bot3,34,False
bot2,bot3,bot2,bot2,34,False
bot2,bot3,bot3,bot3,34,False
bot2,bot3,bot2,bot2,34,False
bot2,bot3,bot3,bot3,34,False
bot2,bot3,bot2,bot2,34,False
bot2,bot3,bot3,bot3,34,False
bot2,bot3,bot2,bot2,34,False
bot2,bot3,bot3,bot3,34,False
bot2,bot3,bot2,bot2,34,False
bot2,bot3,bot3,bot3,34,False
bot2,bot3,bot2,bot2,34,False
bot2,bot3,bot3,bot3,34,False
bot2,bot3,bot2,bot2,34,False
bot2,bot3,bot3,bot3,34,False
bot2,bot3,bot2,bot2,34,False
bot2,bot3,bot3,bot3,34,False
bot2,bot3,bot2,bot2,34,False
bot2,bot3,bot3,bot3,34,False
bot2,bot3,bot2,bot2,34,False
bot2,bot3,bot3,bot3,34,False
bot2,bot3,bot2,bot2,34,False
bot2,bot3,bot3,bot3,34,False
bot2,bot3,bot2,bot2,34,False
bot2,bot3,bot3,bot3,34,False
bot2,bot3,bot2,bot2,34,False
bot2,bot3,bot3,bot3,34,False
bot2,bot3,bot2,bot2,34,False
bot2,bot3,bot3,bot3,34,False
bot2,bot3,bot2,bot2,34,False
bot2,bot3,bot3,bot3,34,False
bot2,bot3,bot2,bot2,34,False
bot2,bot3,bot3,bot3,34,False
bot2,bot3,bot2,bot2,34,False
bot2,bot3,bot3,bot3,34,False
bot2,bot3,bot2,bot2,34,False
bot2,bot3,bot3,bot3,34,False
bot2,bot3,bot2,bot2,34,False
bot2,bot3,bot3,bot3,34,False
bot2,bot3,bot2,bot2,34,False
bot2,bot3,bot3,bot3,34,False
bot2,bot3,bot2,bot2,34,False
bot2,bot3,bot3,bot3,34,False
bot2,bot3,bot2,bot2,34,False
bot2,bot3,bot3,bot3,34,False
bot2,bot3,bot2,bot2,34,False
bot2,bot3,bot3,bot3,34,False
bot2,bot3,bot2,bot2,34,False
bot2,bot3,bot3,bot3,34,False
bot2,bot3,bot2,bot2,34,False
bot2,bot3,bot3,bot3,34,False
bot2,bot3,bot2,bot2,34,False
bot2,bot3,bot3,bot3,34,False
bot2,bot3,bot2,bot2,34,False
bot2,bot3,bot3,bot3,34,False
bot2,bot3,bot2,bot2,34,False
bot2,bot3,bot3,bot3,34,False
bot2,bot3,bot2,bot2,34,False
bot2,bot3,bot3,bot3,34,False
bot2,bot3,bot2,bot2,34,False
bot2,bot3,bot3,bot3,34,False
bot2,bot3,bot2,bot2,34,False
bot2,bot3,bot3,bot3,34,False
bot2,bot3,bot2,bot2,34,False
bot2,bot3,bot3,bot3,34,False
bot2,bot3,bot2,bot2,34,False
bot2,bot3,bot3,bot3,34,False
bot2,bot3,bot2,bot2,34,False
bot2,bot3,bot3,bot3,34,False
bot2,bot3,bot2,bot2,34,False
bot2,bot3,bot3,bot3,34,False
bot2,bot3,bot2,bot2,34,False
bot2,bot3,bot3,bot3,34,False
bot2,bot3,bot2,bot2,34,False
bot2,bot3,bot3,bot3,34,False
bot2,bot3,bot2,bot2,34,False
bot2,bot3,bot3,bot3,34,False
bot2,bot3,bot2,bot2,34,False
bot2,bot3,bot3,bot3,34,False
bot2,bot3,bot2,bot2,34,False
bot2,bot3,bot3,bot3,34,False
bot2,bot3,bot2,bot2,34,False
bot2,bot3,bot3,bot3,34,False
bot2,bot3,bot2,bot2,34,False
bot2,bot3,bot3,bot3,34,False
bot2,bot3,bot2,bot2,34,False
bot2,bot3,bot3,bot3,34,False
bot2,bot3,bot2,bot2,34,False
bot2,bot3,bot3,bot3,34,False
bot2,bot3,bot2,bot2,34,False
bot2,bot3,bot3,bot3,34,False
bot2,bot3,bot2,bot2,34,False
bot2,bot3,bot3,bot3,34,False
bot2,bot3,bot2,bot2,34,False
bot2,bot3,bot3,bot3,34,False
bot2,bot4,bot2,bot2,44,False
bot2,bot4,bot4,bot4,69,False
bot2,bot4,bot2,bot2,44,False
bot2,bot4,bot4,None,200,True
bot2,bot4,bot2,bot2,44,False
bot2,bot4,bot4,None,200,True
bot2,bot4,bot2,bot2,44,False
bot2,bot4,bot4,bot4,69,False
bot2,bot4,bot2,bot2,44,False
bot2,bot4,bot4,bot4,69,False
bot2,bot4,bot2,bot2,44,False
bot2,bot4,bot4,bot4,69,False
bot2,bot4,bot2,bot2,44,False
bot2,bot4,bot4,bot4,69,False
bot2,bot4,bot2,bot2,44,False
bot2,bot4,bot4,bot4,69,False
bot2,bot4,bot2,bot2,44,False
bot2,bot4,bot4,bot4,69,False
bot2,bot4,bot2,bot2,44,False
bot2,bot4,bot4,bot2,144,False
bot2,bot4,bot2,bot2,44,False
bot2,bot4,bot4,bot4,69,False
bot2,bot4,bot2,bot2,40,False
bot2,bot4,bot4,bot4,69,False
bot2,bot4,bot2,bot2,44,False
bot2,bot4,bot4,bot4,69,False
bot2,bot4,bot2,bot2,44,False
bot2,bot4,bot4,bot4,69,False
bot2,bot4,bot2,bot2,44,False
bot2,bot4,bot4,bot4,69,False
bot2,bot4,bot2,bot2,28,False
bot2,bot4,bot4,bot4,69,False
bot2,bot4,bot2,bot2,44,False
bot2,bot4,bot4,bot4,69,False
bot2,bot4,bot2,bot2,44,False
bot2,bot4,bot4,bot4,69,False
bot2,bot4,bot2,bot2,44,False
bot2,bot4,bot4,bot4,69,False
bot2,bot4,bot2,bot2,44,False
bot2,bot4,bot4,bot4,69,False
bot2,bot4,bot2,bot2,44,False
bot2,bot4,bot4,bot4,69,False
bot2,bot4,bot2,bot2,44,False
bot2,bot4,bot4,bot4,69,False
bot2,bot4,bot2,bot2,44,False
bot2,bot4,bot4,bot4,69,False
bot2,bot4,bot2,bot2,44,False
bot2,bot4,bot4,bot4,69,False
bot2,bot4,bot2,bot2,28,False
bot2,bot4,bot4,bot4,69,False
bot2,bot4,bot2,bot2,44,False
bot2,bot4,bot4,bot4,69,False
bot2,bot4,bot2,bot2,44,False
bot2,bot4,bot4,bot4,69,False
bot2,bot4,bot2,bot2,44,False
bot2,bot4,bot4,bot4,69,False
bot2,bot4,bot2,bot2,44,False
bot2,bot4,bot4,bot4,69,False
bot2,bot4,bot2,bot2,76,False
bot2,bot4,bot4,bot4,69,False
bot2,bot4,bot2,bot2,76,False
bot2,bot4,bot4,bot4,69,False
bot2,bot4,bot2,bot2,76,False
bot2,bot4,bot4,None,200,True
bot2,bot4,bot2,bot2,44,False
bot2,bot4,bot4,bot4,69,False
bot2,bot4,bot2,bot2,44,False
bot2,bot4,bot4,bot4,69,False
bot2,bot4,bot2,bot2,44,False
bot2,bot4,bot4,bot4,69,False
bot2,bot4,bot2,bot2,44,False
bot2,bot4,bot4,bot4,69,False
bot2,bot4,bot2,bot2,44,False
bot2,bot4,bot4,bot4,69,False
bot2,bot4,bot2,bot2,76,False
bot2,bot4,bot4,None,200,True
bot2,bot4,bot2,bot2,40,False
bot2,bot4,bot4,bot4,69,False
bot2,bot4,bot2,bot2,40,False
bot2,bot4,bot4,bot4,69,False
bot2,bot4,bot2,bot2,44,False
bot2,bot4,bot4,bot4,69,False
bot2,bot4,bot2,bot2,44,False
bot2,bot4,bot4,bot4,69,False
bot2,bot4,bot2,bot2,44,False
bot2,bot4,bot4,bot4,69,False
bot2,bot4,bot2,bot2,44,False
bot2,bot4,bot4,bot4,69,False
bot2,bot4,bot2,bot2,44,False
bot2,bot4,bot4,bot4,69,False
bot2,bot4,bot2,bot2,28,False
bot2,bot4,bot4,bot4,69,False
bot2,bot4,bot2,bot2,44,False
bot2,bot4,bot4,None,200,True
bot2,bot4,bot2,bot2,44,False
bot2,bot4,bot4,bot4,69,False
bot2,bot4,bot2,bot2,44,False
bot2,bot4,bot4,bot4,69,False
bot2,bot4,bot2,bot2,44,False
bot2,bot4,bot4,None,200,True
bot2,bot4,bot2,bot2,44,False
bot2,bot4,bot4,bot4,69,False
bot2,bot4,bot2,bot2,44,False
bot2,bot4,bot4,bot4,69,False
bot2,bot4,bot2,bot2,44,False
bot2,bot4,bot4,bot4,69,False
bot2,bot4,bot2,bot2,44,False
bot2,bot4,bot4,bot4,69,False
bot2,bot4,bot2,bot2,44,False
bot2,bot4,bot4,bot4,69,False
bot2,bot4,bot2,bot2,44,False
bot2,bot4,bot4,bot4,69,False
bot2,bot4,bot2,bot2,40,False
bot2,bot4,bot4,bot4,152,False
bot2,bot4,bot2,bot2,44,False
bot2,bot4,bot4,bot4,69,False
bot2,bot4,bot2,bot2,44,False
bot2,bot4,bot4,bot4,69,False
bot2,bot4,bot2,bot2,44,False
bot2,bot4,bot4,bot4,69,False
bot2,bot4,bot2,bot2,44,False
bot2,bot4,bot4,bot4,69,False
bot2,bot4,bot2,bot2,44,False
bot2,bot4,bot4,None,200,True
bot2,bot4,bot2,bot2,44,False
bot2,bot4,bot4,bot4,69,False
bot2,bot4,bot2,bot2,44,False
bot2,bot4,bot4,bot4,69,False
bot2,bot4,bot2,bot2,44,False
bot2,bot4,bot4,bot2,144,False
bot2,bot4,bot2,bot2,44,False
bot2,bot4,bot4,bot2,144,False
bot2,bot4,bot2,bot2,44,False
bot2,bot4,bot4,None,200,True
bot2,bot4,bot2,bot2,44,False
bot2,bot4,bot4,bot4,69,False
bot2,bot4,bot2,bot2,40,False
bot2,bot4,bot4,bot4,69,False
bot2,bot4,bot2,bot2,44,False
bot2,bot4,bot4,bot4,69,False
bot2,bot4,bot2,bot2,40,False
bot2,bot4,bot4,bot4,69,False
bot2,bot4,bot2,bot2,44,False
bot2,bot4,bot4,bot4,69,False
bot2,bot4,bot2,bot2,40,False
bot2,bot4,bot4,bot4,69,False
bot2,bot4,bot2,bot2,44,False
bot2,bot4,bot4,bot4,69,False
bot2,bot4,bot2,bot2,40,False
bot2,bot4,bot4,bot4,69,False
bot2,bot4,bot2,bot2,44,False
bot2,bot4,bot4,bot4,69,False
bot2,bot4,bot2,bot2,28,False
bot2,bot4,bot4,bot4,69,False
bot2,bot4,bot2,bot2,44,False
bot2,bot4,bot4,bot4,69,False
bot2,bot4,bot2,bot2,44,False
bot2,bot4,bot4,bot4,116,False
bot2,bot4,bot2,bot2,44,False
bot2,bot4,bot4,bot4,69,False
bot2,bot4,bot2,bot2,44,False
bot2,bot4,bot4,bot4,69,False
bot2,bot4,bot2,bot2,44,False
bot2,bot4,bot4,bot4,69,False
bot2,bot4,bot2,bot2,28,False
bot2,bot4,bot4,bot4,69,False
bot2,bot4,bot2,bot2,44,False
bot2,bot4,bot4,None,200,True
bot2,bot4,bot2,bot2,28,False
bot2,bot4,bot4,bot4,69,False
bot2,bot4,bot2,bot2,44,False
bot2,bot4,bot4,bot4,69,False
bot2,bot4,bot2,bot2,44,False
bot2,bot4,bot4,bot4,69,False
bot2,bot4,bot2,bot2,44,False
bot2,bot4,bot4,bot4,69,False
bot2,bot4,bot2,bot2,44,False
bot2,bot4,bot4,bot4,69,False
bot2,bot4,bot2,bot2,44,False
bot2,bot4,bot4,bot4,69,False
bot2,bot4,bot2,bot2,44,False
bot2,bot4,bot4,None,200,True
bot2,bot4,bot2,bot2,28,False
bot2,bot4,bot4,bot4,69,False
bot2,bot4,bot2,bot2,44,False
bot2,bot4,bot4,bot4,69,False
bot2,bot4,bot2,bot2,44,False
bot2,bot4,bot4,bot4,69,False
bot2,bot4,bot2,bot2,44,False
bot2,bot4,bot4,bot4,69,False
bot2,bot4,bot2,bot2,44,False
bot2,bot4,bot4,bot4,69,False
bot2,bot4,bot2,bot2,44,False
bot2,bot4,bot4,bot4,69,False
bot2,bot4,bot2,bot2,28,False
bot2,bot4,bot4,bot4,69,False
bot2,bot4,bot2,bot2,28,False
bot2,bot4,bot4,bot4,69,False
bot2,bot4,bot2,bot2,28,False
bot2,bot4,bot4,bot4,116,False
bot2,bot4,bot2,bot2,44,False
bot2,bot4,bot4,bot4,69,False
bot2,bot4,bot2,bot2,28,False
bot2,bot4,bot4,bot4,69,False
bot2,bot4,bot2,bot2,40,False
bot2,bot4,bot4,bot4,69,False
bot2,bot4,bot2,bot2,44,False
bot2,bot4,bot4,bot4,69,False
bot2,bot4,bot2,bot2,44,False
bot2,bot4,bot4,bot4,69,False
bot2,bot4,bot2,bot2,44,False
bot2,bot4,bot4,bot4,69,False
bot2,bot4,bot2,bot2,76,False
bot2,bot4,bot4,bot4,69,False
bot2,bot4,bot2,bot2,28,False
bot2,bot4,bot4,bot4,69,False
bot2,bot4,bot2,bot2,44,False
bot2,bot4,bot4,bot4,69,False
bot2,bot4,bot2,bot2,76,False
bot2,bot4,bot4,bot4,69,False
bot2,bot4,bot2,bot2,44,False
bot2,bot4,bot4,None,200,True
bot2,bot4,bot2,bot2,44,False
bot2,bot4,bot4,bot4,69,False
bot2,bot4,bot2,bot2,44,False
bot2,bot4,bot4,bot4,69,False
bot2,bot4,bot2,bot2,76,False
bot2,bot4,bot4,bot4,69,False
bot2,bot4,bot2,bot2,40,False
bot2,bot4,bot4,bot4,69,False
bot2,bot4,bot2,bot2,40,False
bot2,bot4,bot4,bot4,69,False
bot2,bot4,bot2,bot2,76,False
bot2,bot4,bot4,bot4,69,False
bot2,bot4,bot2,bot2,44,False
bot2,bot4,bot4,bot4,69,False
bot2,bot4,bot2,bot2,44,False
bot2,bot4,bot4,None,200,True
bot2,bot4,bot2,bot2,44,False
bot2,bot4,bot4,bot4,69,False
bot2,bot4,bot2,bot2,44,False
bot2,bot4,bot4,bot4,69,False
bot2,bot4,bot2,bot2,44,False
bot2,bot4,bot4,None,200,True
bot2,bot4,bot2,bot2,28,False
bot2,bot4,bot4,bot4,69,False
bot2,bot4,bot2,bot2,44,False
bot2,bot4,bot4,None,200,True
bot2,bot4,bot2,bot2,28,False
bot2,bot4,bot4,bot4,69,False
bot2,bot4,bot2,bot2,44,False
bot2,bot4,bot4,bot4,69,False
bot2,bot4,bot2,bot2,44,False
bot2,bot4,bot4,bot4,69,False
bot2,bot4,bot2,bot2,44,False
bot2,bot4,bot4,bot4,69,False
bot2,bot4,bot2,bot2,44,False
bot2,bot4,bot4,bot4,69,False
bot2,bot4,bot2,bot2,44,False
bot2,bot4,bot4,bot4,69,False
bot2,bot4,bot2,bot2,44,False
bot2,bot4,bot4,bot4,69,False
bot2,bot4,bot2,bot2,44,False
bot2,bot4,bot4,None,200,True
bot2,bot4,bot2,bot2,76,False
bot2,bot4,bot4,None,200,True
bot2,bot4,bot2,bot2,44,False
bot2,bot4,bot4,bot4,69,False
bot2,bot4,bot2,bot2,44,False
bot2,bot4,bot4,bot4,69,False
bot2,bot4,bot2,bot2,44,False
bot2,bot4,bot4,bot4,69,False
bot2,bot4,bot2,bot2,76,False
bot2,bot4,bot4,bot4,69,False
bot2,bot4,bot2,bot2,44,False
bot2,bot4,bot4,bot4,69,False
bot2,bot4,bot2,bot2,44,False
bot2,bot4,bot4,None,200,True
bot2,bot4,bot2,bot2,44,False
bot2,bot4,bot4,bot4,69,False
bot2,bot4,bot2,bot2,44,False
bot2,bot4,bot4,bot4,69,False
bot2,bot4,bot2,bot2,44,False
bot2,bot4,bot4,bot4,152,False
bot2,bot4,bot2,bot2,28,False
bot2,bot4,bot4,bot4,69,False
bot2,bot4,bot2,bot2,44,False
bot2,bot4,bot4,None,200,True
bot2,bot4,bot2,bot2,40,False
bot2,bot4,bot4,bot4,69,False
bot2,bot4,bot2,bot2,44,False
bot2,bot4,bot4,bot4,69,False
bot2,bot4,bot2,bot2,40,False
bot2,bot4,bot4,bot4,69,False
bot2,bot4,bot2,bot2,44,False
bot2,bot4,bot4,bot4,69,False
bot2,bot4,bot2,bot2,76,False
bot2,bot4,bot4,bot4,69,False
bot2,bot4,bot2,bot2,44,False
bot2,bot4,bot4,bot4,69,False
bot3,bot4,bot3,bot3,36,False
bot3,bot4,bot4,bot4,30,False
bot3,bot4,bot3,bot3,36,False
bot3,bot4,bot4,bot4,30,False
bot3,bot4,bot3,bot3,44,False
bot3,bot4,bot4,bot4,30,False
bot3,bot4,bot3,bot3,44,False
bot3,bot4,bot4,bot4,30,False
bot3,bot4,bot3,bot4,115,False
bot3,bot4,bot4,bot4,30,False
bot3,bot4,bot3,bot3,44,False
bot3,bot4,bot4,bot4,30,False
bot3,bot4,bot3,bot3,36,False
bot3,bot4,bot4,bot4,30,False
bot3,bot4,bot3,bot3,44,False
bot3,bot4,bot4,bot4,30,False
bot3,bot4,bot3,bot3,36,False
bot3,bot4,bot4,bot4,30,False
bot3,bot4,bot3,bot3,65,False
bot3,bot4,bot4,bot4,30,False
bot3,bot4,bot3,bot3,44,False
bot3,bot4,bot4,bot4,30,False
bot3,bot4,bot3,bot3,44,False
bot3,bot4,bot4,bot4,30,False
bot3,bot4,bot3,bot3,44,False
bot3,bot4,bot4,bot4,30,False
bot3,bot4,bot3,bot3,44,False
bot3,bot4,bot4,bot4,30,False
bot3,bot4,bot3,bot4,115,False
bot3,bot4,bot4,bot4,30,False
bot3,bot4,bot3,bot3,44,False
bot3,bot4,bot4,bot4,30,False
bot3,bot4,bot3,bot4,115,False
bot3,bot4,bot4,bot4,30,False
bot3,bot4,bot3,bot3,44,False
bot3,bot4,bot4,bot4,30,False
bot3,bot4,bot3,bot3,36,False
bot3,bot4,bot4,bot4,30,False
bot3,bot4,bot3,bot3,44,False
bot3,bot4,bot4,bot4,30,False
bot3,bot4,bot3,bot3,36,False
bot3,bot4,bot4,bot4,30,False
bot3,bot4,bot3,bot3,44,False
bot3,bot4,bot4,bot4,30,False
bot3,bot4,bot3,bot3,36,False
bot3,bot4,bot4,bot4,30,False
bot3,bot4,bot3,bot3,44,False
bot3,bot4,bot4,bot4,30,False
bot3,bot4,bot3,bot3,44,False
bot3,bot4,bot4,bot4,30,False
bot3,bot4,bot3,bot3,44,False
bot3,bot4,bot4,bot4,30,False
bot3,bot4,bot3,bot3,44,False
bot3,bot4,bot4,bot4,30,False
bot3,bot4,bot3,bot3,44,False
bot3,bot4,bot4,bot4,30,False
bot3,bot4,bot3,bot3,44,False
bot3,bot4,bot4,bot4,30,False
bot3,bot4,bot3,bot3,44,False
bot3,bot4,bot4,bot4,30,False
bot3,bot4,bot3,bot3,36,False
bot3,bot4,bot4,bot4,30,False
bot3,bot4,bot3,bot3,44,False
bot3,bot4,bot4,bot4,30,False
bot3,bot4,bot3,bot4,115,False
bot3,bot4,bot4,bot4,30,False
bot3,bot4,bot3,bot3,44,False
bot3,bot4,bot4,bot4,30,False
bot3,bot4,bot3,bot3,44,False
bot3,bot4,bot4,bot4,30,False
bot3,bot4,bot3,bot3,44,False
bot3,bot4,bot4,bot4,30,False
bot3,bot4,bot3,bot3,44,False
bot3,bot4,bot4,bot4,30,False
bot3,bot4,bot3,bot3,44,False
bot3,bot4,bot4,bot4,30,False
bot3,bot4,bot3,bot3,36,False
bot3,bot4,bot4,bot4,30,False
bot3,bot4,bot3,bot3,44,False
bot3,bot4,bot4,bot4,30,False
bot3,bot4,bot3,bot4,115,False
bot3,bot4,bot4,bot4,30,False
bot3,bot4,bot3,bot3,44,False
bot3,bot4,bot4,bot4,30,False
bot3,bot4,bot3,bot3,44,False
bot3,bot4,bot4,bot4,30,False
bot3,bot4,bot3,bot3,44,False
bot3,bot4,bot4,bot4,30,False
bot3,bot4,bot3,bot3,44,False
bot3,bot4,bot4,bot4,30,False
bot3,bot4,bot3,bot3,44,False
bot3,bot4,bot4,bot4,30,False
bot3,bot4,bot3,bot3,44,False
bot3,bot4,bot4,bot4,30,False
bot3,bot4,bot3,bot3,44,False
bot3,bot4,bot4,bot4,30,False
bot3,bot4,bot3,bot3,44,False
bot3,bot4,bot4,bot4,30,False
bot3,bot4,bot3,bot3,44,False
bot3,bot4,bot4,bot4,30,False
bot3,bot4,bot3,bot3,44,False
bot3,bot4,bot4,bot4,30,False
bot3,bot4,bot3,bot3,44,False
bot3,bot4,bot4,bot4,30,False
bot3,bot4,bot3,bot3,36,False
bot3,bot4,bot4,bot4,30,False
bot3,bot4,bot3,bot3,44,False
bot3,bot4,bot4,bot4,30,False
bot3,bot4,bot3,bot3,44,False
bot3,bot4,bot4,bot4,30,False
bot3,bot4,bot3,bot3,44,False
bot3,bot4,bot4,bot4,30,False
bot3,bot4,bot3,bot3,44,False
bot3,bot4,bot4,bot4,30,False
bot3,bot4,bot3,bot3,44,False
bot3,bot4,bot4,bot4,30,False
bot3,bot4,bot3,bot3,44,False
bot3,bot4,bot4,bot4,30,False
bot3,bot4,bot3,bot3,44,False
bot3,bot4,bot4,bot4,30,False
bot3,bot4,bot3,bot3,44,False
bot3,bot4,bot4,bot4,30,False
bot3,bot4,bot3,bot3,40,False
bot3,bot4,bot4,bot4,30,False
bot3,bot4,bot3,None,200,True
bot3,bot4,bot4,bot4,30,False
bot3,bot4,bot3,bot3,36,False
bot3,bot4,bot4,bot4,30,False
bot3,bot4,bot3,bot3,44,False
bot3,bot4,bot4,bot4,30,False
bot3,bot4,bot3,bot3,44,False
bot3,bot4,bot4,bot4,30,False
bot3,bot4,bot3,bot3,44,False
bot3,bot4,bot4,bot4,30,False
bot3,bot4,bot3,bot4,115,False
bot3,bot4,bot4,bot4,30,False
bot3,bot4,bot3,bot3,44,False
bot3,bot4,bot4,bot4,30,False
bot3,bot4,bot3,bot3,44,False
bot3,bot4,bot4,bot4,30,False
bot3,bot4,bot3,bot3,44,False
bot3,bot4,bot4,bot4,30,False
bot3,bot4,bot3,bot3,44,False
bot3,bot4,bot4,bot4,30,False
bot3,bot4,bot3,bot3,44,False
bot3,bot4,bot4,bot4,30,False
bot3,bot4,bot3,bot3,44,False
bot3,bot4,bot4,bot4,30,False
bot3,bot4,bot3,bot3,44,False
bot3,bot4,bot4,bot4,30,False
bot3,bot4,bot3,bot3,44,False
bot3,bot4,bot4,bot4,30,False
bot3,bot4,bot3,bot3,44,False
bot3,bot4,bot4,bot4,30,False
bot3,bot4,bot3,bot3,44,False
bot3,bot4,bot4,bot4,30,False
bot3,bot4,bot3,bot3,44,False
bot3,bot4,bot4,bot4,30,False
bot3,bot4,bot3,bot3,65,False
bot3,bot4,bot4,bot4,30,False
bot3,bot4,bot3,bot3,44,False
bot3,bot4,bot4,bot4,30,False
bot3,bot4,bot3,bot3,44,False
bot3,bot4,bot4,bot4,30,False
bot3,bot4,bot3,bot3,44,False
bot3,bot4,bot4,bot4,30,False
bot3,bot4,bot3,bot3,44,False
bot3,bot4,bot4,bot4,30,False
bot3,bot4,bot3,bot3,44,False
bot3,bot4,bot4,bot4,30,False
bot3,bot4,bot3,bot3,44,False
bot3,bot4,bot4,bot4,30,False
bot3,bot4,bot3,bot3,44,False
bot3,bot4,bot4,bot4,30,False
bot3,bot4,bot3,bot3,44,False
bot3,bot4,bot4,bot4,30,False
bot3,bot4,bot3,bot3,44,False
bot3,bot4,bot4,bot4,30,False
bot3,bot4,bot3,bot3,44,False
bot3,bot4,bot4,bot4,30,False
bot3,bot4,bot3,bot3,44,False
bot3,bot4,bot4,bot4,30,False
bot3,bot4,bot3,bot3,44,False
bot3,bot4,bot4,bot4,30,False
bot3,bot4,bot3,bot3,44,False
bot3,bot4,bot4,bot4,30,False
bot3,bot4,bot3,bot3,44,False
bot3,bot4,bot4,bot4,30,False
bot3,bot4,bot3,bot3,44,False
bot3,bot4,bot4,bot4,30,False
bot3,bot4,bot3,bot3,44,False
bot3,bot4,bot4,bot4,30,False
bot3,bot4,bot3,bot3,44,False
bot3,bot4,bot4,bot4,30,False
bot3,bot4,bot3,bot3,44,False
bot3,bot4,bot4,bot4,30,False
bot3,bot4,bot3,bot3,44,False
bot3,bot4,bot4,bot4,30,False
bot3,bot4,bot3,bot4,115,False
bot3,bot4,bot4,bot4,30,False
bot3,bot4,bot3,bot3,36,False
bot3,bot4,bot4,bot4,30,False
bot3,bot4,bot3,bot3,36,False
bot3,bot4,bot4,bot4,30,False
bot3,bot4,bot3,bot3,44,False
bot3,bot4,bot4,bot4,30,False
bot3,bot4,bot3,bot4,115,False
bot3,bot4,bot4,bot4,30,False
bot3,bot4,bot3,bot3,44,False
bot3,bot4,bot4,bot4,30,False
bot3,bot4,bot3,bot3,44,False
bot3,bot4,bot4,bot4,30,False
bot3,bot4,bot3,bot3,44,False
bot3,bot4,bot4,bot4,30,False
bot3,bot4,bot3,bot3,44,False
bot3,bot4,bot4,bot4,30,False
bot3,bot4,bot3,bot3,44,False
bot3,bot4,bot4,bot4,30,False
bot3,bot4,bot3,bot3,44,False
bot3,bot4,bot4,bot4,30,False
bot3,bot4,bot3,bot3,44,False
bot3,bot4,bot4,bot4,30,False
bot3,bot4,bot3,bot3,44,False
bot3,bot4,bot4,bot4,30,False
bot3,bot4,bot3,bot3,36,False
bot3,bot4,bot4,bot4,30,False
bot3,bot4,bot3,bot3,44,False
bot3,bot4,bot4,bot4,30,False
bot3,bot4,bot3,bot3,44,False
bot3,bot4,bot4,bot4,30,False
bot3,bot4,bot3,bot3,44,False
bot3,bot4,bot4,bot4,30,False
bot3,bot4,bot3,bot3,44,False
bot3,bot4,bot4,bot4,30,False
bot3,bot4,bot3,bot3,44,False
bot3,bot4,bot4,bot4,30,False
bot3,bot4,bot3,bot3,44,False
bot3,bot4,bot4,bot4,30,False
bot3,bot4,bot3,bot3,44,False
bot3,bot4,bot4,bot4,30,False
bot3,bot4,bot3,bot3,44,False
bot3,bot4,bot4,bot4,30,False
bot3,bot4,bot3,bot3,44,False
bot3,bot4,bot4,bot4,30,False
bot3,bot4,bot3,bot3,36,False
bot3,bot4,bot4,bot4,30,False
bot3,bot4,bot3,bot3,44,False
bot3,bot4,bot4,bot4,30,False
bot3,bot4,bot3,bot3,44,False
bot3,bot4,bot4,bot4,30,False
bot3,bot4,bot3,bot3,44,False
bot3,bot4,bot4,bot4,30,False
bot3,bot4,bot3,bot3,44,False
bot3,bot4,bot4,bot4,30,False
bot3,bot4,bot3,bot3,44,False
bot3,bot4,bot4,bot4,30,False
bot3,bot4,bot3,bot3,44,False
bot3,bot4,bot4,bot4,30,False
bot3,bot4,bot3,bot3,44,False
bot3,bot4,bot4,bot4,30,False
bot3,bot4,bot3,bot3,44,False
bot3,bot4,bot4,bot4,30,False
bot3,bot4,bot3,bot3,44,False
bot3,bot4,bot4,bot4,30,False
bot3,bot4,bot3,bot3,44,False
bot3,bot4,bot4,bot4,30,False
bot3,bot4,bot3,bot3,44,False
bot3,bot4,bot4,bot4,30,False
bot3,bot4,bot3,bot3,44,False
bot3,bot4,bot4,bot4,30,False
bot3,bot4,bot3,bot3,36,False
bot3,bot4,bot4,bot4,30,False
bot3,bot4,bot3,bot3,44,False
bot3,bot4,bot4,bot4,30,False
bot3,bot4,bot3,bot3,44,False
bot3,bot4,bot4,bot4,30,False
bot3,bot4,bot3,bot3,44,False
bot3,bot4,bot4,bot4,30,False
bot3,bot4,bot3,bot3,44,False
bot3,bot4,bot4,bot4,30,False
bot3,bot4,bot3,bot3,44,False
bot3,bot4,bot4,bot4,30,False
bot3,bot4,bot3,bot3,36,False
bot3,bot4,bot4,bot4,30,False
bot3,bot4,bot3,bot3,44,False
bot3,bot4,bot4,bot4,30,False
bot3,bot4,bot3,bot3,44,False
bot3,bot4,bot4,bot4,30,False
bot3,bot4,bot3,bot3,44,False
bot3,bot4,bot4,bot4,30,False
bot3,bot4,bot3,bot3,44,False
bot3,bot4,bot4,bot4,30,False
bot3,bot4,bot3,bot3,44,False
bot3,bot4,bot4,bot4,30,False
bot3,bot4,bot3,bot3,44,False
bot3,bot4,bot4,bot4,30,False
bot3,bot4,bot3,bot3,44,False
bot3,bot4,bot4,bot4,30,False
bot3,bot4,bot3,bot3,36,False
bot3,bot4,bot4,bot4,30,False
