BotAName,BotBName,StartingBotName,Winner,Turns,ReachedTurnLimit
Hard_Default,bot1,Hard_Default,Hard_Default,48,False
Hard_Default,bot1,bot1,bot1,28,False
Hard_Default,bot1,Hard_Default,Hard_Default,48,False
Hard_Default,bot1,bot1,bot1,53,False
Hard_Default,bot1,Hard_Default,Hard_Default,48,False
Hard_Default,bot1,bot1,bot1,53,False
Hard_Default,bot1,Hard_Default,Hard_Default,32,False
Hard_Default,bot1,bot1,bot1,53,False
Hard_Default,bot1,Hard_Default,Hard_Default,44,False
Hard_Default,bot1,bot1,bot1,28,False
Hard_Default,bot1,Hard_Default,Hard_Default,48,False
Hard_Default,bot1,bot1,bot1,53,False
Hard_Default,bot1,Hard_Default,Hard_Default,46,False
Hard_Default,bot1,bot1,bot1,53,False
Hard_Default,bot1,Hard_Default,Hard_Default,46,False
Hard_Default,bot1,bot1,bot1,53,False
Hard_Default,bot1,Hard_Default,Hard_Default,48,False
Hard_Default,bot1,bot1,bot1,32,False
Hard_Default,bot1,Hard_Default,Hard_Default,48,False
Hard_Default,bot1,bot1,bot1,53,False
Hard_Default,bot1,Hard_Default,Hard_Default,48,False
Hard_Default,bot1,bot1,None,200,True
Hard_Default,bot1,Hard_Default,Hard_Default,46,False
Hard_Default,bot1,bot1,bot1,53,False
Hard_Default,bot1,Hard_Default,Hard_Default,48,False
Hard_Default,bot1,bot1,bot1,53,False
Hard_Default,bot1,Hard_Default,Hard_Default,48,False
Hard_Default,bot1,bot1,bot1,53,False
Hard_Default,bot1,Hard_Default,Hard_Default,48,False
Hard_Default,bot1,bot1,bot1,126,False
Hard_Default,bot1,Hard_Default,Hard_Default,48,False
Hard_Default,bot1,bot1,bot1,53,False
Hard_Default,bot1,Hard_Default,Hard_Default,46,False
Hard_Default,bot1,bot1,bot1,53,False
Hard_Default,bot1,Hard_Default,Hard_Default,48,False
Hard_Default,bot1,bot1,bot1,53,False
Hard_Default,bot1,Hard_Default,Hard_Default,44,False
Hard_Default,bot1,bot1,Hard_Default,38,False
Hard_Default,bot1,Hard_Default,Hard_Default,48,False
Hard_Default,bot1,bot1,bot1,53,False
Hard_Default,bot1,Hard_Default,Hard_Default,44,False
Hard_Default,bot1,bot1,bot1,32,False
Hard_Default,bot1,Hard_Default,Hard_Default,48,False
Hard_Default,bot1,bot1,bot1,53,False
Hard_Default,bot1,Hard_Default,Hard_Default,48,False
Hard_Default,bot1,bot1,bot1,53,False
Hard_Default,bot1,Hard_Default,bot1,22,False
Hard_Default,bot1,bot1,bot1,53,False
Hard_Default,bot1,Hard_Default,Hard_Default,48,False
Hard_Default,bot1,bot1,bot1,32,False
Hard_Default,bot1,Hard_Default,Hard_Default,48,False
Hard_Default,bot1,bot1,bot1,53,False
Hard_Default,bot1,Hard_Default,Hard_Default,48,False
Hard_Default,bot1,bot1,bot1,53,False
Hard_Default,bot1,Hard_Default,Hard_Default,48,False
Hard_Default,bot1,bot1,bot1,53,False
Hard_Default,bot1,Hard_Default,Hard_Default,48,False
Hard_Default,bot1,bot1,None,200,True
Hard_Default,bot1,Hard_Default,Hard_Default,46,False
Hard_Default,bot1,bot1,bot1,32,False
Hard_Default,bot1,Hard_Default,Hard_Default,48,False
Hard_Default,bot1,bot1,bot1,53,False
Hard_Default,bot1,Hard_Default,Hard_Default,46,False
Hard_Default,bot1,bot1,bot1,53,False
Hard_Default,bot1,Hard_Default,Hard_Default,46,False
Hard_Default,bot1,bot1,bot1,53,False
Hard_Default,bot1,Hard_Default,Hard_Default,48,False
Hard_Default,bot1,bot1,bot1,53,False
Hard_Default,bot1,Hard_Default,Hard_Default,48,False
Hard_Default,bot1,bot1,bot1,53,False
Hard_Default,bot1,Hard_Default,Hard_Default,48,False
Hard_Default,bot1,bot1,bot1,53,False
Hard_Default,bot1,Hard_Default,Hard_Default,32,False
Hard_Default,bot1,bot1,bot1,53,False
Hard_Default,bot1,Hard_Default,Hard_Default,48,False
Hard_Default,bot1,bot1,bot1,32,False
Hard_Default,bot1,Hard_Default,bot1,22,False
Hard_Default,bot1,bot1,Hard_Default,123,False
Hard_Default,bot1,Hard_Default,Hard_Default,48,False
Hard_Default,bot1,bot1,Hard_Default,38,False
Hard_Default,bot1,Hard_Default,Hard_Default,48,False
Hard_Default,bot1,bot1,bot1,53,False
Hard_Default,bot1,Hard_Default,Hard_Default,48,False
Hard_Default,bot1,bot1,bot1,32,False
Hard_Default,bot1,Hard_Default,Hard_Default,48,False
Hard_Default,bot1,bot1,bot1,53,False
Hard_Default,bot1,Hard_Default,Hard_Default,48,False
Hard_Default,bot1,bot1,bot1,32,False
Hard_Default,bot1,Hard_Default,Hard_Default,48,False
Hard_Default,bot1,bot1,bot1,53,False
Hard_Default,bot1,Hard_Default,Hard_Default,48,False
Hard_Default,bot1,bot1,bot1,53,False
Hard_Default,bot1,Hard_Default,Hard_Default,48,False
Hard_Default,bot1,bot1,None,200,True
Hard_Default,bot1,Hard_Default,Hard_Default,48,False
Hard_Default,bot1,bot1,bot1,65,False
Hard_Default,bot1,Hard_Default,Hard_Default,48,False
Hard_Default,bot1,bot1,bot1,53,False
Hard_Default,bot1,Hard_Default,Hard_Default,48,False
Hard_Default,bot1,bot1,bot1,53,False
Hard_Default,bot1,Hard_Default,Hard_Default,48,False
Hard_Default,bot1,bot1,None,200,True
Hard_Default,bot1,Hard_Default,Hard_Default,48,False
Hard_Default,bot1,bot1,bot1,28,False
Hard_Default,bot1,Hard_Default,Hard_Default,48,False
Hard_Default,bot1,bot1,bot1,53,False
Hard_Default,bot1,Hard_Default,bot1,22,False
Hard_Default,bot1,bot1,bot1,32,False
Hard_Default,bot1,Hard_Default,bot1,122,False
Hard_Default,bot1,bot1,None,200,True
Hard_Default,bot1,Hard_Default,Hard_Default,48,False
Hard_Default,bot1,bot1,bot1,53,False
Hard_Default,bot1,Hard_Default,Hard_Default,48,False
Hard_Default,bot1,bot1,bot1,53,False
Hard_Default,bot1,Hard_Default,Hard_Default,48,False
Hard_Default,bot1,bot1,bot1,53,False
Hard_Default,bot1,Hard_Default,Hard_Default,48,False
Hard_Default,bot1,bot1,bot1,53,False
Hard_Default,bot1,Hard_Default,Hard_Default,48,False
Hard_Default,bot1,bot1,bot1,53,False
Hard_Default,bot1,Hard_Default,Hard_Default,48,False
Hard_Default,bot1,bot1,Hard_Default,38,False
Hard_Default,bot1,Hard_Default,Hard_Default,48,False
Hard_Default,bot1,bot1,bot1,53,False
Hard_Default,bot1,Hard_Default,Hard_Default,48,False
Hard_Default,bot1,bot1,bot1,53,False
Hard_Default,bot1,Hard_Default,Hard_Default,32,False
Hard_Default,bot1,bot1,bot1,53,False
Hard_Default,bot1,Hard_Default,bot1,22,False
Hard_Default,bot1,bot1,bot1,53,False
Hard_Default,bot1,Hard_Default,Hard_Default,48,False
Hard_Default,bot1,bot1,bot1,53,False
Hard_Default,bot1,Hard_Default,Hard_Default,48,False
Hard_Default,bot1,bot1,bot1,53,False
Hard_Default,bot1,Hard_Default,Hard_Default,48,False
Hard_Default,bot1,bot1,bot1,53,False
Hard_Default,bot1,Hard_Default,Hard_Default,44,False
Hard_Default,bot1,bot1,bot1,32,False
Hard_Default,bot1,Hard_Default,Hard_Default,48,False
Hard_Default,bot1,bot1,bot1,53,False
Hard_Default,bot1,Hard_Default,Hard_Default,48,False
Hard_Default,bot1,bot1,bot1,53,False
Hard_Default,bot1,Hard_Default,Hard_Default,44,False
Hard_Default,bot1,bot1,bot1,53,False
Hard_Default,bot1,Hard_Default,Hard_Default,48,False
Hard_Default,bot1,bot1,bot1,53,False
Hard_Default,bot1,Hard_Default,Hard_Default,48,False
Hard_Default,bot1,bot1,bot1,53,False
Hard_Default,bot1,Hard_Default,Hard_Default,48,False
Hard_Default,bot1,bot1,bot1,53,False
Hard_Default,bot1,Hard_Default,bot1,22,False
Hard_Default,bot1,bot1,bot1,53,False
Hard_Default,bot1,Hard_Default,Hard_Default,48,False
Hard_Default,bot1,bot1,bot1,53,False
Hard_Default,bot1,Hard_Default,Hard_Default,32,False
Hard_Default,bot1,bot1,bot1,28,False
Hard_Default,bot1,Hard_Default,Hard_Default,48,False
Hard_Default,bot1,bot1,bot1,53,False
Hard_Default,bot1,Hard_Default,Hard_Default,48,False
Hard_Default,bot1,bot1,bot1,53,False
Hard_Default,bot1,Hard_Default,Hard_Default,48,False
Hard_Default,bot1,bot1,bot1,32,False
Hard_Default,bot1,Hard_Default,Hard_Default,48,False
Hard_Default,bot1,bot1,bot1,32,False
Hard_Default,bot1,Hard_Default,Hard_Default,48,False
Hard_Default,bot1,bot1,bot1,53,False
Hard_Default,bot1,Hard_Default,Hard_Default,48,False
Hard_Default,bot1,bot1,bot1,53,False
Hard_Default,bot1,Hard_Default,Hard_Default,48,False
Hard_Default,bot1,bot1,bot1,53,False
Hard_Default,bot1,Hard_Default,Hard_Default,48,False
Hard_Default,bot1,bot1,bot1,53,False
Hard_Default,bot1,Hard_Default,Hard_Default,48,False
Hard_Default,bot1,bot1,bot1,53,False
Hard_Default,bot1,Hard_Default,Hard_Default,48,False
Hard_Default,bot1,bot1,bot1,53,False
Hard_Default,bot1,Hard_Default,Hard_Default,48,False
Hard_Default,bot1,bot1,bot1,53,False
Hard_Default,bot1,Hard_Default,Hard_Default,48,False
Hard_Default,bot1,bot1,Hard_Default,38,False
Hard_Default,bot1,Hard_Default,Hard_Default,48,False
Hard_Default,bot1,bot1,bot1,53,False
Hard_Default,bot1,Hard_Default,Hard_Default,48,False
Hard_Default,bot1,bot1,bot1,53,False
Hard_Default,bot1,Hard_Default,Hard_Default,48,False
Hard_Default,bot1,bot1,bot1,28,False
Hard_Default,bot1,Hard_Default,Hard_Default,48,False
Hard_Default,bot1,bot1,bot1,53,False
Hard_Default,bot1,Hard_Default,Hard_Default,48,False
Hard_Default,bot1,bot1,bot1,53,False
Hard_Default,bot1,Hard_Default,Hard_Default,48,False
Hard_Default,bot1,bot1,bot1,53,False
Hard_Default,bot1,Hard_Default,Hard_Default,46,False
Hard_Default,bot1,bot1,bot1,53,False
Hard_Default,bot1,Hard_Default,Hard_Default,46,False
Hard_Default,bot1,bot1,bot1,53,False
Hard_Default,bot1,Hard_Default,Hard_Default,48,False
Hard_Default,bot1,bot1,bot1,53,False
Hard_Default,bot1,Hard_Default,Hard_Default,48,False
Hard_Default,bot1,bot1,bot1,53,False
Hard_Default,bot1,Hard_Default,Hard_Default,46,False
Hard_Default,bot1,bot1,bot1,53,False
Hard_Default,bot1,Hard_Default,Hard_Default,48,False
Hard_Default,bot1,bot1,bot1,53,False
Hard_Default,bot1,Hard_Default,Hard_Default,46,False
Hard_Default,bot1,bot1,bot1,85,False
Hard_Default,bot1,Hard_Default,Hard_Default,48,False
Hard_Default,bot1,bot1,bot1,65,False
Hard_Default,bot1,Hard_Default,Hard_Default,48,False
Hard_Default,bot1,bot1,bot1,53,False
Hard_Default,bot1,Hard_Default,Hard_Default,32,False
Hard_Default,bot1,bot1,bot1,53,False
Hard_Default,bot1,Hard_Default,Hard_Default,48,False
Hard_Default,bot1,bot1,bot1,32,False
Hard_Default,bot1,Hard_Default,Hard_Default,48,False
Hard_Default,bot1,bot1,None,200,True
Hard_Default,bot1,Hard_Default,Hard_Default,48,False
Hard_Default,bot1,bot1,bot1,53,False
Hard_Default,bot1,Hard_Default,Hard_Default,44,False
Hard_Default,bot1,bot1,bot1,53,False
Hard_Default,bot1,Hard_Default,Hard_Default,48,False
Hard_Default,bot1,bot1,bot1,53,False
Hard_Default,bot1,Hard_Default,Hard_Default,48,False
Hard_Default,bot1,bot1,bot1,53,False
Hard_Default,bot1,Hard_Default,Hard_Default,48,False
Hard_Default,bot1,bot1,bot1,53,False
Hard_Default,bot1,Hard_Default,Hard_Default,48,False
Hard_Default,bot1,bot1,bot1,53,False
Hard_Default,bot1,Hard_Default,Hard_Default,48,False
Hard_Default,bot1,bot1,bot1,32,False
Hard_Default,bot1,Hard_Default,bot1,22,False
Hard_Default,bot1,bot1,bot1,53,False
Hard_Default,bot1,Hard_Default,Hard_Default,48,False
Hard_Default,bot1,bot1,bot1,53,False
Hard_Default,bot1,Hard_Default,Hard_Default,48,False
Hard_Default,bot1,bot1,bot1,32,False
Hard_Default,bot1,Hard_Default,Hard_Default,48,False
Hard_Default,bot1,bot1,bot1,28,False
Hard_Default,bot1,Hard_Default,Hard_Default,48,False
Hard_Default,bot1,bot1,bot1,53,False
Hard_Default,bot1,Hard_Default,Hard_Default,48,False
Hard_Default,bot1,bot1,bot1,53,False
Hard_Default,bot1,Hard_Default,Hard_Default,48,False
Hard_Default,bot1,bot1,bot1,53,False
Hard_Default,bot1,Hard_Default,Hard_Default,48,False
Hard_Default,bot1,bot1,bot1,53,False
Hard_Default,bot1,Hard_Default,Hard_Default,40,False
Hard_Default,bot1,bot1,bot1,53,False
Hard_Default,bot1,Hard_Default,Hard_Default,44,False
Hard_Default,bot1,bot1,bot1,53,False
Hard_Default,bot1,Hard_Default,Hard_Default,48,False
Hard_Default,bot1,bot1,bot1,53,False
Hard_Default,bot1,Hard_Default,Hard_Default,46,False
Hard_Default,bot1,bot1,bot1,53,False
Hard_Default,bot1,Hard_Default,Hard_Default,48,False
Hard_Default,bot1,bot1,Hard_Default,52,False
Hard_Default,bot1,Hard_Default,Hard_Default,48,False
Hard_Default,bot1,bot1,bot1,53,False
Hard_Default,bot1,Hard_Default,Hard_Default,48,False
Hard_Default,bot1,bot1,bot1,53,False
Hard_Default,bot1,Hard_Default,Hard_Default,48,False
Hard_Default,bot1,bot1,bot1,53,False
Hard_Default,bot1,Hard_Default,Hard_Default,48,False
Hard_Default,bot1,bot1,bot1,53,False
Hard_Default,bot1,Hard_Default,Hard_Default,48,False
Hard_Default,bot1,bot1,bot1,53,False
Hard_Default,bot1,Hard_Default,Hard_Default,48,False
Hard_Default,bot1,bot1,bot1,53,False
Hard_Default,bot1,Hard_Default,Hard_Default,32,False
Hard_Default,bot1,bot1,bot1,85,False
Hard_Default,bot1,Hard_Default,Hard_Default,48,False
Hard_Default,bot1,bot1,bot1,53,False
Hard_Default,bot1,Hard_Default,Hard_Default,48,False
Hard_Default,bot1,bot1,bot1,65,False
Hard_Default,bot1,Hard_Default,Hard_Default,48,False
Hard_Default,bot1,bot1,bot1,53,False
Hard_Default,bot1,Hard_Default,bot1,22,False
Hard_Default,bot1,bot1,bot1,53,False
Hard_Default,bot1,Hard_Default,Hard_Default,48,False
Hard_Default,bot1,bot1,bot1,53,False
Hard_Default,bot1,Hard_Default,Hard_Default,48,False
Hard_Default,bot1,bot1,bot1,53,False
Hard_Default,bot1,Hard_Default,Hard_Default,32,False
Hard_Default,bot1,bot1,bot1,53,False
Hard_Default,bot1,Hard_Default,Hard_Default,48,False
Hard_Default,bot1,bot1,bot1,53,False
Hard_Default,bot1,Hard_Default,Hard_Default,48,False
Hard_Default,bot1,bot1,bot1,53,False
Hard_Default,bot1,Hard_Default,Hard_Default,48,False
Hard_Default,bot1,bot1,bot1,53,False
Hard_Default,bot1,Hard_Default,Hard_Default,48,False
Hard_Default,bot1,bot1,bot1,53,False
Hard_Default,bot1,Hard_Default,Hard_Default,48,False
Hard_Default,bot1,bot1,bot1,53,False
Hard_Default,bot1,Hard_Default,Hard_Default,48,False
Hard_Default,bot1,bot1,bot1,53,False
Hard_Default,bot1,Hard_Default,Hard_Default,48,False
Hard_Default,bot1,bot1,Hard_Default,38,False
Hard_Default,bot1,Hard_Default,Hard_Default,48,False
Hard_Default,bot1,bot1,bot1,53,False
Hard_Default,bot2,Hard_Default,Hard_Default,69,False
Hard_Default,bot2,bot2,bot2,32,False
Hard_Default,bot2,Hard_Default,Hard_Default,69,False
Hard_Default,bot2,bot2,bot2,32,False
Hard_Default,bot2,Hard_Default,Hard_Default,69,False
Hard_Default,bot2,bot2,bot2,32,False
Hard_Default,bot2,Hard_Default,Hard_Default,69,False
Hard_Default,bot2,bot2,bot2,32,False
Hard_Default,bot2,Hard_Default,Hard_Default,105,False
Hard_Default,bot2,bot2,bot2,32,False
Hard_Default,bot2,Hard_Default,Hard_Default,69,False
Hard_Default,bot2,bot2,bot2,32,False
Hard_Default,bot2,Hard_Default,Hard_Default,101,False
Hard_Default,bot2,bot2,bot2,32,False
Hard_Default,bot2,Hard_Default,None,200,True
Hard_Default,bot2,bot2,bot2,32,False
Hard_Default,bot2,Hard_Default,Hard_Default,65,False
Hard_Default,bot2,bot2,Hard_Default,42,False
Hard_Default,bot2,Hard_Default,Hard_Default,69,False
Hard_Default,bot2,bot2,bot2,32,False
Hard_Default,bot2,Hard_Default,Hard_Default,69,False
Hard_Default,bot2,bot2,bot2,32,False
Hard_Default,bot2,Hard_Default,None,200,True
Hard_Default,bot2,bot2,bot2,32,False
Hard_Default,bot2,Hard_Default,Hard_Default,69,False
Hard_Default,bot2,bot2,bot2,32,False
Hard_Default,bot2,Hard_Default,Hard_Default,69,False
Hard_Default,bot2,bot2,bot2,32,False
Hard_Default,bot2,Hard_Default,Hard_Default,69,False
Hard_Default,bot2,bot2,bot2,32,False
Hard_Default,bot2,Hard_Default,Hard_Default,69,False
Hard_Default,bot2,bot2,None,200,True
Hard_Default,bot2,Hard_Default,Hard_Default,69,False
Hard_Default,bot2,bot2,bot2,32,False
Hard_Default,bot2,Hard_Default,Hard_Default,69,False
Hard_Default,bot2,bot2,bot2,32,False
Hard_Default,bot2,Hard_Default,Hard_Default,92,False
Hard_Default,bot2,bot2,bot2,32,False
Hard_Default,bot2,Hard_Default,Hard_Default,69,False
Hard_Default,bot2,bot2,bot2,32,False
Hard_Default,bot2,Hard_Default,Hard_Default,105,False
Hard_Default,bot2,bot2,bot2,32,False
Hard_Default,bot2,Hard_Default,Hard_Default,69,False
Hard_Default,bot2,bot2,bot2,32,False
Hard_Default,bot2,Hard_Default,Hard_Default,101,False
Hard_Default,bot2,bot2,bot2,32,False
Hard_Default,bot2,Hard_Default,Hard_Default,69,False
Hard_Default,bot2,bot2,bot2,32,False
Hard_Default,bot2,Hard_Default,Hard_Default,65,False
Hard_Default,bot2,bot2,bot2,32,False
Hard_Default,bot2,Hard_Default,Hard_Default,69,False
Hard_Default,bot2,bot2,None,200,True
Hard_Default,bot2,Hard_Default,Hard_Default,69,False
Hard_Default,bot2,bot2,bot2,32,False
Hard_Default,bot2,Hard_Default,Hard_Default,69,False
Hard_Default,bot2,bot2,bot2,32,False
Hard_Default,bot2,Hard_Default,Hard_Default,69,False
Hard_Default,bot2,bot2,bot2,32,False
Hard_Default,bot2,Hard_Default,Hard_Default,69,False
Hard_Default,bot2,bot2,bot2,32,False
Hard_Default,bot2,Hard_Default,Hard_Default,69,False
Hard_Default,bot2,bot2,bot2,32,False
Hard_Default,bot2,Hard_Default,Hard_Default,90,False
Hard_Default,bot2,bot2,bot2,32,False
Hard_Default,bot2,Hard_Default,Hard_Default,69,False
Hard_Default,bot2,bot2,bot2,32,False
Hard_Default,bot2,Hard_Default,Hard_Default,69,False
Hard_Default,bot2,bot2,bot2,32,False
Hard_Default,bot2,Hard_Default,Hard_Default,69,False
Hard_Default,bot2,bot2,bot2,32,False
Hard_Default,bot2,Hard_Default,Hard_Default,69,False
Hard_Default,bot2,bot2,bot2,28,False
Hard_Default,bot2,Hard_Default,Hard_Default,69,False
Hard_Default,bot2,bot2,bot2,32,False
Hard_Default,bot2,Hard_Default,Hard_Default,69,False
Hard_Default,bot2,bot2,bot2,32,False
Hard_Default,bot2,Hard_Default,Hard_Default,69,False
Hard_Default,bot2,bot2,bot2,32,False
Hard_Default,bot2,Hard_Default,Hard_Default,69,False
Hard_Default,bot2,bot2,bot2,32,False
Hard_Default,bot2,Hard_Default,Hard_Default,65,False
Hard_Default,bot2,bot2,bot2,32,False
Hard_Default,bot2,Hard_Default,None,200,True
Hard_Default,bot2,bot2,bot2,28,False
Hard_Default,bot2,Hard_Default,None,200,True
Hard_Default,bot2,bot2,bot2,32,False
Hard_Default,bot2,Hard_Default,Hard_Default,69,False
Hard_Default,bot2,bot2,bot2,32,False
Hard_Default,bot2,Hard_Default,Hard_Default,69,False
Hard_Default,bot2,bot2,bot2,32,False
Hard_Default,bot2,Hard_Default,Hard_Default,69,False
Hard_Default,bot2,bot2,bot2,32,False
Hard_Default,bot2,Hard_Default,bot2,118,False
Hard_Default,bot2,bot2,Hard_Default,42,False
Hard_Default,bot2,Hard_Default,Hard_Default,32,False
Hard_Default,bot2,bot2,Hard_Default,44,False
Hard_Default,bot2,Hard_Default,Hard_Default,69,False
Hard_Default,bot2,bot2,bot2,32,False
Hard_Default,bot2,Hard_Default,Hard_Default,69,False
Hard_Default,bot2,bot2,bot2,32,False
Hard_Default,bot2,Hard_Default,Hard_Default,69,False
Hard_Default,bot2,bot2,Hard_Default,42,False
Hard_Default,bot2,Hard_Default,Hard_Default,69,False
Hard_Default,bot2,bot2,bot2,32,False
Hard_Default,bot2,Hard_Default,Hard_Default,69,False
Hard_Default,bot2,bot2,bot2,32,False
Hard_Default,bot2,Hard_Default,None,200,True
Hard_Default,bot2,bot2,bot2,32,False
Hard_Default,bot2,Hard_Default,Hard_Default,69,False
Hard_Default,bot2,bot2,bot2,32,False
Hard_Default,bot2,Hard_Default,Hard_Default,32,False
Hard_Default,bot2,bot2,bot2,32,False
Hard_Default,bot2,Hard_Default,Hard_Default,69,False
Hard_Default,bot2,bot2,bot2,32,False
Hard_Default,bot2,Hard_Default,Hard_Default,69,False
Hard_Default,bot2,bot2,bot2,28,False
Hard_Default,bot2,Hard_Default,Hard_Default,69,False
Hard_Default,bot2,bot2,bot2,32,False
Hard_Default,bot2,Hard_Default,Hard_Default,65,False
Hard_Default,bot2,bot2,Hard_Default,42,False
Hard_Default,bot2,Hard_Default,Hard_Default,69,False
Hard_Default,bot2,bot2,bot2,32,False
Hard_Default,bot2,Hard_Default,Hard_Default,69,False
Hard_Default,bot2,bot2,bot2,32,False
Hard_Default,bot2,Hard_Default,Hard_Default,89,False
Hard_Default,bot2,bot2,bot2,32,False
Hard_Default,bot2,Hard_Default,Hard_Default,69,False
Hard_Default,bot2,bot2,bot2,32,False
Hard_Default,bot2,Hard_Default,Hard_Default,69,False
Hard_Default,bot2,bot2,Hard_Default,42,False
Hard_Default,bot2,Hard_Default,None,200,True
Hard_Default,bot2,bot2,bot2,32,False
Hard_Default,bot2,Hard_Default,Hard_Default,69,False
Hard_Default,bot2,bot2,bot2,32,False
Hard_Default,bot2,Hard_Default,None,200,True
Hard_Default,bot2,bot2,bot2,32,False
Hard_Default,bot2,Hard_Default,Hard_Default,69,False
Hard_Default,bot2,bot2,Hard_Default,42,False
Hard_Default,bot2,Hard_Default,Hard_Default,76,False
Hard_Default,bot2,bot2,bot2,32,False
Hard_Default,bot2,Hard_Default,Hard_Default,69,False
Hard_Default,bot2,bot2,bot2,32,False
Hard_Default,bot2,Hard_Default,Hard_Default,69,False
Hard_Default,bot2,bot2,bot2,32,False
Hard_Default,bot2,Hard_Default,Hard_Default,69,False
Hard_Default,bot2,bot2,bot2,32,False
Hard_Default,bot2,Hard_Default,Hard_Default,69,False
Hard_Default,bot2,bot2,bot2,32,False
Hard_Default,bot2,Hard_Default,Hard_Default,69,False
Hard_Default,bot2,bot2,bot2,32,False
Hard_Default,bot2,Hard_Default,bot2,42,False
Hard_Default,bot2,bot2,bot2,32,False
Hard_Default,bot2,Hard_Default,Hard_Default,65,False
Hard_Default,bot2,bot2,bot2,32,False
Hard_Default,bot2,Hard_Default,Hard_Default,69,False
Hard_Default,bot2,bot2,None,200,True
Hard_Default,bot2,Hard_Default,Hard_Default,69,False
Hard_Default,bot2,bot2,bot2,32,False
Hard_Default,bot2,Hard_Default,Hard_Default,69,False
Hard_Default,bot2,bot2,bot2,28,False
Hard_Default,bot2,Hard_Default,Hard_Default,69,False
Hard_Default,bot2,bot2,bot2,32,False
Hard_Default,bot2,Hard_Default,Hard_Default,69,False
Hard_Default,bot2,bot2,bot2,32,False
Hard_Default,bot2,Hard_Default,Hard_Default,101,False
Hard_Default,bot2,bot2,bot2,32,False
Hard_Default,bot2,Hard_Default,Hard_Default,69,False
Hard_Default,bot2,bot2,bot2,32,False
Hard_Default,bot2,Hard_Default,Hard_Default,69,False
Hard_Default,bot2,bot2,bot2,32,False
Hard_Default,bot2,Hard_Default,Hard_Default,69,False
Hard_Default,bot2,bot2,bot2,32,False
Hard_Default,bot2,Hard_Default,Hard_Default,69,False
Hard_Default,bot2,bot2,bot2,32,False
Hard_Default,bot2,Hard_Default,Hard_Default,69,False
Hard_Default,bot2,bot2,bot2,32,False
Hard_Default,bot2,Hard_Default,Hard_Default,69,False
Hard_Default,bot2,bot2,bot2,32,False
Hard_Default,bot2,Hard_Default,Hard_Default,69,False
Hard_Default,bot2,bot2,bot2,32,False
Hard_Default,bot2,Hard_Default,bot2,78,False
Hard_Default,bot2,bot2,bot2,32,False
Hard_Default,bot2,Hard_Default,Hard_Default,69,False
Hard_Default,bot2,bot2,bot2,32,False
Hard_Default,bot2,Hard_Default,Hard_Default,69,False
Hard_Default,bot2,bot2,bot2,32,False
Hard_Default,bot2,Hard_Default,Hard_Default,69,False
Hard_Default,bot2,bot2,bot2,32,False
Hard_Default,bot2,Hard_Default,Hard_Default,69,False
Hard_Default,bot2,bot2,bot2,32,False
Hard_Default,bot2,Hard_Default,Hard_Default,69,False
Hard_Default,bot2,bot2,bot2,32,False
Hard_Default,bot2,Hard_Default,Hard_Default,69,False
Hard_Default,bot2,bot2,bot2,32,False
Hard_Default,bot2,Hard_Default,Hard_Default,69,False
Hard_Default,bot2,bot2,bot2,32,False
Hard_Default,bot2,Hard_Default,Hard_Default,69,False
Hard_Default,bot2,bot2,bot2,32,False
Hard_Default,bot2,Hard_Default,None,200,True
Hard_Default,bot2,bot2,bot2,32,False
Hard_Default,bot2,Hard_Default,Hard_Default,69,False
Hard_Default,bot2,bot2,bot2,32,False
Hard_Default,bot2,Hard_Default,Hard_Default,69,False
Hard_Default,bot2,bot2,bot2,32,False
Hard_Default,bot2,Hard_Default,Hard_Default,69,False
Hard_Default,bot2,bot2,bot2,28,False
Hard_Default,bot2,Hard_Default,Hard_Default,69,False
Hard_Default,bot2,bot2,Hard_Default,42,False
Hard_Default,bot2,Hard_Default,Hard_Default,69,False
Hard_Default,bot2,bot2,bot2,32,False
Hard_Default,bot2,Hard_Default,Hard_Default,69,False
Hard_Default,bot2,bot2,bot2,32,False
Hard_Default,bot2,Hard_Default,Hard_Default,69,False
Hard_Default,bot2,bot2,bot2,32,False
Hard_Default,bot2,Hard_Default,Hard_Default,69,False
Hard_Default,bot2,bot2,bot2,32,False
Hard_Default,bot2,Hard_Default,Hard_Default,69,False
Hard_Default,bot2,bot2,bot2,32,False
Hard_Default,bot2,Hard_Default,Hard_Default,69,False
Hard_Default,bot2,bot2,bot2,32,False
Hard_Default,bot2,Hard_Default,Hard_Default,69,False
Hard_Default,bot2,bot2,Hard_Default,38,False
Hard_Default,bot2,Hard_Default,Hard_Default,69,False
Hard_Default,bot2,bot2,Hard_Default,42,False
Hard_Default,bot2,Hard_Default,Hard_Default,69,False
Hard_Default,bot2,bot2,bot2,32,False
Hard_Default,bot2,Hard_Default,None,200,True
Hard_Default,bot2,bot2,bot2,28,False
Hard_Default,bot2,Hard_Default,Hard_Default,65,False
Hard_Default,bot2,bot2,bot2,32,False
Hard_Default,bot2,Hard_Default,Hard_Default,69,False
Hard_Default,bot2,bot2,bot2,32,False
Hard_Default,bot2,Hard_Default,Hard_Default,69,False
Hard_Default,bot2,bot2,bot2,32,False
Hard_Default,bot2,Hard_Default,Hard_Default,69,False
Hard_Default,bot2,bot2,bot2,32,False
Hard_Default,bot2,Hard_Default,Hard_Default,69,False
Hard_Default,bot2,bot2,bot2,32,False
Hard_Default,bot2,Hard_Default,Hard_Default,101,False
Hard_Default,bot2,bot2,bot2,32,False
Hard_Default,bot2,Hard_Default,None,200,True
Hard_Default,bot2,bot2,bot2,32,False
Hard_Default,bot2,Hard_Default,Hard_Default,69,False
Hard_Default,bot2,bot2,bot2,32,False
Hard_Default,bot2,Hard_Default,Hard_Default,69,False
Hard_Default,bot2,bot2,bot2,32,False
Hard_Default,bot2,Hard_Default,Hard_Default,69,False
Hard_Default,bot2,bot2,bot2,32,False
Hard_Default,bot2,Hard_Default,Hard_Default,69,False
Hard_Default,bot2,bot2,bot2,32,False
Hard_Default,bot2,Hard_Default,Hard_Default,69,False
Hard_Default,bot2,bot2,bot2,32,False
Hard_Default,bot2,Hard_Default,Hard_Default,69,False
Hard_Default,bot2,bot2,bot2,32,False
Hard_Default,bot2,Hard_Default,Hard_Default,69,False
Hard_Default,bot2,bot2,bot2,32,False
Hard_Default,bot2,Hard_Default,Hard_Default,69,False
Hard_Default,bot2,bot2,bot2,32,False
Hard_Default,bot2,Hard_Default,Hard_Default,32,False
Hard_Default,bot2,bot2,bot2,32,False
Hard_Default,bot2,Hard_Default,Hard_Default,69,False
Hard_Default,bot2,bot2,bot2,32,False
Hard_Default,bot2,Hard_Default,Hard_Default,69,False
Hard_Default,bot2,bot2,bot2,32,False
Hard_Default,bot2,Hard_Default,None,200,True
Hard_Default,bot2,bot2,bot2,32,False
Hard_Default,bot2,Hard_Default,Hard_Default,69,False
Hard_Default,bot2,bot2,bot2,32,False
Hard_Default,bot2,Hard_Default,Hard_Default,69,False
Hard_Default,bot2,bot2,bot2,32,False
Hard_Default,bot2,Hard_Default,Hard_Default,69,False
Hard_Default,bot2,bot2,bot2,32,False
Hard_Default,bot2,Hard_Default,Hard_Default,69,False
Hard_Default,bot2,bot2,Hard_Default,42,False
Hard_Default,bot2,Hard_Default,bot2,78,False
Hard_Default,bot2,bot2,bot2,32,False
Hard_Default,bot2,Hard_Default,Hard_Default,69,False
Hard_Default,bot2,bot2,bot2,32,False
Hard_Default,bot2,Hard_Default,Hard_Default,69,False
Hard_Default,bot2,bot2,bot2,32,False
Hard_Default,bot2,Hard_Default,Hard_Default,69,False
Hard_Default,bot2,bot2,None,200,True
Hard_Default,bot2,Hard_Default,bot2,78,False
Hard_Default,bot2,bot2,bot2,32,False
Hard_Default,bot2,Hard_Default,Hard_Default,69,False
Hard_Default,bot2,bot2,bot2,32,False
Hard_Default,bot2,Hard_Default,Hard_Default,69,False
Hard_Default,bot2,bot2,bot2,32,False
Hard_Default,bot2,Hard_Default,Hard_Default,69,False
Hard_Default,bot2,bot2,bot2,32,False
Hard_Default,bot2,Hard_Default,Hard_Default,69,False
Hard_Default,bot2,bot2,bot2,32,False
Hard_Default,bot2,Hard_Default,Hard_Default,69,False
Hard_Default,bot2,bot2,bot2,32,False
Hard_Default,bot2,Hard_Default,Hard_Default,69,False
Hard_Default,bot2,bot2,bot2,32,False
Hard_Default,bot2,Hard_Default,Hard_Default,69,False
Hard_Default,bot2,bot2,bot2,32,False
Hard_Default,bot2,Hard_Default,Hard_Default,69,False
Hard_Default,bot2,bot2,bot2,32,False
Hard_Default,bot3,Hard_Default,Hard_Default,30,False
Hard_Default,bot3,bot3,bot3,32,False
Hard_Default,bot3,Hard_Default,Hard_Default,30,False
Hard_Default,bot3,bot3,bot3,32,False
Hard_Default,bot3,Hard_Default,Hard_Default,30,False
Hard_Default,bot3,bot3,bot3,32,False
Hard_Default,bot3,Hard_Default,Hard_Default,30,False
Hard_Default,bot3,bot3,bot3,32,False
Hard_Default,bot3,Hard_Default,Hard_Default,30,False
Hard_Default,bot3,bot3,bot3,32,False
Hard_Default,bot3,Hard_Default,Hard_Default,30,False
Hard_Default,bot3,bot3,bot3,32,False
Hard_Default,bot3,Hard_Default,Hard_Default,30,False
Hard_Default,bot3,bot3,bot3,32,False
Hard_Default,bot3,Hard_Default,Hard_Default,30,False
Hard_Default,bot3,bot3,bot3,32,False
Hard_Default,bot3,Hard_Default,Hard_Default,30,False
Hard_Default,bot3,bot3,bot3,36,False
Hard_Default,bot3,Hard_Default,Hard_Default,30,False
Hard_Default,bot3,bot3,bot3,36,False
Hard_Default,bot3,Hard_Default,Hard_Default,30,False
Hard_Default,bot3,bot3,bot3,32,False
Hard_Default,bot3,Hard_Default,Hard_Default,30,False
Hard_Default,bot3,bot3,bot3,32,False
Hard_Default,bot3,Hard_Default,Hard_Default,30,False
Hard_Default,bot3,bot3,bot3,32,False
Hard_Default,bot3,Hard_Default,Hard_Default,30,False
Hard_Default,bot3,bot3,bot3,32,False
Hard_Default,bot3,Hard_Default,Hard_Default,30,False
Hard_Default,bot3,bot3,bot3,32,False
Hard_Default,bot3,Hard_Default,Hard_Default,30,False
Hard_Default,bot3,bot3,bot3,32,False
Hard_Default,bot3,Hard_Default,Hard_Default,30,False
Hard_Default,bot3,bot3,bot3,32,False
Hard_Default,bot3,Hard_Default,Hard_Default,30,False
Hard_Default,bot3,bot3,bot3,32,False
Hard_Default,bot3,Hard_Default,Hard_Default,30,False
Hard_Default,bot3,bot3,bot3,32,False
Hard_Default,bot3,Hard_Default,Hard_Default,30,False
Hard_Default,bot3,bot3,None,200,True
Hard_Default,bot3,Hard_Default,Hard_Default,30,False
Hard_Default,bot3,bot3,bot3,32,False
Hard_Default,bot3,Hard_Default,Hard_Default,30,False
Hard_Default,bot3,bot3,bot3,32,False
Hard_Default,bot3,Hard_Default,Hard_Default,30,False
Hard_Default,bot3,bot3,bot3,36,False
Hard_Default,bot3,Hard_Default,Hard_Default,30,False
Hard_Default,bot3,bot3,bot3,32,False
Hard_Default,bot3,Hard_Default,Hard_Default,30,False
Hard_Default,bot3,bot3,bot3,36,False
Hard_Default,bot3,Hard_Default,Hard_Default,30,False
Hard_Default,bot3,bot3,bot3,32,False
Hard_Default,bot3,Hard_Default,Hard_Default,30,False
Hard_Default,bot3,bot3,bot3,32,False
Hard_Default,bot3,Hard_Default,Hard_Default,30,False
Hard_Default,bot3,bot3,bot3,32,False
Hard_Default,bot3,Hard_Default,Hard_Default,30,False
Hard_Default,bot3,bot3,bot3,32,False
Hard_Default,bot3,Hard_Default,Hard_Default,30,False
Hard_Default,bot3,bot3,bot3,32,False
Hard_Default,bot3,Hard_Default,Hard_Default,30,False
Hard_Default,bot3,bot3,bot3,32,False
Hard_Default,bot3,Hard_Default,Hard_Default,30,False
Hard_Default,bot3,bot3,bot3,32,False
Hard_Default,bot3,Hard_Default,Hard_Default,30,False
Hard_Default,bot3,bot3,bot3,32,False
Hard_Default,bot3,Hard_Default,Hard_Default,30,False
Hard_Default,bot3,bot3,bot3,32,False
Hard_Default,bot3,Hard_Default,Hard_Default,30,False
Hard_Default,bot3,bot3,bot3,32,False
Hard_Default,bot3,Hard_Default,Hard_Default,30,False
Hard_Default,bot3,bot3,bot3,32,False
Hard_Default,bot3,Hard_Default,Hard_Default,30,False
Hard_Default,bot3,bot3,bot3,32,False
Hard_Default,bot3,Hard_Default,Hard_Default,30,False
Hard_Default,bot3,bot3,bot3,32,False
Hard_Default,bot3,Hard_Default,Hard_Default,30,False
Hard_Default,bot3,bot3,Hard_Default,55,False
Hard_Default,bot3,Hard_Default,Hard_Default,30,False
Hard_Default,bot3,bot3,bot3,32,False
Hard_Default,bot3,Hard_Default,Hard_Default,30,False
Hard_Default,bot3,bot3,bot3,48,False
Hard_Default,bot3,Hard_Default,Hard_Default,30,False
Hard_Default,bot3,bot3,bot3,32,False
Hard_Default,bot3,Hard_Default,Hard_Default,30,False
Hard_Default,bot3,bot3,bot3,32,False
Hard_Default,bot3,Hard_Default,Hard_Default,30,False
Hard_Default,bot3,bot3,bot3,32,False
Hard_Default,bot3,Hard_Default,Hard_Default,30,False
Hard_Default,bot3,bot3,bot3,32,False
Hard_Default,bot3,Hard_Default,Hard_Default,30,False
Hard_Default,bot3,bot3,bot3,32,False
Hard_Default,bot3,Hard_Default,Hard_Default,30,False
Hard_Default,bot3,bot3,None,200,True
Hard_Default,bot3,Hard_Default,Hard_Default,30,False
Hard_Default,bot3,bot3,bot3,32,False
Hard_Default,bot3,Hard_Default,Hard_Default,30,False
Hard_Default,bot3,bot3,bot3,32,False
Hard_Default,bot3,Hard_Default,Hard_Default,30,False
Hard_Default,bot3,bot3,bot3,32,False
Hard_Default,bot3,Hard_Default,Hard_Default,30,False
Hard_Default,bot3,bot3,bot3,32,False
Hard_Default,bot3,Hard_Default,Hard_Default,30,False
Hard_Default,bot3,bot3,bot3,32,False
Hard_Default,bot3,Hard_Default,Hard_Default,30,False
Hard_Default,bot3,bot3,bot3,32,False
Hard_Default,bot3,Hard_Default,Hard_Default,30,False
Hard_Default,bot3,bot3,bot3,32,False
Hard_Default,bot3,Hard_Default,Hard_Default,30,False
Hard_Default,bot3,bot3,Hard_Default,46,False
Hard_Default,bot3,Hard_Default,Hard_Default,30,False
Hard_Default,bot3,bot3,bot3,32,False
Hard_Default,bot3,Hard_Default,Hard_Default,30,False
Hard_Default,bot3,bot3,bot3,32,False
Hard_Default,bot3,Hard_Default,Hard_Default,30,False
Hard_Default,bot3,bot3,bot3,32,False
Hard_Default,bot3,Hard_Default,Hard_Default,30,False
Hard_Default,bot3,bot3,bot3,32,False
Hard_Default,bot3,Hard_Default,Hard_Default,30,False
Hard_Default,bot3,bot3,bot3,32,False
Hard_Default,bot3,Hard_Default,Hard_Default,30,False
Hard_Default,bot3,bot3,bot3,32,False
Hard_Default,bot3,Hard_Default,Hard_Default,30,False
Hard_Default,bot3,bot3,bot3,32,False
Hard_Default,bot3,Hard_Default,Hard_Default,30,False
Hard_Default,bot3,bot3,None,200,True
Hard_Default,bot3,Hard_Default,Hard_Default,30,False
Hard_Default,bot3,bot3,bot3,32,False
Hard_Default,bot3,Hard_Default,Hard_Default,30,False
Hard_Default,bot3,bot3,bot3,32,False
Hard_Default,bot3,Hard_Default,Hard_Default,30,False
Hard_Default,bot3,bot3,bot3,32,False
Hard_Default,bot3,Hard_Default,Hard_Default,69,False
Hard_Default,bot3,bot3,bot3,32,False
Hard_Default,bot3,Hard_Default,Hard_Default,30,False
Hard_Default,bot3,bot3,bot3,32,False
Hard_Default,bot3,Hard_Default,Hard_Default,30,False
Hard_Default,bot3,bot3,bot3,32,False
Hard_Default,bot3,Hard_Default,Hard_Default,30,False
Hard_Default,bot3,bot3,bot3,32,False
Hard_Default,bot3,Hard_Default,Hard_Default,30,False
Hard_Default,bot3,bot3,bot3,32,False
Hard_Default,bot3,Hard_Default,Hard_Default,30,False
Hard_Default,bot3,bot3,bot3,32,False
Hard_Default,bot3,Hard_Default,Hard_Default,30,False
Hard_Default,bot3,bot3,bot3,32,False
Hard_Default,bot3,Hard_Default,Hard_Default,30,False
Hard_Default,bot3,bot3,bot3,32,False
Hard_Default,bot3,Hard_Default,Hard_Default,30,False
Hard_Default,bot3,bot3,bot3,32,False
Hard_Default,bot3,Hard_Default,Hard_Default,30,False
Hard_Default,bot3,bot3,bot3,32,False
Hard_Default,bot3,Hard_Default,Hard_Default,30,False
Hard_Default,bot3,bot3,bot3,32,False
Hard_Default,bot3,Hard_Default,Hard_Default,30,False
Hard_Default,bot3,bot3,bot3,32,False
Hard_Default,bot3,Hard_Default,Hard_Default,30,False
Hard_Default,bot3,bot3,bot3,32,False
Hard_Default,bot3,Hard_Default,Hard_Default,30,False
Hard_Default,bot3,bot3,bot3,64,False
Hard_Default,bot3,Hard_Default,Hard_Default,30,False
Hard_Default,bot3,bot3,bot3,32,False
Hard_Default,bot3,Hard_Default,Hard_Default,30,False
Hard_Default,bot3,bot3,bot3,32,False
Hard_Default,bot3,Hard_Default,Hard_Default,30,False
Hard_Default,bot3,bot3,bot3,32,False
Hard_Default,bot3,Hard_Default,Hard_Default,30,False
Hard_Default,bot3,bot3,bot3,36,False
Hard_Default,bot3,Hard_Default,Hard_Default,69,False
Hard_Default,bot3,bot3,bot3,32,False
Hard_Default,bot3,Hard_Default,Hard_Default,30,False
Hard_Default,bot3,bot3,bot3,32,False
Hard_Default,bot3,Hard_Default,Hard_Default,30,False
Hard_Default,bot3,bot3,bot3,32,False
Hard_Default,bot3,Hard_Default,Hard_Default,69,False
Hard_Default,bot3,bot3,bot3,32,False
Hard_Default,bot3,Hard_Default,Hard_Default,30,False
Hard_Default,bot3,bot3,bot3,32,False
Hard_Default,bot3,Hard_Default,Hard_Default,30,False
Hard_Default,bot3,bot3,bot3,32,False
Hard_Default,bot3,Hard_Default,Hard_Default,30,False
Hard_Default,bot3,bot3,bot3,32,False
Hard_Default,bot3,Hard_Default,Hard_Default,30,False
Hard_Default,bot3,bot3,bot3,32,False
Hard_Default,bot3,Hard_Default,Hard_Default,69,False
Hard_Default,bot3,bot3,bot3,32,False
Hard_Default,bot3,Hard_Default,Hard_Default,30,False
Hard_Default,bot3,bot3,bot3,32,False
Hard_Default,bot3,Hard_Default,Hard_Default,30,False
Hard_Default,bot3,bot3,bot3,32,False
Hard_Default,bot3,Hard_Default,Hard_Default,30,False
Hard_Default,bot3,bot3,bot3,32,False
Hard_Default,bot3,Hard_Default,Hard_Default,30,False
Hard_Default,bot3,bot3,bot3,32,False
Hard_Default,bot3,Hard_Default,Hard_Default,30,False
Hard_Default,bot3,bot3,bot3,32,False
Hard_Default,bot3,Hard_Default,Hard_Default,30,False
Hard_Default,bot3,bot3,bot3,32,False
Hard_Default,bot3,Hard_Default,Hard_Default,30,False
Hard_Default,bot3,bot3,bot3,32,False
Hard_Default,bot3,Hard_Default,Hard_Default,30,False
Hard_Default,bot3,bot3,bot3,32,False
Hard_Default,bot3,Hard_Default,Hard_Default,30,False
Hard_Default,bot3,bot3,bot3,32,False
Hard_Default,bot3,Hard_Default,Hard_Default,30,False
Hard_Default,bot3,bot3,bot3,32,False
Hard_Default,bot3,Hard_Default,Hard_Default,30,False
Hard_Default,bot3,bot3,bot3,32,False
Hard_Default,bot3,Hard_Default,Hard_Default,30,False
Hard_Default,bot3,bot3,bot3,32,False
Hard_Default,bot3,Hard_Default,Hard_Default,30,False
Hard_Default,bot3,bot3,bot3,184,False
Hard_Default,bot3,Hard_Default,Hard_Default,30,False
Hard_Default,bot3,bot3,Hard_Default,46,False
Hard_Default,bot3,Hard_Default,Hard_Default,30,False
Hard_Default,bot3,bot3,Hard_Default,130,False
Hard_Default,bot3,Hard_Default,Hard_Default,30,False
Hard_Default,bot3,bot3,bot3,32,False
Hard_Default,bot3,Hard_Default,None,200,True
Hard_Default,bot3,bot3,bot3,32,False
Hard_Default,bot3,Hard_Default,Hard_Default,30,False
Hard_Default,bot3,bot3,bot3,32,False
Hard_Default,bot3,Hard_Default,Hard_Default,30,False
Hard_Default,bot3,bot3,bot3,32,False
Hard_Default,bot3,Hard_Default,Hard_Default,30,False
Hard_Default,bot3,bot3,bot3,32,False
Hard_Default,bot3,Hard_Default,Hard_Default,30,False
Hard_Default,bot3,bot3,bot3,32,False
Hard_Default,bot3,Hard_Default,Hard_Default,30,False
Hard_Default,bot3,bot3,bot3,32,False
Hard_Default,bot3,Hard_Default,Hard_Default,30,False
Hard_Default,bot3,bot3,bot3,32,False
Hard_Default,bot3,Hard_Default,Hard_Default,30,False
Hard_Default,bot3,bot3,bot3,32,False
Hard_Default,bot3,Hard_Default,Hard_Default,30,False
Hard_Default,bot3,bot3,bot3,32,False
Hard_Default,bot3,Hard_Default,Hard_Default,30,False
Hard_Default,bot3,bot3,bot3,36,False
Hard_Default,bot3,Hard_Default,Hard_Default,30,False
Hard_Default,bot3,bot3,bot3,32,False
Hard_Default,bot3,Hard_Default,Hard_Default,30,False
Hard_Default,bot3,bot3,bot3,32,False
Hard_Default,bot3,Hard_Default,Hard_Default,30,False
Hard_Default,bot3,bot3,bot3,32,False
Hard_Default,bot3,Hard_Default,Hard_Default,30,False
Hard_Default,bot3,bot3,bot3,32,False
Hard_Default,bot3,Hard_Default,Hard_Default,30,False
Hard_Default,bot3,bot3,Hard_Default,46,False
Hard_Default,bot3,Hard_Default,Hard_Default,30,False
Hard_Default,bot3,bot3,None,200,True
Hard_Default,bot3,Hard_Default,Hard_Default,30,False
Hard_Default,bot3,bot3,bot3,32,False
Hard_Default,bot3,Hard_Default,Hard_Default,30,False
Hard_Default,bot3,bot3,bot3,32,False
Hard_Default,bot3,Hard_Default,Hard_Default,30,False
Hard_Default,bot3,bot3,bot3,32,False
Hard_Default,bot3,Hard_Default,Hard_Default,30,False
Hard_Default,bot3,bot3,bot3,32,False
Hard_Default,bot3,Hard_Default,Hard_Default,30,False
Hard_Default,bot3,bot3,bot3,32,False
Hard_Default,bot3,Hard_Default,Hard_Default,30,False
Hard_Default,bot3,bot3,bot3,36,False
Hard_Default,bot3,Hard_Default,Hard_Default,30,False
Hard_Default,bot3,bot3,bot3,32,False
Hard_Default,bot3,Hard_Default,Hard_Default,30,False
Hard_Default,bot3,bot3,bot3,32,False
Hard_Default,bot3,Hard_Default,Hard_Default,30,False
Hard_Default,bot3,bot3,bot3,32,False
Hard_Default,bot3,Hard_Default,Hard_Default,30,False
Hard_Default,bot3,bot3,bot3,32,False
Hard_Default,bot3,Hard_Default,Hard_Default,69,False
Hard_Default,bot3,bot3,Hard_Default,46,False
Hard_Default,bot3,Hard_Default,Hard_Default,30,False
Hard_Default,bot3,bot3,None,200,True
Hard_Default,bot3,Hard_Default,Hard_Default,30,False
Hard_Default,bot3,bot3,bot3,32,False
Hard_Default,bot3,Hard_Default,Hard_Default,30,False
Hard_Default,bot3,bot3,bot3,93,False
Hard_Default,bot3,Hard_Default,Hard_Default,30,False
Hard_Default,bot3,bot3,bot3,32,False
Hard_Default,bot3,Hard_Default,Hard_Default,30,False
Hard_Default,bot3,bot3,bot3,32,False
Hard_Default,bot3,Hard_Default,Hard_Default,30,False
Hard_Default,bot3,bot3,bot3,32,False
Hard_Default,bot3,Hard_Default,Hard_Default,30,False
Hard_Default,bot3,bot3,bot3,32,False
Hard_Default,bot3,Hard_Default,Hard_Default,69,False
Hard_Default,bot3,bot3,bot3,32,False
Hard_Default,bot3,Hard_Default,Hard_Default,69,False
Hard_Default,bot3,bot3,bot3,36,False
Hard_Default,bot3,Hard_Default,Hard_Default,30,False
Hard_Default,bot3,bot3,bot3,32,False
Hard_Default,bot3,Hard_Default,Hard_Default,30,False
Hard_Default,bot3,bot3,bot3,32,False
Hard_Default,bot3,Hard_Default,Hard_Default,30,False
Hard_Default,bot3,bot3,bot3,32,False
Hard_Default,bot3,Hard_Default,Hard_Default,30,False
Hard_Default,bot3,bot3,bot3,32,False
Hard_Default,bot3,Hard_Default,Hard_Default,30,False
Hard_Default,bot3,bot3,Hard_Default,122,False
Hard_Default,bot4,Hard_Default,Hard_Default,156,False
Hard_Default,bot4,bot4,bot4,69,False
Hard_Default,bot4,Hard_Default,Hard_Default,101,False
Hard_Default,bot4,bot4,bot4,69,False
Hard_Default,bot4,Hard_Default,Hard_Default,64,False
Hard_Default,bot4,bot4,bot4,69,False
Hard_Default,bot4,Hard_Default,bot4,87,False
Hard_Default,bot4,bot4,bot4,69,False
Hard_Default,bot4,Hard_Default,Hard_Default,93,False
Hard_Default,bot4,bot4,bot4,69,False
Hard_Default,bot4,Hard_Default,Hard_Default,32,False
Hard_Default,bot4,bot4,bot4,69,False
Hard_Default,bot4,Hard_Default,Hard_Default,32,False
Hard_Default,bot4,bot4,bot4,64,False
Hard_Default,bot4,Hard_Default,Hard_Default,60,False
Hard_Default,bot4,bot4,bot4,69,False
Hard_Default,bot4,Hard_Default,bot4,114,False
Hard_Default,bot4,bot4,bot4,69,False
Hard_Default,bot4,Hard_Default,Hard_Default,101,False
Hard_Default,bot4,bot4,bot4,69,False
Hard_Default,bot4,Hard_Default,Hard_Default,156,False
Hard_Default,bot4,bot4,None,200,True
Hard_Default,bot4,Hard_Default,Hard_Default,101,False
Hard_Default,bot4,bot4,bot4,32,False
Hard_Default,bot4,Hard_Default,bot4,135,False
Hard_Default,bot4,bot4,bot4,69,False
Hard_Default,bot4,Hard_Default,Hard_Default,46,False
Hard_Default,bot4,bot4,bot4,69,False
Hard_Default,bot4,Hard_Default,Hard_Default,101,False
Hard_Default,bot4,bot4,None,200,True
Hard_Default,bot4,Hard_Default,Hard_Default,32,False
Hard_Default,bot4,bot4,bot4,32,False
Hard_Default,bot4,Hard_Default,Hard_Default,101,False
Hard_Default,bot4,bot4,bot4,28,False
Hard_Default,bot4,Hard_Default,Hard_Default,101,False
Hard_Default,bot4,bot4,bot4,32,False
Hard_Default,bot4,Hard_Default,Hard_Default,101,False
Hard_Default,bot4,bot4,bot4,69,False
Hard_Default,bot4,Hard_Default,bot4,38,False
Hard_Default,bot4,bot4,bot4,69,False
Hard_Default,bot4,Hard_Default,Hard_Default,101,False
Hard_Default,bot4,bot4,bot4,69,False
Hard_Default,bot4,Hard_Default,Hard_Default,125,False
Hard_Default,bot4,bot4,bot4,69,False
Hard_Default,bot4,Hard_Default,bot4,38,False
Hard_Default,bot4,bot4,bot4,69,False
Hard_Default,bot4,Hard_Default,bot4,94,False
Hard_Default,bot4,bot4,bot4,69,False
Hard_Default,bot4,Hard_Default,Hard_Default,101,False
Hard_Default,bot4,bot4,bot4,32,False
Hard_Default,bot4,Hard_Default,Hard_Default,101,False
Hard_Default,bot4,bot4,bot4,69,False
Hard_Default,bot4,Hard_Default,Hard_Default,96,False
Hard_Default,bot4,bot4,bot4,69,False
Hard_Default,bot4,Hard_Default,Hard_Default,93,False
Hard_Default,bot4,bot4,bot4,69,False
Hard_Default,bot4,Hard_Default,Hard_Default,156,False
Hard_Default,bot4,bot4,bot4,69,False
Hard_Default,bot4,Hard_Default,Hard_Default,156,False
Hard_Default,bot4,bot4,bot4,69,False
Hard_Default,bot4,Hard_Default,bot4,38,False
Hard_Default,bot4,bot4,bot4,69,False
Hard_Default,bot4,Hard_Default,Hard_Default,133,False
Hard_Default,bot4,bot4,bot4,32,False
Hard_Default,bot4,Hard_Default,bot4,75,False
Hard_Default,bot4,bot4,bot4,69,False
Hard_Default,bot4,Hard_Default,bot4,123,False
Hard_Default,bot4,bot4,None,200,True
Hard_Default,bot4,Hard_Default,Hard_Default,157,False
Hard_Default,bot4,bot4,bot4,69,False
Hard_Default,bot4,Hard_Default,Hard_Default,24,False
Hard_Default,bot4,bot4,bot4,28,False
Hard_Default,bot4,Hard_Default,None,200,True
Hard_Default,bot4,bot4,None,200,True
Hard_Default,bot4,Hard_Default,Hard_Default,64,False
Hard_Default,bot4,bot4,bot4,32,False
Hard_Default,bot4,Hard_Default,Hard_Default,105,False
Hard_Default,bot4,bot4,bot4,69,False
Hard_Default,bot4,Hard_Default,Hard_Default,101,False
Hard_Default,bot4,bot4,bot4,69,False
Hard_Default,bot4,Hard_Default,Hard_Default,101,False
Hard_Default,bot4,bot4,None,200,True
Hard_Default,bot4,Hard_Default,bot4,94,False
Hard_Default,bot4,bot4,bot4,69,False
Hard_Default,bot4,Hard_Default,Hard_Default,101,False
Hard_Default,bot4,bot4,bot4,28,False
Hard_Default,bot4,Hard_Default,Hard_Default,101,False
Hard_Default,bot4,bot4,bot4,69,False
Hard_Default,bot4,Hard_Default,Hard_Default,101,False
Hard_Default,bot4,bot4,bot4,69,False
Hard_Default,bot4,Hard_Default,bot4,38,False
Hard_Default,bot4,bot4,bot4,69,False
Hard_Default,bot4,Hard_Default,Hard_Default,64,False
Hard_Default,bot4,bot4,bot4,64,False
Hard_Default,bot4,Hard_Default,Hard_Default,101,False
Hard_Default,bot4,bot4,bot4,69,False
Hard_Default,bot4,Hard_Default,Hard_Default,42,False
Hard_Default,bot4,bot4,bot4,32,False
Hard_Default,bot4,Hard_Default,Hard_Default,101,False
Hard_Default,bot4,bot4,bot4,69,False
Hard_Default,bot4,Hard_Default,Hard_Default,101,False
Hard_Default,bot4,bot4,bot4,69,False
Hard_Default,bot4,Hard_Default,Hard_Default,64,False
Hard_Default,bot4,bot4,bot4,69,False
Hard_Default,bot4,Hard_Default,Hard_Default,32,False
Hard_Default,bot4,bot4,bot4,69,False
Hard_Default,bot4,Hard_Default,Hard_Default,101,False
Hard_Default,bot4,bot4,bot4,69,False
Hard_Default,bot4,Hard_Default,bot4,47,False
Hard_Default,bot4,bot4,bot4,69,False
Hard_Default,bot4,Hard_Default,Hard_Default,101,False
Hard_Default,bot4,bot4,bot4,69,False
Hard_Default,bot4,Hard_Default,Hard_Default,104,False
Hard_Default,bot4,bot4,bot4,28,False
Hard_Default,bot4,Hard_Default,None,200,True
Hard_Default,bot4,bot4,bot4,69,False
Hard_Default,bot4,Hard_Default,Hard_Default,58,False
Hard_Default,bot4,bot4,bot4,64,False
Hard_Default,bot4,Hard_Default,bot4,114,False
Hard_Default,bot4,bot4,bot4,69,False
Hard_Default,bot4,Hard_Default,Hard_Default,72,False
Hard_Default,bot4,bot4,bot4,69,False
Hard_Default,bot4,Hard_Default,Hard_Default,101,False
Hard_Default,bot4,bot4,None,200,True
Hard_Default,bot4,Hard_Default,Hard_Default,101,False
Hard_Default,bot4,bot4,bot4,69,False
Hard_Default,bot4,Hard_Default,Hard_Default,101,False
Hard_Default,bot4,bot4,bot4,28,False
Hard_Default,bot4,Hard_Default,Hard_Default,44,False
Hard_Default,bot4,bot4,bot4,69,False
Hard_Default,bot4,Hard_Default,Hard_Default,101,False
Hard_Default,bot4,bot4,bot4,132,False
Hard_Default,bot4,Hard_Default,Hard_Default,101,False
Hard_Default,bot4,bot4,bot4,32,False
Hard_Default,bot4,Hard_Default,Hard_Default,101,False
Hard_Default,bot4,bot4,None,200,True
Hard_Default,bot4,Hard_Default,bot4,94,False
Hard_Default,bot4,bot4,bot4,69,False
Hard_Default,bot4,Hard_Default,None,200,True
Hard_Default,bot4,bot4,bot4,69,False
Hard_Default,bot4,Hard_Default,Hard_Default,44,False
Hard_Default,bot4,bot4,bot4,69,False
Hard_Default,bot4,Hard_Default,Hard_Default,24,False
Hard_Default,bot4,bot4,bot4,32,False
Hard_Default,bot4,Hard_Default,bot4,75,False
Hard_Default,bot4,bot4,bot4,69,False
Hard_Default,bot4,Hard_Default,Hard_Default,101,False
Hard_Default,bot4,bot4,bot4,69,False
Hard_Default,bot4,Hard_Default,bot4,123,False
Hard_Default,bot4,bot4,bot4,136,False
Hard_Default,bot4,Hard_Default,Hard_Default,156,False
Hard_Default,bot4,bot4,bot4,32,False
Hard_Default,bot4,Hard_Default,bot4,38,False
Hard_Default,bot4,bot4,None,200,True
Hard_Default,bot4,Hard_Default,Hard_Default,64,False
Hard_Default,bot4,bot4,bot4,69,False
Hard_Default,bot4,Hard_Default,Hard_Default,101,False
Hard_Default,bot4,bot4,bot4,32,False
Hard_Default,bot4,Hard_Default,Hard_Default,44,False
Hard_Default,bot4,bot4,bot4,69,False
Hard_Default,bot4,Hard_Default,Hard_Default,101,False
Hard_Default,bot4,bot4,bot4,69,False
Hard_Default,bot4,Hard_Default,Hard_Default,101,False
Hard_Default,bot4,bot4,bot4,69,False
Hard_Default,bot4,Hard_Default,Hard_Default,76,False
Hard_Default,bot4,bot4,bot4,32,False
Hard_Default,bot4,Hard_Default,Hard_Default,101,False
Hard_Default,bot4,bot4,bot4,69,False
Hard_Default,bot4,Hard_Default,bot4,124,False
Hard_Default,bot4,bot4,bot4,69,False
Hard_Default,bot4,Hard_Default,Hard_Default,24,False
Hard_Default,bot4,bot4,bot4,69,False
Hard_Default,bot4,Hard_Default,Hard_Default,101,False
Hard_Default,bot4,bot4,bot4,28,False
Hard_Default,bot4,Hard_Default,bot4,114,False
Hard_Default,bot4,bot4,bot4,69,False
Hard_Default,bot4,Hard_Default,Hard_Default,32,False
Hard_Default,bot4,bot4,None,200,True
Hard_Default,bot4,Hard_Default,Hard_Default,32,False
Hard_Default,bot4,bot4,bot4,69,False
Hard_Default,bot4,Hard_Default,Hard_Default,104,False
Hard_Default,bot4,bot4,bot4,69,False
Hard_Default,bot4,Hard_Default,Hard_Default,101,False
Hard_Default,bot4,bot4,bot4,69,False
Hard_Default,bot4,Hard_Default,Hard_Default,101,False
Hard_Default,bot4,bot4,bot4,28,False
Hard_Default,bot4,Hard_Default,bot4,123,False
Hard_Default,bot4,bot4,bot4,69,False
Hard_Default,bot4,Hard_Default,Hard_Default,101,False
Hard_Default,bot4,bot4,bot4,69,False
Hard_Default,bot4,Hard_Default,bot4,47,False
Hard_Default,bot4,bot4,bot4,69,False
Hard_Default,bot4,Hard_Default,Hard_Default,101,False
Hard_Default,bot4,bot4,bot4,69,False
Hard_Default,bot4,Hard_Default,Hard_Default,125,False
Hard_Default,bot4,bot4,bot4,69,False
Hard_Default,bot4,Hard_Default,Hard_Default,101,False
Hard_Default,bot4,bot4,bot4,69,False
Hard_Default,bot4,Hard_Default,bot4,47,False
Hard_Default,bot4,bot4,bot4,69,False
Hard_Default,bot4,Hard_Default,Hard_Default,101,False
Hard_Default,bot4,bot4,bot4,69,False
Hard_Default,bot4,Hard_Default,Hard_Default,64,False
Hard_Default,bot4,bot4,bot4,69,False
Hard_Default,bot4,Hard_Default,Hard_Default,58,False
Hard_Default,bot4,bot4,bot4,32,False
Hard_Default,bot4,Hard_Default,Hard_Default,28,False
Hard_Default,bot4,bot4,bot4,69,False
Hard_Default,bot4,Hard_Default,bot4,47,False
Hard_Default,bot4,bot4,bot4,32,False
Hard_Default,bot4,Hard_Default,Hard_Default,101,False
Hard_Default,bot4,bot4,bot4,69,False
Hard_Default,bot4,Hard_Default,bot4,46,False
Hard_Default,bot4,bot4,bot4,28,False
Hard_Default,bot4,Hard_Default,Hard_Default,101,False
Hard_Default,bot4,bot4,bot4,69,False
Hard_Default,bot4,Hard_Default,Hard_Default,32,False
Hard_Default,bot4,bot4,bot4,69,False
Hard_Default,bot4,Hard_Default,bot4,123,False
Hard_Default,bot4,bot4,bot4,69,False
Hard_Default,bot4,Hard_Default,Hard_Default,46,False
Hard_Default,bot4,bot4,bot4,69,False
Hard_Default,bot4,Hard_Default,bot4,94,False
Hard_Default,bot4,bot4,bot4,32,False
Hard_Default,bot4,Hard_Default,Hard_Default,52,False
Hard_Default,bot4,bot4,bot4,69,False
Hard_Default,bot4,Hard_Default,Hard_Default,156,False
Hard_Default,bot4,bot4,bot4,69,False
Hard_Default,bot4,Hard_Default,Hard_Default,101,False
Hard_Default,bot4,bot4,bot4,32,False
Hard_Default,bot4,Hard_Default,Hard_Default,101,False
Hard_Default,bot4,bot4,bot4,32,False
Hard_Default,bot4,Hard_Default,Hard_Default,101,False
Hard_Default,bot4,bot4,bot4,32,False
Hard_Default,bot4,Hard_Default,bot4,47,False
Hard_Default,bot4,bot4,bot4,69,False
Hard_Default,bot4,Hard_Default,Hard_Default,28,False
Hard_Default,bot4,bot4,bot4,69,False
Hard_Default,bot4,Hard_Default,Hard_Default,24,False
Hard_Default,bot4,bot4,bot4,69,False
Hard_Default,bot4,Hard_Default,Hard_Default,101,False
Hard_Default,bot4,bot4,bot4,69,False
Hard_Default,bot4,Hard_Default,bot4,47,False
Hard_Default,bot4,bot4,bot4,32,False
Hard_Default,bot4,Hard_Default,Hard_Default,101,False
Hard_Default,bot4,bot4,bot4,69,False
Hard_Default,bot4,Hard_Default,Hard_Default,101,False
Hard_Default,bot4,bot4,bot4,69,False
Hard_Default,bot4,Hard_Default,bot4,123,False
Hard_Default,bot4,bot4,Hard_Default,83,False
Hard_Default,bot4,Hard_Default,Hard_Default,93,False
Hard_Default,bot4,bot4,bot4,69,False
Hard_Default,bot4,Hard_Default,Hard_Default,105,False
Hard_Default,bot4,bot4,bot4,69,False
Hard_Default,bot4,Hard_Default,Hard_Default,101,False
Hard_Default,bot4,bot4,bot4,69,False
Hard_Default,bot4,Hard_Default,bot4,75,False
Hard_Default,bot4,bot4,bot4,133,False
Hard_Default,bot4,Hard_Default,bot4,123,False
Hard_Default,bot4,bot4,bot4,69,False
Hard_Default,bot4,Hard_Default,Hard_Default,28,False
Hard_Default,bot4,bot4,bot4,69,False
Hard_Default,bot4,Hard_Default,Hard_Default,101,False
Hard_Default,bot4,bot4,bot4,28,False
Hard_Default,bot4,Hard_Default,bot4,47,False
Hard_Default,bot4,bot4,bot4,69,False
Hard_Default,bot4,Hard_Default,Hard_Default,101,False
Hard_Default,bot4,bot4,bot4,69,False
Hard_Default,bot4,Hard_Default,Hard_Default,64,False
Hard_Default,bot4,bot4,bot4,69,False
Hard_Default,bot4,Hard_Default,bot4,114,False
Hard_Default,bot4,bot4,bot4,69,False
Hard_Default,bot4,Hard_Default,bot4,47,False
Hard_Default,bot4,bot4,bot4,69,False
Hard_Default,bot4,Hard_Default,Hard_Default,24,False
Hard_Default,bot4,bot4,None,200,True
Hard_Default,bot4,Hard_Default,Hard_Default,32,False
Hard_Default,bot4,bot4,bot4,69,False
Hard_Default,bot4,Hard_Default,Hard_Default,68,False
Hard_Default,bot4,bot4,bot4,69,False
Hard_Default,bot4,Hard_Default,Hard_Default,68,False
Hard_Default,bot4,bot4,bot4,69,False
Hard_Default,bot4,Hard_Default,Hard_Default,101,False
Hard_Default,bot4,bot4,bot4,69,False
Hard_Default,bot4,Hard_Default,bot4,38,False
Hard_Default,bot4,bot4,bot4,69,False
Hard_Default,bot4,Hard_Default,Hard_Default,36,False
Hard_Default,bot4,bot4,bot4,69,False
Hard_Default,bot4,Hard_Default,Hard_Default,44,False
Hard_Default,bot4,bot4,bot4,69,False
Hard_Default,bot4,Hard_Default,Hard_Default,28,False
Hard_Default,bot4,bot4,bot4,69,False
Hard_Default,bot4,Hard_Default,Hard_Default,44,False
Hard_Default,bot4,bot4,bot4,69,False
Hard_Default,bot4,Hard_Default,Hard_Default,93,False
Hard_Default,bot4,bot4,bot4,69,False
Hard_Default,bot4,Hard_Default,Hard_Default,101,False
Hard_Default,bot4,bot4,bot4,69,False
Hard_Default,bot4,Hard_Default,Hard_Default,58,False
Hard_Default,bot4,bot4,bot4,69,False
Hard_Default,bot5,Hard_Default,bot5,27,False
Hard_Default,bot5,bot5,Hard_Default,90,False
Hard_Default,bot5,Hard_Default,bot5,27,False
Hard_Default,bot5,bot5,bot5,69,False
Hard_Default,bot5,Hard_Default,Hard_Default,48,False
Hard_Default,bot5,bot5,Hard_Default,100,False
Hard_Default,bot5,Hard_Default,Hard_Default,48,False
Hard_Default,bot5,bot5,bot5,68,False
Hard_Default,bot5,Hard_Default,Hard_Default,48,False
Hard_Default,bot5,bot5,Hard_Default,100,False
Hard_Default,bot5,Hard_Default,Hard_Default,48,False
Hard_Default,bot5,bot5,Hard_Default,100,False
Hard_Default,bot5,Hard_Default,Hard_Default,48,False
Hard_Default,bot5,bot5,Hard_Default,100,False
Hard_Default,bot5,Hard_Default,Hard_Default,48,False
Hard_Default,bot5,bot5,Hard_Default,100,False
Hard_Default,bot5,Hard_Default,Hard_Default,48,False
Hard_Default,bot5,bot5,Hard_Default,100,False
Hard_Default,bot5,Hard_Default,Hard_Default,48,False
Hard_Default,bot5,bot5,bot5,69,False
Hard_Default,bot5,Hard_Default,Hard_Default,48,False
Hard_Default,bot5,bot5,Hard_Default,100,False
Hard_Default,bot5,Hard_Default,None,200,True
Hard_Default,bot5,bot5,bot5,64,False
Hard_Default,bot5,Hard_Default,Hard_Default,48,False
Hard_Default,bot5,bot5,Hard_Default,100,False
Hard_Default,bot5,Hard_Default,Hard_Default,48,False
Hard_Default,bot5,bot5,bot5,64,False
Hard_Default,bot5,Hard_Default,Hard_Default,48,False
Hard_Default,bot5,bot5,Hard_Default,100,False
Hard_Default,bot5,Hard_Default,Hard_Default,48,False
Hard_Default,bot5,bot5,Hard_Default,100,False
Hard_Default,bot5,Hard_Default,Hard_Default,44,False
Hard_Default,bot5,bot5,Hard_Default,100,False
Hard_Default,bot5,Hard_Default,Hard_Default,100,False
Hard_Default,bot5,bot5,Hard_Default,100,False
Hard_Default,bot5,Hard_Default,Hard_Default,48,False
Hard_Default,bot5,bot5,Hard_Default,66,False
Hard_Default,bot5,Hard_Default,Hard_Default,28,False
Hard_Default,bot5,bot5,Hard_Default,100,False
Hard_Default,bot5,Hard_Default,Hard_Default,48,False
Hard_Default,bot5,bot5,Hard_Default,100,False
Hard_Default,bot5,Hard_Default,Hard_Default,66,False
Hard_Default,bot5,bot5,bot5,64,False
Hard_Default,bot5,Hard_Default,Hard_Default,48,False
Hard_Default,bot5,bot5,Hard_Default,100,False
Hard_Default,bot5,Hard_Default,Hard_Default,48,False
Hard_Default,bot5,bot5,Hard_Default,100,False
Hard_Default,bot5,Hard_Default,Hard_Default,48,False
Hard_Default,bot5,bot5,Hard_Default,100,False
Hard_Default,bot5,Hard_Default,Hard_Default,48,False
Hard_Default,bot5,bot5,bot5,69,False
Hard_Default,bot5,Hard_Default,Hard_Default,48,False
Hard_Default,bot5,bot5,bot5,69,False
Hard_Default,bot5,Hard_Default,Hard_Default,48,False
Hard_Default,bot5,bot5,bot5,64,False
Hard_Default,bot5,Hard_Default,Hard_Default,48,False
Hard_Default,bot5,bot5,bot5,32,False
Hard_Default,bot5,Hard_Default,Hard_Default,38,False
Hard_Default,bot5,bot5,Hard_Default,100,False
Hard_Default,bot5,Hard_Default,Hard_Default,48,False
Hard_Default,bot5,bot5,bot5,32,False
Hard_Default,bot5,Hard_Default,Hard_Default,48,False
Hard_Default,bot5,bot5,Hard_Default,90,False
Hard_Default,bot5,Hard_Default,Hard_Default,48,False
Hard_Default,bot5,bot5,Hard_Default,111,False
Hard_Default,bot5,Hard_Default,Hard_Default,48,False
Hard_Default,bot5,bot5,Hard_Default,100,False
Hard_Default,bot5,Hard_Default,Hard_Default,44,False
Hard_Default,bot5,bot5,Hard_Default,100,False
Hard_Default,bot5,Hard_Default,Hard_Default,48,False
Hard_Default,bot5,bot5,bot5,69,False
Hard_Default,bot5,Hard_Default,Hard_Default,28,False
Hard_Default,bot5,bot5,bot5,28,False
Hard_Default,bot5,Hard_Default,Hard_Default,48,False
Hard_Default,bot5,bot5,Hard_Default,100,False
Hard_Default,bot5,Hard_Default,Hard_Default,48,False
Hard_Default,bot5,bot5,Hard_Default,100,False
Hard_Default,bot5,Hard_Default,Hard_Default,48,False
Hard_Default,bot5,bot5,bot5,32,False
Hard_Default,bot5,Hard_Default,Hard_Default,48,False
Hard_Default,bot5,bot5,Hard_Default,100,False
Hard_Default,bot5,Hard_Default,Hard_Default,48,False
Hard_Default,bot5,bot5,bot5,69,False
Hard_Default,bot5,Hard_Default,Hard_Default,88,False
Hard_Default,bot5,bot5,bot5,68,False
Hard_Default,bot5,Hard_Default,Hard_Default,48,False
Hard_Default,bot5,bot5,Hard_Default,100,False
Hard_Default,bot5,Hard_Default,Hard_Default,48,False
Hard_Default,bot5,bot5,Hard_Default,106,False
Hard_Default,bot5,Hard_Default,Hard_Default,48,False
Hard_Default,bot5,bot5,bot5,32,False
Hard_Default,bot5,Hard_Default,Hard_Default,48,False
Hard_Default,bot5,bot5,Hard_Default,100,False
Hard_Default,bot5,Hard_Default,Hard_Default,48,False
Hard_Default,bot5,bot5,Hard_Default,95,False
Hard_Default,bot5,Hard_Default,Hard_Default,100,False
Hard_Default,bot5,bot5,Hard_Default,182,False
Hard_Default,bot5,Hard_Default,Hard_Default,48,False
Hard_Default,bot5,bot5,Hard_Default,95,False
Hard_Default,bot5,Hard_Default,Hard_Default,48,False
Hard_Default,bot5,bot5,Hard_Default,100,False
Hard_Default,bot5,Hard_Default,Hard_Default,48,False
Hard_Default,bot5,bot5,bot5,28,False
Hard_Default,bot5,Hard_Default,Hard_Default,48,False
Hard_Default,bot5,bot5,Hard_Default,115,False
Hard_Default,bot5,Hard_Default,Hard_Default,28,False
Hard_Default,bot5,bot5,Hard_Default,66,False
Hard_Default,bot5,Hard_Default,Hard_Default,28,False
Hard_Default,bot5,bot5,Hard_Default,100,False
Hard_Default,bot5,Hard_Default,Hard_Default,32,False
Hard_Default,bot5,bot5,Hard_Default,100,False
Hard_Default,bot5,Hard_Default,Hard_Default,48,False
Hard_Default,bot5,bot5,Hard_Default,100,False
Hard_Default,bot5,Hard_Default,Hard_Default,48,False
Hard_Default,bot5,bot5,Hard_Default,100,False
Hard_Default,bot5,Hard_Default,Hard_Default,48,False
Hard_Default,bot5,bot5,Hard_Default,90,False
Hard_Default,bot5,Hard_Default,Hard_Default,48,False
Hard_Default,bot5,bot5,bot5,32,False
Hard_Default,bot5,Hard_Default,Hard_Default,48,False
Hard_Default,bot5,bot5,bot5,32,False
Hard_Default,bot5,Hard_Default,Hard_Default,48,False
Hard_Default,bot5,bot5,bot5,32,False
Hard_Default,bot5,Hard_Default,Hard_Default,48,False
Hard_Default,bot5,bot5,Hard_Default,100,False
Hard_Default,bot5,Hard_Default,Hard_Default,48,False
Hard_Default,bot5,bot5,bot5,69,False
Hard_Default,bot5,Hard_Default,Hard_Default,48,False
Hard_Default,bot5,bot5,bot5,32,False
Hard_Default,bot5,Hard_Default,Hard_Default,48,False
Hard_Default,bot5,bot5,Hard_Default,100,False
Hard_Default,bot5,Hard_Default,Hard_Default,48,False
Hard_Default,bot5,bot5,Hard_Default,106,False
Hard_Default,bot5,Hard_Default,Hard_Default,62,False
Hard_Default,bot5,bot5,Hard_Default,95,False
Hard_Default,bot5,Hard_Default,Hard_Default,48,False
Hard_Default,bot5,bot5,Hard_Default,100,False
Hard_Default,bot5,Hard_Default,Hard_Default,32,False
Hard_Default,bot5,bot5,Hard_Default,95,False
Hard_Default,bot5,Hard_Default,Hard_Default,44,False
Hard_Default,bot5,bot5,Hard_Default,100,False
Hard_Default,bot5,Hard_Default,Hard_Default,48,False
Hard_Default,bot5,bot5,bot5,68,False
Hard_Default,bot5,Hard_Default,Hard_Default,44,False
Hard_Default,bot5,bot5,Hard_Default,100,False
Hard_Default,bot5,Hard_Default,Hard_Default,48,False
Hard_Default,bot5,bot5,Hard_Default,100,False
Hard_Default,bot5,Hard_Default,Hard_Default,48,False
Hard_Default,bot5,bot5,Hard_Default,100,False
Hard_Default,bot5,Hard_Default,Hard_Default,100,False
Hard_Default,bot5,bot5,Hard_Default,115,False
Hard_Default,bot5,Hard_Default,Hard_Default,48,False
Hard_Default,bot5,bot5,Hard_Default,95,False
Hard_Default,bot5,Hard_Default,Hard_Default,48,False
Hard_Default,bot5,bot5,Hard_Default,100,False
Hard_Default,bot5,Hard_Default,Hard_Default,48,False
Hard_Default,bot5,bot5,Hard_Default,100,False
Hard_Default,bot5,Hard_Default,Hard_Default,48,False
Hard_Default,bot5,bot5,Hard_Default,66,False
Hard_Default,bot5,Hard_Default,Hard_Default,32,False
Hard_Default,bot5,bot5,bot5,28,False
Hard_Default,bot5,Hard_Default,Hard_Default,46,False
Hard_Default,bot5,bot5,Hard_Default,100,False
Hard_Default,bot5,Hard_Default,Hard_Default,48,False
Hard_Default,bot5,bot5,Hard_Default,106,False
Hard_Default,bot5,Hard_Default,Hard_Default,48,False
Hard_Default,bot5,bot5,Hard_Default,100,False
Hard_Default,bot5,Hard_Default,Hard_Default,36,False
Hard_Default,bot5,bot5,bot5,32,False
Hard_Default,bot5,Hard_Default,Hard_Default,48,False
Hard_Default,bot5,bot5,Hard_Default,100,False
Hard_Default,bot5,Hard_Default,Hard_Default,48,False
Hard_Default,bot5,bot5,Hard_Default,100,False
Hard_Default,bot5,Hard_Default,Hard_Default,48,False
Hard_Default,bot5,bot5,Hard_Default,100,False
Hard_Default,bot5,Hard_Default,Hard_Default,32,False
Hard_Default,bot5,bot5,Hard_Default,100,False
Hard_Default,bot5,Hard_Default,Hard_Default,113,False
Hard_Default,bot5,bot5,Hard_Default,100,False
Hard_Default,bot5,Hard_Default,Hard_Default,48,False
Hard_Default,bot5,bot5,bot5,32,False
Hard_Default,bot5,Hard_Default,Hard_Default,48,False
Hard_Default,bot5,bot5,Hard_Default,100,False
Hard_Default,bot5,Hard_Default,Hard_Default,44,False
Hard_Default,bot5,bot5,bot5,32,False
Hard_Default,bot5,Hard_Default,Hard_Default,48,False
Hard_Default,bot5,bot5,bot5,32,False
Hard_Default,bot5,Hard_Default,Hard_Default,32,False
Hard_Default,bot5,bot5,bot5,188,False
Hard_Default,bot5,Hard_Default,Hard_Default,44,False
Hard_Default,bot5,bot5,Hard_Default,100,False
Hard_Default,bot5,Hard_Default,Hard_Default,48,False
Hard_Default,bot5,bot5,Hard_Default,106,False
Hard_Default,bot5,Hard_Default,Hard_Default,48,False
Hard_Default,bot5,bot5,Hard_Default,100,False
Hard_Default,bot5,Hard_Default,Hard_Default,32,False
Hard_Default,bot5,bot5,bot5,69,False
Hard_Default,bot5,Hard_Default,Hard_Default,48,False
Hard_Default,bot5,bot5,Hard_Default,100,False
Hard_Default,bot5,Hard_Default,Hard_Default,100,False
Hard_Default,bot5,bot5,bot5,28,False
Hard_Default,bot5,Hard_Default,Hard_Default,48,False
Hard_Default,bot5,bot5,bot5,68,False
Hard_Default,bot5,Hard_Default,Hard_Default,48,False
Hard_Default,bot5,bot5,Hard_Default,100,False
Hard_Default,bot5,Hard_Default,Hard_Default,28,False
Hard_Default,bot5,bot5,Hard_Default,100,False
Hard_Default,bot5,Hard_Default,Hard_Default,48,False
Hard_Default,bot5,bot5,Hard_Default,100,False
Hard_Default,bot5,Hard_Default,Hard_Default,48,False
Hard_Default,bot5,bot5,Hard_Default,100,False
Hard_Default,bot5,Hard_Default,Hard_Default,48,False
Hard_Default,bot5,bot5,Hard_Default,100,False
Hard_Default,bot5,Hard_Default,Hard_Default,48,False
Hard_Default,bot5,bot5,Hard_Default,100,False
Hard_Default,bot5,Hard_Default,Hard_Default,48,False
Hard_Default,bot5,bot5,bot5,68,False
Hard_Default,bot5,Hard_Default,Hard_Default,46,False
Hard_Default,bot5,bot5,None,200,True
Hard_Default,bot5,Hard_Default,Hard_Default,28,False
Hard_Default,bot5,bot5,bot5,64,False
Hard_Default,bot5,Hard_Default,Hard_Default,48,False
Hard_Default,bot5,bot5,Hard_Default,100,False
Hard_Default,bot5,Hard_Default,Hard_Default,48,False
Hard_Default,bot5,bot5,Hard_Default,100,False
Hard_Default,bot5,Hard_Default,Hard_Default,48,False
Hard_Default,bot5,bot5,bot5,64,False
Hard_Default,bot5,Hard_Default,Hard_Default,48,False
Hard_Default,bot5,bot5,Hard_Default,100,False
Hard_Default,bot5,Hard_Default,Hard_Default,48,False
Hard_Default,bot5,bot5,bot5,64,False
Hard_Default,bot5,Hard_Default,Hard_Default,48,False
Hard_Default,bot5,bot5,Hard_Default,100,False
Hard_Default,bot5,Hard_Default,None,200,True
Hard_Default,bot5,bot5,Hard_Default,100,False
Hard_Default,bot5,Hard_Default,None,200,True
Hard_Default,bot5,bot5,Hard_Default,100,False
Hard_Default,bot5,Hard_Default,Hard_Default,36,False
Hard_Default,bot5,bot5,Hard_Default,95,False
Hard_Default,bot5,Hard_Default,Hard_Default,46,False
Hard_Default,bot5,bot5,Hard_Default,106,False
Hard_Default,bot5,Hard_Default,Hard_Default,48,False
Hard_Default,bot5,bot5,Hard_Default,115,False
Hard_Default,bot5,Hard_Default,Hard_Default,48,False
Hard_Default,bot5,bot5,bot5,28,False
Hard_Default,bot5,Hard_Default,Hard_Default,100,False
Hard_Default,bot5,bot5,Hard_Default,100,False
Hard_Default,bot5,Hard_Default,Hard_Default,48,False
Hard_Default,bot5,bot5,Hard_Default,100,False
Hard_Default,bot5,Hard_Default,bot5,66,False
Hard_Default,bot5,bot5,bot5,68,False
Hard_Default,bot5,Hard_Default,Hard_Default,100,False
Hard_Default,bot5,bot5,Hard_Default,100,False
Hard_Default,bot5,Hard_Default,Hard_Default,44,False
Hard_Default,bot5,bot5,Hard_Default,100,False
Hard_Default,bot5,Hard_Default,Hard_Default,48,False
Hard_Default,bot5,bot5,Hard_Default,100,False
Hard_Default,bot5,Hard_Default,Hard_Default,48,False
Hard_Default,bot5,bot5,Hard_Default,100,False
Hard_Default,bot5,Hard_Default,Hard_Default,48,False
Hard_Default,bot5,bot5,Hard_Default,100,False
Hard_Default,bot5,Hard_Default,Hard_Default,48,False
Hard_Default,bot5,bot5,bot5,32,False
Hard_Default,bot5,Hard_Default,None,200,True
Hard_Default,bot5,bot5,Hard_Default,95,False
Hard_Default,bot5,Hard_Default,Hard_Default,48,False
Hard_Default,bot5,bot5,None,200,True
Hard_Default,bot5,Hard_Default,Hard_Default,48,False
Hard_Default,bot5,bot5,Hard_Default,100,False
Hard_Default,bot5,Hard_Default,Hard_Default,48,False
Hard_Default,bot5,bot5,Hard_Default,90,False
Hard_Default,bot5,Hard_Default,Hard_Default,48,False
Hard_Default,bot5,bot5,bot5,32,False
Hard_Default,bot5,Hard_Default,Hard_Default,48,False
Hard_Default,bot5,bot5,bot5,28,False
Hard_Default,bot5,Hard_Default,Hard_Default,36,False
Hard_Default,bot5,bot5,Hard_Default,100,False
Hard_Default,bot5,Hard_Default,Hard_Default,48,False
Hard_Default,bot5,bot5,bot5,32,False
Hard_Default,bot5,Hard_Default,Hard_Default,44,False
Hard_Default,bot5,bot5,Hard_Default,100,False
Hard_Default,bot5,Hard_Default,Hard_Default,48,False
Hard_Default,bot5,bot5,Hard_Default,100,False
Hard_Default,bot5,Hard_Default,Hard_Default,48,False
Hard_Default,bot5,bot5,bot5,32,False
Hard_Default,bot5,Hard_Default,Hard_Default,48,False
Hard_Default,bot5,bot5,Hard_Default,100,False
Hard_Default,bot5,Hard_Default,Hard_Default,36,False
Hard_Default,bot5,bot5,Hard_Default,100,False
Hard_Default,bot5,Hard_Default,Hard_Default,28,False
Hard_Default,bot5,bot5,Hard_Default,95,False
Hard_Default,bot5,Hard_Default,Hard_Default,32,False
Hard_Default,bot5,bot5,Hard_Default,95,False
Hard_Default,bot5,Hard_Default,Hard_Default,48,False
Hard_Default,bot5,bot5,bot5,64,False
Hard_Default,bot5,Hard_Default,Hard_Default,48,False
Hard_Default,bot5,bot5,Hard_Default,100,False
Hard_Default,bot5,Hard_Default,Hard_Default,44,False
Hard_Default,bot5,bot5,Hard_Default,100,False
Hard_Default,bot6,Hard_Default,Hard_Default,44,False
Hard_Default,bot6,bot6,bot6,64,False
Hard_Default,bot6,Hard_Default,Hard_Default,44,False
Hard_Default,bot6,bot6,bot6,32,False
Hard_Default,bot6,Hard_Default,Hard_Default,44,False
Hard_Default,bot6,bot6,Hard_Default,42,False
Hard_Default,bot6,Hard_Default,Hard_Default,44,False
Hard_Default,bot6,bot6,Hard_Default,42,False
Hard_Default,bot6,Hard_Default,Hard_Default,44,False
Hard_Default,bot6,bot6,Hard_Default,42,False
Hard_Default,bot6,Hard_Default,Hard_Default,24,False
Hard_Default,bot6,bot6,Hard_Default,42,False
Hard_Default,bot6,Hard_Default,Hard_Default,44,False
Hard_Default,bot6,bot6,Hard_Default,42,False
Hard_Default,bot6,Hard_Default,Hard_Default,44,False
Hard_Default,bot6,bot6,Hard_Default,42,False
Hard_Default,bot6,Hard_Default,Hard_Default,44,False
Hard_Default,bot6,bot6,Hard_Default,42,False
Hard_Default,bot6,Hard_Default,Hard_Default,32,False
Hard_Default,bot6,bot6,Hard_Default,42,False
Hard_Default,bot6,Hard_Default,Hard_Default,44,False
Hard_Default,bot6,bot6,Hard_Default,42,False
Hard_Default,bot6,Hard_Default,Hard_Default,44,False
Hard_Default,bot6,bot6,Hard_Default,42,False
Hard_Default,bot6,Hard_Default,Hard_Default,44,False
Hard_Default,bot6,bot6,Hard_Default,42,False
Hard_Default,bot6,Hard_Default,Hard_Default,68,False
Hard_Default,bot6,bot6,Hard_Default,42,False
Hard_Default,bot6,Hard_Default,Hard_Default,44,False
Hard_Default,bot6,bot6,bot6,32,False
Hard_Default,bot6,Hard_Default,Hard_Default,44,False
Hard_Default,bot6,bot6,Hard_Default,42,False
Hard_Default,bot6,Hard_Default,Hard_Default,44,False
Hard_Default,bot6,bot6,Hard_Default,42,False
Hard_Default,bot6,Hard_Default,Hard_Default,44,False
Hard_Default,bot6,bot6,Hard_Default,42,False
Hard_Default,bot6,Hard_Default,Hard_Default,44,False
Hard_Default,bot6,bot6,Hard_Default,42,False
Hard_Default,bot6,Hard_Default,Hard_Default,44,False
Hard_Default,bot6,bot6,bot6,60,False
Hard_Default,bot6,Hard_Default,Hard_Default,44,False
Hard_Default,bot6,bot6,Hard_Default,42,False
Hard_Default,bot6,Hard_Default,Hard_Default,44,False
Hard_Default,bot6,bot6,bot6,32,False
Hard_Default,bot6,Hard_Default,Hard_Default,40,False
Hard_Default,bot6,bot6,Hard_Default,42,False
Hard_Default,bot6,Hard_Default,Hard_Default,44,False
Hard_Default,bot6,bot6,Hard_Default,42,False
Hard_Default,bot6,Hard_Default,Hard_Default,44,False
Hard_Default,bot6,bot6,Hard_Default,42,False
Hard_Default,bot6,Hard_Default,Hard_Default,44,False
Hard_Default,bot6,bot6,bot6,32,False
Hard_Default,bot6,Hard_Default,Hard_Default,44,False
Hard_Default,bot6,bot6,Hard_Default,42,False
Hard_Default,bot6,Hard_Default,Hard_Default,24,False
Hard_Default,bot6,bot6,bot6,32,False
Hard_Default,bot6,Hard_Default,Hard_Default,44,False
Hard_Default,bot6,bot6,Hard_Default,42,False
Hard_Default,bot6,Hard_Default,bot6,27,False
Hard_Default,bot6,bot6,Hard_Default,42,False
Hard_Default,bot6,Hard_Default,Hard_Default,44,False
Hard_Default,bot6,bot6,Hard_Default,42,False
Hard_Default,bot6,Hard_Default,Hard_Default,32,False
Hard_Default,bot6,bot6,Hard_Default,42,False
Hard_Default,bot6,Hard_Default,Hard_Default,44,False
Hard_Default,bot6,bot6,Hard_Default,42,False
Hard_Default,bot6,Hard_Default,Hard_Default,44,False
Hard_Default,bot6,bot6,Hard_Default,42,False
Hard_Default,bot6,Hard_Default,Hard_Default,44,False
Hard_Default,bot6,bot6,Hard_Default,42,False
Hard_Default,bot6,Hard_Default,Hard_Default,44,False
Hard_Default,bot6,bot6,Hard_Default,42,False
Hard_Default,bot6,Hard_Default,Hard_Default,44,False
Hard_Default,bot6,bot6,Hard_Default,42,False
Hard_Default,bot6,Hard_Default,Hard_Default,24,False
Hard_Default,bot6,bot6,Hard_Default,42,False
Hard_Default,bot6,Hard_Default,Hard_Default,44,False
Hard_Default,bot6,bot6,Hard_Default,42,False
Hard_Default,bot6,Hard_Default,Hard_Default,44,False
Hard_Default,bot6,bot6,Hard_Default,42,False
Hard_Default,bot6,Hard_Default,Hard_Default,44,False
Hard_Default,bot6,bot6,Hard_Default,42,False
Hard_Default,bot6,Hard_Default,Hard_Default,44,False
Hard_Default,bot6,bot6,Hard_Default,42,False
Hard_Default,bot6,Hard_Default,Hard_Default,44,False
Hard_Default,bot6,bot6,bot6,32,False
Hard_Default,bot6,Hard_Default,Hard_Default,44,False
Hard_Default,bot6,bot6,Hard_Default,42,False
Hard_Default,bot6,Hard_Default,Hard_Default,44,False
Hard_Default,bot6,bot6,Hard_Default,42,False
Hard_Default,bot6,Hard_Default,Hard_Default,28,False
Hard_Default,bot6,bot6,Hard_Default,63,False
Hard_Default,bot6,Hard_Default,Hard_Default,40,False
Hard_Default,bot6,bot6,Hard_Default,42,False
Hard_Default,bot6,Hard_Default,Hard_Default,44,False
Hard_Default,bot6,bot6,Hard_Default,42,False
Hard_Default,bot6,Hard_Default,Hard_Default,44,False
Hard_Default,bot6,bot6,Hard_Default,42,False
Hard_Default,bot6,Hard_Default,bot6,27,False
Hard_Default,bot6,bot6,Hard_Default,42,False
Hard_Default,bot6,Hard_Default,Hard_Default,68,False
Hard_Default,bot6,bot6,Hard_Default,42,False
Hard_Default,bot6,Hard_Default,Hard_Default,44,False
Hard_Default,bot6,bot6,bot6,32,False
Hard_Default,bot6,Hard_Default,Hard_Default,44,False
Hard_Default,bot6,bot6,Hard_Default,42,False
Hard_Default,bot6,Hard_Default,Hard_Default,44,False
Hard_Default,bot6,bot6,bot6,60,False
Hard_Default,bot6,Hard_Default,Hard_Default,44,False
Hard_Default,bot6,bot6,Hard_Default,42,False
Hard_Default,bot6,Hard_Default,Hard_Default,24,False
Hard_Default,bot6,bot6,bot6,32,False
Hard_Default,bot6,Hard_Default,Hard_Default,44,False
Hard_Default,bot6,bot6,Hard_Default,42,False
Hard_Default,bot6,Hard_Default,Hard_Default,44,False
Hard_Default,bot6,bot6,bot6,32,False
Hard_Default,bot6,Hard_Default,Hard_Default,44,False
Hard_Default,bot6,bot6,Hard_Default,42,False
Hard_Default,bot6,Hard_Default,Hard_Default,40,False
Hard_Default,bot6,bot6,bot6,32,False
Hard_Default,bot6,Hard_Default,Hard_Default,44,False
Hard_Default,bot6,bot6,Hard_Default,42,False
Hard_Default,bot6,Hard_Default,Hard_Default,44,False
Hard_Default,bot6,bot6,Hard_Default,42,False
Hard_Default,bot6,Hard_Default,Hard_Default,44,False
Hard_Default,bot6,bot6,bot6,32,False
Hard_Default,bot6,Hard_Default,Hard_Default,44,False
Hard_Default,bot6,bot6,Hard_Default,42,False
Hard_Default,bot6,Hard_Default,Hard_Default,44,False
Hard_Default,bot6,bot6,Hard_Default,42,False
Hard_Default,bot6,Hard_Default,Hard_Default,44,False
Hard_Default,bot6,bot6,Hard_Default,42,False
Hard_Default,bot6,Hard_Default,Hard_Default,40,False
Hard_Default,bot6,bot6,Hard_Default,42,False
Hard_Default,bot6,Hard_Default,Hard_Default,44,False
Hard_Default,bot6,bot6,Hard_Default,42,False
Hard_Default,bot6,Hard_Default,Hard_Default,44,False
Hard_Default,bot6,bot6,Hard_Default,42,False
Hard_Default,bot6,Hard_Default,Hard_Default,44,False
Hard_Default,bot6,bot6,Hard_Default,42,False
Hard_Default,bot6,Hard_Default,Hard_Default,44,False
Hard_Default,bot6,bot6,Hard_Default,42,False
Hard_Default,bot6,Hard_Default,Hard_Default,44,False
Hard_Default,bot6,bot6,bot6,60,False
Hard_Default,bot6,Hard_Default,Hard_Default,44,False
Hard_Default,bot6,bot6,Hard_Default,42,False
Hard_Default,bot6,Hard_Default,Hard_Default,44,False
Hard_Default,bot6,bot6,bot6,32,False
Hard_Default,bot6,Hard_Default,Hard_Default,44,False
Hard_Default,bot6,bot6,Hard_Default,42,False
Hard_Default,bot6,Hard_Default,Hard_Default,44,False
Hard_Default,bot6,bot6,Hard_Default,42,False
Hard_Default,bot6,Hard_Default,Hard_Default,44,False
Hard_Default,bot6,bot6,bot6,32,False
Hard_Default,bot6,Hard_Default,Hard_Default,44,False
Hard_Default,bot6,bot6,Hard_Default,42,False
Hard_Default,bot6,Hard_Default,Hard_Default,44,False
Hard_Default,bot6,bot6,bot6,81,False
Hard_Default,bot6,Hard_Default,Hard_Default,40,False
Hard_Default,bot6,bot6,Hard_Default,42,False
Hard_Default,bot6,Hard_Default,Hard_Default,44,False
Hard_Default,bot6,bot6,Hard_Default,42,False
Hard_Default,bot6,Hard_Default,Hard_Default,44,False
Hard_Default,bot6,bot6,Hard_Default,42,False
Hard_Default,bot6,Hard_Default,Hard_Default,40,False
Hard_Default,bot6,bot6,Hard_Default,42,False
Hard_Default,bot6,Hard_Default,Hard_Default,44,False
Hard_Default,bot6,bot6,Hard_Default,42,False
Hard_Default,bot6,Hard_Default,Hard_Default,48,False
Hard_Default,bot6,bot6,Hard_Default,42,False
Hard_Default,bot6,Hard_Default,Hard_Default,44,False
Hard_Default,bot6,bot6,Hard_Default,42,False
Hard_Default,bot6,Hard_Default,Hard_Default,32,False
Hard_Default,bot6,bot6,Hard_Default,42,False
Hard_Default,bot6,Hard_Default,Hard_Default,44,False
Hard_Default,bot6,bot6,Hard_Default,42,False
Hard_Default,bot6,Hard_Default,Hard_Default,44,False
Hard_Default,bot6,bot6,Hard_Default,42,False
Hard_Default,bot6,Hard_Default,Hard_Default,44,False
Hard_Default,bot6,bot6,Hard_Default,42,False
Hard_Default,bot6,Hard_Default,Hard_Default,44,False
Hard_Default,bot6,bot6,bot6,32,False
Hard_Default,bot6,Hard_Default,Hard_Default,44,False
Hard_Default,bot6,bot6,bot6,32,False
Hard_Default,bot6,Hard_Default,Hard_Default,44,False
Hard_Default,bot6,bot6,Hard_Default,42,False
Hard_Default,bot6,Hard_Default,Hard_Default,28,False
Hard_Default,bot6,bot6,Hard_Default,42,False
Hard_Default,bot6,Hard_Default,Hard_Default,44,False
Hard_Default,bot6,bot6,Hard_Default,42,False
Hard_Default,bot6,Hard_Default,Hard_Default,44,False
Hard_Default,bot6,bot6,Hard_Default,42,False
Hard_Default,bot6,Hard_Default,bot6,126,False
Hard_Default,bot6,bot6,Hard_Default,42,False
Hard_Default,bot6,Hard_Default,Hard_Default,68,False
Hard_Default,bot6,bot6,bot6,64,False
Hard_Default,bot6,Hard_Default,bot6,27,False
Hard_Default,bot6,bot6,Hard_Default,42,False
Hard_Default,bot6,Hard_Default,Hard_Default,28,False
Hard_Default,bot6,bot6,Hard_Default,42,False
Hard_Default,bot6,Hard_Default,Hard_Default,24,False
Hard_Default,bot6,bot6,Hard_Default,42,False
Hard_Default,bot6,Hard_Default,Hard_Default,44,False
Hard_Default,bot6,bot6,Hard_Default,42,False
Hard_Default,bot6,Hard_Default,bot6,27,False
Hard_Default,bot6,bot6,Hard_Default,42,False
Hard_Default,bot6,Hard_Default,Hard_Default,44,False
Hard_Default,bot6,bot6,bot6,109,False
Hard_Default,bot6,Hard_Default,Hard_Default,44,False
Hard_Default,bot6,bot6,Hard_Default,42,False
Hard_Default,bot6,Hard_Default,Hard_Default,52,False
Hard_Default,bot6,bot6,Hard_Default,42,False
Hard_Default,bot6,Hard_Default,Hard_Default,44,False
Hard_Default,bot6,bot6,Hard_Default,42,False
Hard_Default,bot6,Hard_Default,Hard_Default,44,False
Hard_Default,bot6,bot6,bot6,32,False
Hard_Default,bot6,Hard_Default,Hard_Default,44,False
Hard_Default,bot6,bot6,Hard_Default,42,False
Hard_Default,bot6,Hard_Default,Hard_Default,48,False
Hard_Default,bot6,bot6,Hard_Default,42,False
Hard_Default,bot6,Hard_Default,bot6,38,False
Hard_Default,bot6,bot6,Hard_Default,42,False
Hard_Default,bot6,Hard_Default,Hard_Default,44,False
Hard_Default,bot6,bot6,bot6,32,False
Hard_Default,bot6,Hard_Default,Hard_Default,28,False
Hard_Default,bot6,bot6,Hard_Default,42,False
Hard_Default,bot6,Hard_Default,Hard_Default,44,False
Hard_Default,bot6,bot6,Hard_Default,42,False
Hard_Default,bot6,Hard_Default,Hard_Default,44,False
Hard_Default,bot6,bot6,bot6,32,False
Hard_Default,bot6,Hard_Default,Hard_Default,28,False
Hard_Default,bot6,bot6,Hard_Default,42,False
Hard_Default,bot6,Hard_Default,Hard_Default,24,False
Hard_Default,bot6,bot6,Hard_Default,42,False
Hard_Default,bot6,Hard_Default,Hard_Default,44,False
Hard_Default,bot6,bot6,Hard_Default,42,False
Hard_Default,bot6,Hard_Default,Hard_Default,44,False
Hard_Default,bot6,bot6,Hard_Default,42,False
Hard_Default,bot6,Hard_Default,Hard_Default,40,False
Hard_Default,bot6,bot6,Hard_Default,42,False
Hard_Default,bot6,Hard_Default,Hard_Default,44,False
Hard_Default,bot6,bot6,Hard_Default,42,False
Hard_Default,bot6,Hard_Default,Hard_Default,44,False
Hard_Default,bot6,bot6,Hard_Default,115,False
Hard_Default,bot6,Hard_Default,Hard_Default,28,False
Hard_Default,bot6,bot6,Hard_Default,42,False
Hard_Default,bot6,Hard_Default,Hard_Default,44,False
Hard_Default,bot6,bot6,Hard_Default,42,False
Hard_Default,bot6,Hard_Default,Hard_Default,48,False
Hard_Default,bot6,bot6,Hard_Default,42,False
Hard_Default,bot6,Hard_Default,Hard_Default,28,False
Hard_Default,bot6,bot6,bot6,32,False
Hard_Default,bot6,Hard_Default,Hard_Default,44,False
Hard_Default,bot6,bot6,bot6,64,False
Hard_Default,bot6,Hard_Default,Hard_Default,44,False
Hard_Default,bot6,bot6,Hard_Default,42,False
Hard_Default,bot6,Hard_Default,Hard_Default,68,False
Hard_Default,bot6,bot6,Hard_Default,42,False
Hard_Default,bot6,Hard_Default,Hard_Default,24,False
Hard_Default,bot6,bot6,Hard_Default,42,False
Hard_Default,bot6,Hard_Default,Hard_Default,44,False
Hard_Default,bot6,bot6,Hard_Default,42,False
Hard_Default,bot6,Hard_Default,Hard_Default,44,False
Hard_Default,bot6,bot6,bot6,32,False
Hard_Default,bot6,Hard_Default,Hard_Default,44,False
Hard_Default,bot6,bot6,Hard_Default,42,False
Hard_Default,bot6,Hard_Default,Hard_Default,28,False
Hard_Default,bot6,bot6,Hard_Default,42,False
Hard_Default,bot6,Hard_Default,Hard_Default,28,False
Hard_Default,bot6,bot6,bot6,32,False
Hard_Default,bot6,Hard_Default,Hard_Default,28,False
Hard_Default,bot6,bot6,Hard_Default,42,False
Hard_Default,bot6,Hard_Default,Hard_Default,44,False
Hard_Default,bot6,bot6,Hard_Default,42,False
Hard_Default,bot6,Hard_Default,Hard_Default,44,False
Hard_Default,bot6,bot6,Hard_Default,42,False
Hard_Default,bot6,Hard_Default,Hard_Default,32,False
Hard_Default,bot6,bot6,bot6,68,False
Hard_Default,bot6,Hard_Default,Hard_Default,56,False
Hard_Default,bot6,bot6,bot6,32,False
Hard_Default,bot6,Hard_Default,Hard_Default,44,False
Hard_Default,bot6,bot6,Hard_Default,42,False
Hard_Default,bot6,Hard_Default,Hard_Default,44,False
Hard_Default,bot6,bot6,None,200,True
Hard_Default,bot6,Hard_Default,Hard_Default,44,False
Hard_Default,bot6,bot6,Hard_Default,42,False
Hard_Default,bot6,Hard_Default,Hard_Default,44,False
Hard_Default,bot6,bot6,Hard_Default,42,False
Hard_Default,bot6,Hard_Default,Hard_Default,44,False
Hard_Default,bot6,bot6,Hard_Default,42,False
Hard_Default,bot6,Hard_Default,Hard_Default,32,False
Hard_Default,bot6,bot6,Hard_Default,42,False
Hard_Default,bot6,Hard_Default,Hard_Default,28,False
Hard_Default,bot6,bot6,Hard_Default,42,False
Hard_Default,bot6,Hard_Default,Hard_Default,44,False
Hard_Default,bot6,bot6,Hard_Default,42,False
Hard_Default,bot6,Hard_Default,Hard_Default,44,False
Hard_Default,bot6,bot6,Hard_Default,42,False
Hard_Default,bot6,Hard_Default,Hard_Default,44,False
Hard_Default,bot6,bot6,Hard_Default,42,False
Hard_Default,bot7,Hard_Default,Hard_Default,44,False
Hard_Default,bot7,bot7,None,200,True
Hard_Default,bot7,Hard_Default,Hard_Default,36,False
Hard_Default,bot7,bot7,bot7,114,False
Hard_Default,bot7,Hard_Default,Hard_Default,32,False
Hard_Default,bot7,bot7,Hard_Default,83,False
Hard_Default,bot7,Hard_Default,Hard_Default,32,False
Hard_Default,bot7,bot7,None,200,True
Hard_Default,bot7,Hard_Default,Hard_Default,32,False
Hard_Default,bot7,bot7,None,200,True
Hard_Default,bot7,Hard_Default,Hard_Default,32,False
Hard_Default,bot7,bot7,None,200,True
Hard_Default,bot7,Hard_Default,Hard_Default,32,False
Hard_Default,bot7,bot7,None,200,True
Hard_Default,bot7,Hard_Default,Hard_Default,32,False
Hard_Default,bot7,bot7,None,200,True
Hard_Default,bot7,Hard_Default,Hard_Default,28,False
Hard_Default,bot7,bot7,None,200,True
Hard_Default,bot7,Hard_Default,Hard_Default,32,False
Hard_Default,bot7,bot7,None,200,True
Hard_Default,bot7,Hard_Default,Hard_Default,32,False
Hard_Default,bot7,bot7,None,200,True
Hard_Default,bot7,Hard_Default,Hard_Default,36,False
Hard_Default,bot7,bot7,None,200,True
Hard_Default,bot7,Hard_Default,Hard_Default,32,False
Hard_Default,bot7,bot7,None,200,True
Hard_Default,bot7,Hard_Default,Hard_Default,32,False
Hard_Default,bot7,bot7,None,200,True
Hard_Default,bot7,Hard_Default,Hard_Default,32,False
Hard_Default,bot7,bot7,bot7,32,False
Hard_Default,bot7,Hard_Default,Hard_Default,36,False
Hard_Default,bot7,bot7,None,200,True
Hard_Default,bot7,Hard_Default,Hard_Default,32,False
Hard_Default,bot7,bot7,None,200,True
Hard_Default,bot7,Hard_Default,Hard_Default,32,False
Hard_Default,bot7,bot7,None,200,True
Hard_Default,bot7,Hard_Default,Hard_Default,32,False
Hard_Default,bot7,bot7,bot7,28,False
Hard_Default,bot7,Hard_Default,Hard_Default,32,False
Hard_Default,bot7,bot7,None,200,True
Hard_Default,bot7,Hard_Default,bot7,27,False
Hard_Default,bot7,bot7,None,200,True
Hard_Default,bot7,Hard_Default,bot7,27,False
Hard_Default,bot7,bot7,Hard_Default,139,False
Hard_Default,bot7,Hard_Default,Hard_Default,32,False
Hard_Default,bot7,bot7,None,200,True
Hard_Default,bot7,Hard_Default,Hard_Default,32,False
Hard_Default,bot7,bot7,None,200,True
Hard_Default,bot7,Hard_Default,Hard_Default,32,False
Hard_Default,bot7,bot7,Hard_Default,80,False
Hard_Default,bot7,Hard_Default,Hard_Default,32,False
Hard_Default,bot7,bot7,None,200,True
Hard_Default,bot7,Hard_Default,Hard_Default,32,False
Hard_Default,bot7,bot7,None,200,True
Hard_Default,bot7,Hard_Default,Hard_Default,44,False
Hard_Default,bot7,bot7,None,200,True
Hard_Default,bot7,Hard_Default,Hard_Default,32,False
Hard_Default,bot7,bot7,None,200,True
Hard_Default,bot7,Hard_Default,Hard_Default,32,False
Hard_Default,bot7,bot7,None,200,True
Hard_Default,bot7,Hard_Default,Hard_Default,24,False
Hard_Default,bot7,bot7,None,200,True
Hard_Default,bot7,Hard_Default,Hard_Default,48,False
Hard_Default,bot7,bot7,Hard_Default,80,False
Hard_Default,bot7,Hard_Default,Hard_Default,32,False
Hard_Default,bot7,bot7,bot7,157,False
Hard_Default,bot7,Hard_Default,Hard_Default,32,False
Hard_Default,bot7,bot7,None,200,True
Hard_Default,bot7,Hard_Default,Hard_Default,32,False
Hard_Default,bot7,bot7,None,200,True
Hard_Default,bot7,Hard_Default,Hard_Default,32,False
Hard_Default,bot7,bot7,None,200,True
Hard_Default,bot7,Hard_Default,Hard_Default,32,False
Hard_Default,bot7,bot7,None,200,True
Hard_Default,bot7,Hard_Default,Hard_Default,32,False
Hard_Default,bot7,bot7,Hard_Default,114,False
Hard_Default,bot7,Hard_Default,Hard_Default,28,False
Hard_Default,bot7,bot7,Hard_Default,114,False
Hard_Default,bot7,Hard_Default,Hard_Default,32,False
Hard_Default,bot7,bot7,None,200,True
Hard_Default,bot7,Hard_Default,Hard_Default,32,False
Hard_Default,bot7,bot7,Hard_Default,114,False
Hard_Default,bot7,Hard_Default,Hard_Default,32,False
Hard_Default,bot7,bot7,None,200,True
Hard_Default,bot7,Hard_Default,Hard_Default,32,False
Hard_Default,bot7,bot7,None,200,True
Hard_Default,bot7,Hard_Default,Hard_Default,32,False
Hard_Default,bot7,bot7,None,200,True
Hard_Default,bot7,Hard_Default,Hard_Default,32,False
Hard_Default,bot7,bot7,None,200,True
Hard_Default,bot7,Hard_Default,Hard_Default,32,False
Hard_Default,bot7,bot7,None,200,True
Hard_Default,bot7,Hard_Default,Hard_Default,32,False
Hard_Default,bot7,bot7,bot7,28,False
Hard_Default,bot7,Hard_Default,Hard_Default,32,False
Hard_Default,bot7,bot7,bot7,32,False
Hard_Default,bot7,Hard_Default,Hard_Default,32,False
Hard_Default,bot7,bot7,None,200,True
Hard_Default,bot7,Hard_Default,Hard_Default,32,False
Hard_Default,bot7,bot7,None,200,True
Hard_Default,bot7,Hard_Default,Hard_Default,32,False
Hard_Default,bot7,bot7,Hard_Default,83,False
Hard_Default,bot7,Hard_Default,Hard_Default,32,False
Hard_Default,bot7,bot7,Hard_Default,199,False
Hard_Default,bot7,Hard_Default,bot7,27,False
Hard_Default,bot7,bot7,None,200,True
Hard_Default,bot7,Hard_Default,Hard_Default,32,False
Hard_Default,bot7,bot7,None,200,True
Hard_Default,bot7,Hard_Default,Hard_Default,32,False
Hard_Default,bot7,bot7,Hard_Default,63,False
Hard_Default,bot7,Hard_Default,Hard_Default,32,False
Hard_Default,bot7,bot7,bot7,64,False
Hard_Default,bot7,Hard_Default,Hard_Default,32,False
Hard_Default,bot7,bot7,None,200,True
Hard_Default,bot7,Hard_Default,Hard_Default,32,False
Hard_Default,bot7,bot7,Hard_Default,114,False
Hard_Default,bot7,Hard_Default,Hard_Default,24,False
Hard_Default,bot7,bot7,None,200,True
Hard_Default,bot7,Hard_Default,Hard_Default,32,False
Hard_Default,bot7,bot7,None,200,True
Hard_Default,bot7,Hard_Default,Hard_Default,32,False
Hard_Default,bot7,bot7,None,200,True
Hard_Default,bot7,Hard_Default,Hard_Default,28,False
Hard_Default,bot7,bot7,None,200,True
Hard_Default,bot7,Hard_Default,Hard_Default,32,False
Hard_Default,bot7,bot7,None,200,True
Hard_Default,bot7,Hard_Default,Hard_Default,32,False
Hard_Default,bot7,bot7,Hard_Default,83,False
Hard_Default,bot7,Hard_Default,Hard_Default,32,False
Hard_Default,bot7,bot7,None,200,True
Hard_Default,bot7,Hard_Default,Hard_Default,48,False
Hard_Default,bot7,bot7,None,200,True
Hard_Default,bot7,Hard_Default,Hard_Default,32,False
Hard_Default,bot7,bot7,None,200,True
Hard_Default,bot7,Hard_Default,Hard_Default,44,False
Hard_Default,bot7,bot7,bot7,141,False
Hard_Default,bot7,Hard_Default,Hard_Default,32,False
Hard_Default,bot7,bot7,None,200,True
Hard_Default,bot7,Hard_Default,Hard_Default,32,False
Hard_Default,bot7,bot7,bot7,32,False
Hard_Default,bot7,Hard_Default,Hard_Default,48,False
Hard_Default,bot7,bot7,bot7,32,False
Hard_Default,bot7,Hard_Default,Hard_Default,32,False
Hard_Default,bot7,bot7,None,200,True
Hard_Default,bot7,Hard_Default,Hard_Default,32,False
Hard_Default,bot7,bot7,None,200,True
Hard_Default,bot7,Hard_Default,Hard_Default,32,False
Hard_Default,bot7,bot7,None,200,True
Hard_Default,bot7,Hard_Default,Hard_Default,32,False
Hard_Default,bot7,bot7,None,200,True
Hard_Default,bot7,Hard_Default,Hard_Default,32,False
Hard_Default,bot7,bot7,bot7,32,False
Hard_Default,bot7,Hard_Default,Hard_Default,32,False
Hard_Default,bot7,bot7,None,200,True
Hard_Default,bot7,Hard_Default,Hard_Default,32,False
Hard_Default,bot7,bot7,None,200,True
Hard_Default,bot7,Hard_Default,Hard_Default,32,False
Hard_Default,bot7,bot7,bot7,125,False
Hard_Default,bot7,Hard_Default,Hard_Default,32,False
Hard_Default,bot7,bot7,None,200,True
Hard_Default,bot7,Hard_Default,Hard_Default,32,False
Hard_Default,bot7,bot7,bot7,124,False
Hard_Default,bot7,Hard_Default,Hard_Default,44,False
Hard_Default,bot7,bot7,None,200,True
Hard_Default,bot7,Hard_Default,Hard_Default,32,False
Hard_Default,bot7,bot7,None,200,True
Hard_Default,bot7,Hard_Default,Hard_Default,32,False
Hard_Default,bot7,bot7,bot7,32,False
Hard_Default,bot7,Hard_Default,Hard_Default,28,False
Hard_Default,bot7,bot7,None,200,True
Hard_Default,bot7,Hard_Default,Hard_Default,48,False
Hard_Default,bot7,bot7,bot7,69,False
Hard_Default,bot7,Hard_Default,Hard_Default,32,False
Hard_Default,bot7,bot7,None,200,True
Hard_Default,bot7,Hard_Default,Hard_Default,32,False
Hard_Default,bot7,bot7,None,200,True
Hard_Default,bot7,Hard_Default,bot7,27,False
Hard_Default,bot7,bot7,None,200,True
Hard_Default,bot7,Hard_Default,Hard_Default,32,False
Hard_Default,bot7,bot7,None,200,True
Hard_Default,bot7,Hard_Default,Hard_Default,28,False
Hard_Default,bot7,bot7,None,200,True
Hard_Default,bot7,Hard_Default,Hard_Default,32,False
Hard_Default,bot7,bot7,Hard_Default,114,False
Hard_Default,bot7,Hard_Default,Hard_Default,32,False
Hard_Default,bot7,bot7,None,200,True
Hard_Default,bot7,Hard_Default,Hard_Default,32,False
Hard_Default,bot7,bot7,None,200,True
Hard_Default,bot7,Hard_Default,Hard_Default,32,False
Hard_Default,bot7,bot7,None,200,True
Hard_Default,bot7,Hard_Default,Hard_Default,32,False
Hard_Default,bot7,bot7,None,200,True
Hard_Default,bot7,Hard_Default,Hard_Default,32,False
Hard_Default,bot7,bot7,bot7,114,False
Hard_Default,bot7,Hard_Default,Hard_Default,28,False
Hard_Default,bot7,bot7,None,200,True
Hard_Default,bot7,Hard_Default,Hard_Default,36,False
Hard_Default,bot7,bot7,None,200,True
Hard_Default,bot7,Hard_Default,Hard_Default,48,False
Hard_Default,bot7,bot7,bot7,32,False
Hard_Default,bot7,Hard_Default,Hard_Default,36,False
Hard_Default,bot7,bot7,Hard_Default,40,False
Hard_Default,bot7,Hard_Default,Hard_Default,28,False
Hard_Default,bot7,bot7,None,200,True
Hard_Default,bot7,Hard_Default,Hard_Default,48,False
Hard_Default,bot7,bot7,None,200,True
Hard_Default,bot7,Hard_Default,Hard_Default,32,False
Hard_Default,bot7,bot7,None,200,True
Hard_Default,bot7,Hard_Default,Hard_Default,44,False
Hard_Default,bot7,bot7,None,200,True
Hard_Default,bot7,Hard_Default,Hard_Default,32,False
Hard_Default,bot7,bot7,None,200,True
Hard_Default,bot7,Hard_Default,Hard_Default,32,False
Hard_Default,bot7,bot7,Hard_Default,114,False
Hard_Default,bot7,Hard_Default,Hard_Default,32,False
Hard_Default,bot7,bot7,None,200,True
Hard_Default,bot7,Hard_Default,Hard_Default,32,False
Hard_Default,bot7,bot7,bot7,69,False
Hard_Default,bot7,Hard_Default,Hard_Default,32,False
Hard_Default,bot7,bot7,bot7,32,False
Hard_Default,bot7,Hard_Default,Hard_Default,44,False
Hard_Default,bot7,bot7,None,200,True
Hard_Default,bot7,Hard_Default,Hard_Default,32,False
Hard_Default,bot7,bot7,None,200,True
Hard_Default,bot7,Hard_Default,Hard_Default,32,False
Hard_Default,bot7,bot7,bot7,32,False
Hard_Default,bot7,Hard_Default,bot7,27,False
Hard_Default,bot7,bot7,bot7,32,False
Hard_Default,bot7,Hard_Default,Hard_Default,32,False
Hard_Default,bot7,bot7,bot7,28,False
Hard_Default,bot7,Hard_Default,Hard_Default,28,False
Hard_Default,bot7,bot7,None,200,True
Hard_Default,bot7,Hard_Default,Hard_Default,32,False
Hard_Default,bot7,bot7,None,200,True
Hard_Default,bot7,Hard_Default,Hard_Default,32,False
Hard_Default,bot7,bot7,None,200,True
Hard_Default,bot7,Hard_Default,Hard_Default,32,False
Hard_Default,bot7,bot7,bot7,32,False
Hard_Default,bot7,Hard_Default,Hard_Default,32,False
Hard_Default,bot7,bot7,bot7,165,False
Hard_Default,bot7,Hard_Default,Hard_Default,32,False
Hard_Default,bot7,bot7,None,200,True
Hard_Default,bot7,Hard_Default,Hard_Default,32,False
Hard_Default,bot7,bot7,None,200,True
Hard_Default,bot7,Hard_Default,Hard_Default,32,False
Hard_Default,bot7,bot7,bot7,32,False
Hard_Default,bot7,Hard_Default,Hard_Default,32,False
Hard_Default,bot7,bot7,None,200,True
Hard_Default,bot7,Hard_Default,Hard_Default,32,False
Hard_Default,bot7,bot7,None,200,True
Hard_Default,bot7,Hard_Default,Hard_Default,28,False
Hard_Default,bot7,bot7,None,200,True
Hard_Default,bot7,Hard_Default,Hard_Default,32,False
Hard_Default,bot7,bot7,None,200,True
Hard_Default,bot7,Hard_Default,Hard_Default,28,False
Hard_Default,bot7,bot7,None,200,True
Hard_Default,bot7,Hard_Default,Hard_Default,40,False
Hard_Default,bot7,bot7,None,200,True
Hard_Default,bot7,Hard_Default,Hard_Default,32,False
Hard_Default,bot7,bot7,None,200,True
Hard_Default,bot7,Hard_Default,Hard_Default,32,False
Hard_Default,bot7,bot7,bot7,64,False
Hard_Default,bot7,Hard_Default,Hard_Default,44,False
Hard_Default,bot7,bot7,bot7,114,False
Hard_Default,bot7,Hard_Default,Hard_Default,32,False
Hard_Default,bot7,bot7,bot7,32,False
Hard_Default,bot7,Hard_Default,Hard_Default,32,False
Hard_Default,bot7,bot7,bot7,114,False
Hard_Default,bot7,Hard_Default,Hard_Default,32,False
Hard_Default,bot7,bot7,None,200,True
Hard_Default,bot7,Hard_Default,Hard_Default,32,False
Hard_Default,bot7,bot7,None,200,True
Hard_Default,bot7,Hard_Default,Hard_Default,32,False
Hard_Default,bot7,bot7,Hard_Default,67,False
Hard_Default,bot7,Hard_Default,bot7,27,False
Hard_Default,bot7,bot7,bot7,28,False
Hard_Default,bot7,Hard_Default,Hard_Default,28,False
Hard_Default,bot7,bot7,bot7,28,False
Hard_Default,bot7,Hard_Default,Hard_Default,32,False
Hard_Default,bot7,bot7,None,200,True
Hard_Default,bot7,Hard_Default,Hard_Default,32,False
Hard_Default,bot7,bot7,None,200,True
Hard_Default,bot7,Hard_Default,Hard_Default,32,False
Hard_Default,bot7,bot7,Hard_Default,114,False
Hard_Default,bot7,Hard_Default,Hard_Default,32,False
Hard_Default,bot7,bot7,None,200,True
Hard_Default,bot7,Hard_Default,Hard_Default,24,False
Hard_Default,bot7,bot7,Hard_Default,114,False
Hard_Default,bot7,Hard_Default,Hard_Default,32,False
Hard_Default,bot7,bot7,None,200,True
Hard_Default,bot7,Hard_Default,Hard_Default,36,False
Hard_Default,bot7,bot7,bot7,64,False
Hard_Default,bot7,Hard_Default,Hard_Default,32,False
Hard_Default,bot7,bot7,bot7,84,False
Hard_Default,bot7,Hard_Default,bot7,27,False
Hard_Default,bot7,bot7,None,200,True
Hard_Default,bot7,Hard_Default,bot7,27,False
Hard_Default,bot7,bot7,None,200,True
Hard_Default,bot7,Hard_Default,Hard_Default,36,False
Hard_Default,bot7,bot7,None,200,True
Hard_Default,bot8,Hard_Default,bot8,106,False
Hard_Default,bot8,bot8,bot8,69,False
Hard_Default,bot8,Hard_Default,Hard_Default,69,False
Hard_Default,bot8,bot8,bot8,69,False
Hard_Default,bot8,Hard_Default,Hard_Default,69,False
Hard_Default,bot8,bot8,bot8,69,False
Hard_Default,bot8,Hard_Default,Hard_Default,69,False
Hard_Default,bot8,bot8,bot8,69,False
Hard_Default,bot8,Hard_Default,Hard_Default,69,False
Hard_Default,bot8,bot8,bot8,64,False
Hard_Default,bot8,Hard_Default,Hard_Default,69,False
Hard_Default,bot8,bot8,bot8,69,False
Hard_Default,bot8,Hard_Default,Hard_Default,69,False
Hard_Default,bot8,bot8,bot8,69,False
Hard_Default,bot8,Hard_Default,Hard_Default,69,False
Hard_Default,bot8,bot8,bot8,69,False
Hard_Default,bot8,Hard_Default,Hard_Default,32,False
Hard_Default,bot8,bot8,bot8,69,False
Hard_Default,bot8,Hard_Default,bot8,106,False
Hard_Default,bot8,bot8,bot8,69,False
Hard_Default,bot8,Hard_Default,Hard_Default,65,False
Hard_Default,bot8,bot8,None,200,True
Hard_Default,bot8,Hard_Default,Hard_Default,69,False
Hard_Default,bot8,bot8,bot8,69,False
Hard_Default,bot8,Hard_Default,Hard_Default,69,False
Hard_Default,bot8,bot8,None,200,True
Hard_Default,bot8,Hard_Default,Hard_Default,69,False
Hard_Default,bot8,bot8,bot8,32,False
Hard_Default,bot8,Hard_Default,Hard_Default,69,False
Hard_Default,bot8,bot8,bot8,65,False
Hard_Default,bot8,Hard_Default,Hard_Default,69,False
Hard_Default,bot8,bot8,bot8,69,False
Hard_Default,bot8,Hard_Default,Hard_Default,69,False
Hard_Default,bot8,bot8,bot8,69,False
Hard_Default,bot8,Hard_Default,Hard_Default,32,False
Hard_Default,bot8,bot8,bot8,69,False
Hard_Default,bot8,Hard_Default,Hard_Default,69,False
Hard_Default,bot8,bot8,bot8,32,False
Hard_Default,bot8,Hard_Default,Hard_Default,69,False
Hard_Default,bot8,bot8,bot8,69,False
Hard_Default,bot8,Hard_Default,Hard_Default,69,False
Hard_Default,bot8,bot8,bot8,69,False
Hard_Default,bot8,Hard_Default,Hard_Default,69,False
Hard_Default,bot8,bot8,bot8,69,False
Hard_Default,bot8,Hard_Default,Hard_Default,69,False
Hard_Default,bot8,bot8,bot8,69,False
Hard_Default,bot8,Hard_Default,Hard_Default,69,False
Hard_Default,bot8,bot8,bot8,69,False
Hard_Default,bot8,Hard_Default,Hard_Default,69,False
Hard_Default,bot8,bot8,bot8,69,False
Hard_Default,bot8,Hard_Default,Hard_Default,32,False
Hard_Default,bot8,bot8,bot8,32,False
Hard_Default,bot8,Hard_Default,bot8,106,False
Hard_Default,bot8,bot8,None,200,True
Hard_Default,bot8,Hard_Default,Hard_Default,69,False
Hard_Default,bot8,bot8,bot8,69,False
Hard_Default,bot8,Hard_Default,Hard_Default,64,False
Hard_Default,bot8,bot8,bot8,32,False
Hard_Default,bot8,Hard_Default,Hard_Default,69,False
Hard_Default,bot8,bot8,bot8,69,False
Hard_Default,bot8,Hard_Default,Hard_Default,32,False
Hard_Default,bot8,bot8,bot8,69,False
Hard_Default,bot8,Hard_Default,Hard_Default,69,False
Hard_Default,bot8,bot8,None,200,True
Hard_Default,bot8,Hard_Default,Hard_Default,32,False
Hard_Default,bot8,bot8,bot8,69,False
Hard_Default,bot8,Hard_Default,Hard_Default,69,False
Hard_Default,bot8,bot8,bot8,69,False
Hard_Default,bot8,Hard_Default,Hard_Default,69,False
Hard_Default,bot8,bot8,bot8,69,False
Hard_Default,bot8,Hard_Default,Hard_Default,64,False
Hard_Default,bot8,bot8,bot8,69,False
Hard_Default,bot8,Hard_Default,Hard_Default,69,False
Hard_Default,bot8,bot8,bot8,69,False
Hard_Default,bot8,Hard_Default,bot8,51,False
Hard_Default,bot8,bot8,bot8,69,False
Hard_Default,bot8,Hard_Default,Hard_Default,69,False
Hard_Default,bot8,bot8,bot8,69,False
Hard_Default,bot8,Hard_Default,Hard_Default,69,False
Hard_Default,bot8,bot8,bot8,69,False
Hard_Default,bot8,Hard_Default,Hard_Default,32,False
Hard_Default,bot8,bot8,bot8,69,False
Hard_Default,bot8,Hard_Default,Hard_Default,69,False
Hard_Default,bot8,bot8,bot8,32,False
Hard_Default,bot8,Hard_Default,Hard_Default,69,False
Hard_Default,bot8,bot8,bot8,69,False
Hard_Default,bot8,Hard_Default,Hard_Default,69,False
Hard_Default,bot8,bot8,bot8,69,False
Hard_Default,bot8,Hard_Default,Hard_Default,65,False
Hard_Default,bot8,bot8,bot8,69,False
Hard_Default,bot8,Hard_Default,Hard_Default,60,False
Hard_Default,bot8,bot8,bot8,69,False
Hard_Default,bot8,Hard_Default,Hard_Default,69,False
Hard_Default,bot8,bot8,Hard_Default,110,False
Hard_Default,bot8,Hard_Default,Hard_Default,69,False
Hard_Default,bot8,bot8,bot8,69,False
Hard_Default,bot8,Hard_Default,Hard_Default,69,False
Hard_Default,bot8,bot8,bot8,69,False
Hard_Default,bot8,Hard_Default,Hard_Default,69,False
Hard_Default,bot8,bot8,bot8,69,False
Hard_Default,bot8,Hard_Default,Hard_Default,69,False
Hard_Default,bot8,bot8,bot8,32,False
Hard_Default,bot8,Hard_Default,Hard_Default,32,False
Hard_Default,bot8,bot8,bot8,69,False
Hard_Default,bot8,Hard_Default,Hard_Default,69,False
Hard_Default,bot8,bot8,bot8,69,False
Hard_Default,bot8,Hard_Default,bot8,106,False
Hard_Default,bot8,bot8,bot8,69,False
Hard_Default,bot8,Hard_Default,Hard_Default,69,False
Hard_Default,bot8,bot8,Hard_Default,106,False
Hard_Default,bot8,Hard_Default,Hard_Default,69,False
Hard_Default,bot8,bot8,bot8,69,False
Hard_Default,bot8,Hard_Default,bot8,106,False
Hard_Default,bot8,bot8,bot8,69,False
Hard_Default,bot8,Hard_Default,Hard_Default,69,False
Hard_Default,bot8,bot8,bot8,69,False
Hard_Default,bot8,Hard_Default,Hard_Default,69,False
Hard_Default,bot8,bot8,None,200,True
Hard_Default,bot8,Hard_Default,Hard_Default,65,False
Hard_Default,bot8,bot8,bot8,69,False
Hard_Default,bot8,Hard_Default,Hard_Default,69,False
Hard_Default,bot8,bot8,bot8,32,False
Hard_Default,bot8,Hard_Default,Hard_Default,60,False
Hard_Default,bot8,bot8,bot8,32,False
Hard_Default,bot8,Hard_Default,Hard_Default,32,False
Hard_Default,bot8,bot8,bot8,69,False
Hard_Default,bot8,Hard_Default,Hard_Default,32,False
Hard_Default,bot8,bot8,bot8,69,False
Hard_Default,bot8,Hard_Default,Hard_Default,32,False
Hard_Default,bot8,bot8,bot8,69,False
Hard_Default,bot8,Hard_Default,Hard_Default,69,False
Hard_Default,bot8,bot8,bot8,69,False
Hard_Default,bot8,Hard_Default,Hard_Default,69,False
Hard_Default,bot8,bot8,bot8,69,False
Hard_Default,bot8,Hard_Default,Hard_Default,69,False
Hard_Default,bot8,bot8,bot8,69,False
Hard_Default,bot8,Hard_Default,Hard_Default,32,False
Hard_Default,bot8,bot8,bot8,69,False
Hard_Default,bot8,Hard_Default,Hard_Default,69,False
Hard_Default,bot8,bot8,Hard_Default,106,False
Hard_Default,bot8,Hard_Default,Hard_Default,69,False
Hard_Default,bot8,bot8,bot8,69,False
Hard_Default,bot8,Hard_Default,Hard_Default,32,False
Hard_Default,bot8,bot8,bot8,69,False
Hard_Default,bot8,Hard_Default,Hard_Default,32,False
Hard_Default,bot8,bot8,bot8,69,False
Hard_Default,bot8,Hard_Default,Hard_Default,69,False
Hard_Default,bot8,bot8,bot8,69,False
Hard_Default,bot8,Hard_Default,bot8,114,False
Hard_Default,bot8,bot8,bot8,64,False
Hard_Default,bot8,Hard_Default,Hard_Default,69,False
Hard_Default,bot8,bot8,bot8,32,False
Hard_Default,bot8,Hard_Default,Hard_Default,69,False
Hard_Default,bot8,bot8,bot8,69,False
Hard_Default,bot8,Hard_Default,None,200,True
Hard_Default,bot8,bot8,bot8,69,False
Hard_Default,bot8,Hard_Default,Hard_Default,69,False
Hard_Default,bot8,bot8,bot8,69,False
Hard_Default,bot8,Hard_Default,Hard_Default,32,False
Hard_Default,bot8,bot8,bot8,32,False
Hard_Default,bot8,Hard_Default,Hard_Default,69,False
Hard_Default,bot8,bot8,bot8,69,False
Hard_Default,bot8,Hard_Default,Hard_Default,32,False
Hard_Default,bot8,bot8,bot8,69,False
Hard_Default,bot8,Hard_Default,Hard_Default,69,False
Hard_Default,bot8,bot8,bot8,69,False
Hard_Default,bot8,Hard_Default,Hard_Default,69,False
Hard_Default,bot8,bot8,bot8,69,False
Hard_Default,bot8,Hard_Default,Hard_Default,69,False
Hard_Default,bot8,bot8,Hard_Default,78,False
Hard_Default,bot8,Hard_Default,Hard_Default,32,False
Hard_Default,bot8,bot8,bot8,64,False
Hard_Default,bot8,Hard_Default,Hard_Default,69,False
Hard_Default,bot8,bot8,bot8,69,False
Hard_Default,bot8,Hard_Default,Hard_Default,32,False
Hard_Default,bot8,bot8,bot8,69,False
Hard_Default,bot8,Hard_Default,Hard_Default,64,False
Hard_Default,bot8,bot8,bot8,69,False
Hard_Default,bot8,Hard_Default,Hard_Default,69,False
Hard_Default,bot8,bot8,bot8,69,False
Hard_Default,bot8,Hard_Default,Hard_Default,69,False
Hard_Default,bot8,bot8,bot8,69,False
Hard_Default,bot8,Hard_Default,Hard_Default,69,False
Hard_Default,bot8,bot8,bot8,69,False
Hard_Default,bot8,Hard_Default,Hard_Default,69,False
Hard_Default,bot8,bot8,bot8,65,False
Hard_Default,bot8,Hard_Default,Hard_Default,69,False
Hard_Default,bot8,bot8,bot8,69,False
Hard_Default,bot8,Hard_Default,Hard_Default,69,False
Hard_Default,bot8,bot8,bot8,32,False
Hard_Default,bot8,Hard_Default,Hard_Default,69,False
Hard_Default,bot8,bot8,bot8,69,False
Hard_Default,bot8,Hard_Default,Hard_Default,69,False
Hard_Default,bot8,bot8,bot8,69,False
Hard_Default,bot8,Hard_Default,Hard_Default,81,False
Hard_Default,bot8,bot8,bot8,69,False
Hard_Default,bot8,Hard_Default,Hard_Default,69,False
Hard_Default,bot8,bot8,bot8,69,False
Hard_Default,bot8,Hard_Default,Hard_Default,69,False
Hard_Default,bot8,bot8,bot8,65,False
Hard_Default,bot8,Hard_Default,Hard_Default,69,False
Hard_Default,bot8,bot8,bot8,69,False
Hard_Default,bot8,Hard_Default,Hard_Default,69,False
Hard_Default,bot8,bot8,bot8,69,False
Hard_Default,bot8,Hard_Default,Hard_Default,69,False
Hard_Default,bot8,bot8,bot8,69,False
Hard_Default,bot8,Hard_Default,Hard_Default,69,False
Hard_Default,bot8,bot8,bot8,69,False
Hard_Default,bot8,Hard_Default,Hard_Default,69,False
Hard_Default,bot8,bot8,bot8,69,False
Hard_Default,bot8,Hard_Default,Hard_Default,69,False
Hard_Default,bot8,bot8,bot8,69,False
Hard_Default,bot8,Hard_Default,bot8,114,False
Hard_Default,bot8,bot8,bot8,69,False
Hard_Default,bot8,Hard_Default,Hard_Default,69,False
Hard_Default,bot8,bot8,bot8,69,False
Hard_Default,bot8,Hard_Default,Hard_Default,32,False
Hard_Default,bot8,bot8,bot8,69,False
Hard_Default,bot8,Hard_Default,Hard_Default,32,False
Hard_Default,bot8,bot8,bot8,69,False
Hard_Default,bot8,Hard_Default,Hard_Default,69,False
Hard_Default,bot8,bot8,bot8,69,False
Hard_Default,bot8,Hard_Default,Hard_Default,32,False
Hard_Default,bot8,bot8,bot8,69,False
Hard_Default,bot8,Hard_Default,Hard_Default,65,False
Hard_Default,bot8,bot8,bot8,69,False
Hard_Default,bot8,Hard_Default,Hard_Default,69,False
Hard_Default,bot8,bot8,bot8,69,False
Hard_Default,bot8,Hard_Default,Hard_Default,28,False
Hard_Default,bot8,bot8,bot8,69,False
Hard_Default,bot8,Hard_Default,Hard_Default,69,False
Hard_Default,bot8,bot8,bot8,69,False
Hard_Default,bot8,Hard_Default,Hard_Default,69,False
Hard_Default,bot8,bot8,bot8,69,False
Hard_Default,bot8,Hard_Default,Hard_Default,69,False
Hard_Default,bot8,bot8,bot8,69,False
Hard_Default,bot8,Hard_Default,Hard_Default,69,False
Hard_Default,bot8,bot8,bot8,69,False
Hard_Default,bot8,Hard_Default,Hard_Default,69,False
Hard_Default,bot8,bot8,bot8,69,False
Hard_Default,bot8,Hard_Default,Hard_Default,69,False
Hard_Default,bot8,bot8,bot8,69,False
Hard_Default,bot8,Hard_Default,Hard_Default,69,False
Hard_Default,bot8,bot8,bot8,69,False
Hard_Default,bot8,Hard_Default,Hard_Default,69,False
Hard_Default,bot8,bot8,bot8,69,False
Hard_Default,bot8,Hard_Default,Hard_Default,64,False
Hard_Default,bot8,bot8,bot8,69,False
Hard_Default,bot8,Hard_Default,Hard_Default,69,False
Hard_Default,bot8,bot8,bot8,69,False
Hard_Default,bot8,Hard_Default,Hard_Default,69,False
Hard_Default,bot8,bot8,Hard_Default,106,False
Hard_Default,bot8,Hard_Default,Hard_Default,169,False
Hard_Default,bot8,bot8,bot8,69,False
Hard_Default,bot8,Hard_Default,Hard_Default,32,False
Hard_Default,bot8,bot8,bot8,32,False
Hard_Default,bot8,Hard_Default,Hard_Default,69,False
Hard_Default,bot8,bot8,None,200,True
Hard_Default,bot8,Hard_Default,Hard_Default,65,False
Hard_Default,bot8,bot8,bot8,69,False
Hard_Default,bot8,Hard_Default,Hard_Default,69,False
Hard_Default,bot8,bot8,bot8,69,False
Hard_Default,bot8,Hard_Default,Hard_Default,69,False
Hard_Default,bot8,bot8,bot8,69,False
Hard_Default,bot8,Hard_Default,Hard_Default,69,False
Hard_Default,bot8,bot8,bot8,60,False
Hard_Default,bot8,Hard_Default,Hard_Default,69,False
Hard_Default,bot8,bot8,bot8,69,False
Hard_Default,bot8,Hard_Default,bot8,66,False
Hard_Default,bot8,bot8,bot8,69,False
Hard_Default,bot8,Hard_Default,Hard_Default,69,False
Hard_Default,bot8,bot8,bot8,69,False
Hard_Default,bot8,Hard_Default,Hard_Default,32,False
Hard_Default,bot8,bot8,bot8,69,False
Hard_Default,bot8,Hard_Default,Hard_Default,69,False
Hard_Default,bot8,bot8,Hard_Default,106,False
Hard_Default,bot8,Hard_Default,Hard_Default,69,False
Hard_Default,bot8,bot8,bot8,69,False
Hard_Default,bot8,Hard_Default,bot8,115,False
Hard_Default,bot8,bot8,bot8,69,False
Hard_Default,bot8,Hard_Default,bot8,115,False
Hard_Default,bot8,bot8,bot8,69,False
Hard_Default,bot8,Hard_Default,Hard_Default,69,False
Hard_Default,bot8,bot8,bot8,32,False
Hard_Default,bot8,Hard_Default,Hard_Default,69,False
Hard_Default,bot8,bot8,bot8,69,False
Hard_Default,bot8,Hard_Default,Hard_Default,69,False
Hard_Default,bot8,bot8,bot8,69,False
Hard_Default,bot8,Hard_Default,Hard_Default,69,False
Hard_Default,bot8,bot8,bot8,69,False
Hard_Default,bot8,Hard_Default,Hard_Default,69,False
Hard_Default,bot8,bot8,bot8,69,False
Hard_Default,bot8,Hard_Default,Hard_Default,69,False
Hard_Default,bot8,bot8,bot8,69,False
Hard_Default,bot8,Hard_Default,Hard_Default,69,False
Hard_Default,bot8,bot8,bot8,69,False
Hard_Default,bot8,Hard_Default,Hard_Default,69,False
Hard_Default,bot8,bot8,bot8,69,False
Hard_Default,bot8,Hard_Default,Hard_Default,69,False
Hard_Default,bot8,bot8,bot8,69,False
bot1,bot2,bot1,bot2,46,False
bot1,bot2,bot2,None,200,True
bot1,bot2,bot1,bot1,48,False
bot1,bot2,bot2,bot1,50,False
bot1,bot2,bot1,bot1,32,False
bot1,bot2,bot2,bot1,86,False
bot1,bot2,bot1,bot2,46,False
bot1,bot2,bot2,bot2,30,False
bot1,bot2,bot1,bot1,32,False
bot1,bot2,bot2,bot2,32,False
bot1,bot2,bot1,bot2,46,False
bot1,bot2,bot2,bot2,33,False
bot1,bot2,bot1,bot2,46,False
bot1,bot2,bot2,bot2,114,False
bot1,bot2,bot1,bot2,46,False
bot1,bot2,bot2,bot2,33,False
bot1,bot2,bot1,bot2,46,False
bot1,bot2,bot2,bot2,33,False
bot1,bot2,bot1,bot2,46,False
bot1,bot2,bot2,bot2,85,False
bot1,bot2,bot1,bot2,46,False
bot1,bot2,bot2,bot2,33,False
bot1,bot2,bot1,bot1,32,False
bot1,bot2,bot2,bot2,33,False
bot1,bot2,bot1,bot2,46,False
bot1,bot2,bot2,bot1,50,False
bot1,bot2,bot1,bot2,46,False
bot1,bot2,bot2,bot2,33,False
bot1,bot2,bot1,bot2,46,False
bot1,bot2,bot2,bot2,33,False
bot1,bot2,bot1,bot2,46,False
bot1,bot2,bot2,bot2,33,False
bot1,bot2,bot1,bot2,46,False
bot1,bot2,bot2,bot2,33,False
bot1,bot2,bot1,bot2,46,False
bot1,bot2,bot2,bot2,33,False
bot1,bot2,bot1,bot2,46,False
bot1,bot2,bot2,bot2,33,False
bot1,bot2,bot1,bot2,46,False
bot1,bot2,bot2,bot2,32,False
bot1,bot2,bot1,bot1,32,False
bot1,bot2,bot2,bot2,33,False
bot1,bot2,bot1,bot1,42,False
bot1,bot2,bot2,bot2,33,False
bot1,bot2,bot1,bot2,46,False
bot1,bot2,bot2,bot1,87,False
bot1,bot2,bot1,bot2,46,False
bot1,bot2,bot2,bot2,33,False
bot1,bot2,bot1,bot2,46,False
bot1,bot2,bot2,bot2,33,False
bot1,bot2,bot1,bot2,46,False
bot1,bot2,bot2,bot2,33,False
bot1,bot2,bot1,bot2,46,False
bot1,bot2,bot2,bot2,33,False
bot1,bot2,bot1,bot2,46,False
bot1,bot2,bot2,bot2,33,False
bot1,bot2,bot1,bot2,46,False
bot1,bot2,bot2,bot2,33,False
bot1,bot2,bot1,None,200,True
bot1,bot2,bot2,bot2,33,False
bot1,bot2,bot1,bot2,46,False
bot1,bot2,bot2,bot2,33,False
bot1,bot2,bot1,bot2,46,False
bot1,bot2,bot2,bot1,40,False
bot1,bot2,bot1,bot1,53,False
bot1,bot2,bot2,bot2,34,False
bot1,bot2,bot1,bot2,46,False
bot1,bot2,bot2,bot2,33,False
bot1,bot2,bot1,bot2,46,False
bot1,bot2,bot2,bot2,33,False
bot1,bot2,bot1,bot2,46,False
bot1,bot2,bot2,bot2,33,False
bot1,bot2,bot1,bot2,46,False
bot1,bot2,bot2,bot2,33,False
bot1,bot2,bot1,bot2,46,False
bot1,bot2,bot2,bot2,40,False
bot1,bot2,bot1,bot2,46,False
bot1,bot2,bot2,bot2,33,False
bot1,bot2,bot1,bot2,46,False
bot1,bot2,bot2,bot2,29,False
bot1,bot2,bot1,bot2,46,False
bot1,bot2,bot2,bot2,33,False
bot1,bot2,bot1,bot2,46,False
bot1,bot2,bot2,bot2,33,False
bot1,bot2,bot1,bot2,46,False
bot1,bot2,bot2,bot2,33,False
bot1,bot2,bot1,bot2,46,False
bot1,bot2,bot2,bot2,65,False
bot1,bot2,bot1,bot2,46,False
bot1,bot2,bot2,bot2,33,False
bot1,bot2,bot1,bot2,46,False
bot1,bot2,bot2,bot2,33,False
bot1,bot2,bot1,bot1,32,False
bot1,bot2,bot2,bot2,33,False
bot1,bot2,bot1,bot2,46,False
bot1,bot2,bot2,bot2,33,False
bot1,bot2,bot1,bot2,46,False
bot1,bot2,bot2,bot2,33,False
bot1,bot2,bot1,bot2,46,False
bot1,bot2,bot2,bot2,33,False
bot1,bot2,bot1,bot2,46,False
bot1,bot2,bot2,bot2,33,False
bot1,bot2,bot1,bot2,46,False
bot1,bot2,bot2,bot2,33,False
bot1,bot2,bot1,bot2,46,False
bot1,bot2,bot2,bot1,191,False
bot1,bot2,bot1,bot1,32,False
bot1,bot2,bot2,bot2,33,False
bot1,bot2,bot1,bot2,46,False
bot1,bot2,bot2,None,200,True
bot1,bot2,bot1,bot2,46,False
bot1,bot2,bot2,bot2,30,False
bot1,bot2,bot1,bot2,46,False
bot1,bot2,bot2,bot1,46,False
bot1,bot2,bot1,bot2,46,False
bot1,bot2,bot2,bot2,33,False
bot1,bot2,bot1,bot1,48,False
bot1,bot2,bot2,bot2,33,False
bot1,bot2,bot1,bot2,46,False
bot1,bot2,bot2,bot1,64,False
bot1,bot2,bot1,bot2,46,False
bot1,bot2,bot2,bot2,33,False
bot1,bot2,bot1,bot2,46,False
bot1,bot2,bot2,bot2,33,False
bot1,bot2,bot1,bot2,46,False
bot1,bot2,bot2,bot1,79,False
bot1,bot2,bot1,bot2,46,False
bot1,bot2,bot2,bot2,33,False
bot1,bot2,bot1,bot2,46,False
bot1,bot2,bot2,bot2,33,False
bot1,bot2,bot1,bot2,46,False
bot1,bot2,bot2,bot2,33,False
bot1,bot2,bot1,bot2,46,False
bot1,bot2,bot2,bot2,33,False
bot1,bot2,bot1,bot2,46,False
bot1,bot2,bot2,bot2,33,False
bot1,bot2,bot1,bot2,46,False
bot1,bot2,bot2,bot2,33,False
bot1,bot2,bot1,bot2,46,False
bot1,bot2,bot2,bot2,33,False
bot1,bot2,bot1,bot2,38,False
bot1,bot2,bot2,bot1,59,False
bot1,bot2,bot1,bot2,46,False
bot1,bot2,bot2,bot2,33,False
bot1,bot2,bot1,bot2,46,False
bot1,bot2,bot2,bot2,33,False
bot1,bot2,bot1,bot2,46,False
bot1,bot2,bot2,bot2,33,False
bot1,bot2,bot1,bot2,46,False
bot1,bot2,bot2,bot2,33,False
bot1,bot2,bot1,bot1,48,False
bot1,bot2,bot2,bot2,33,False
bot1,bot2,bot1,bot2,46,False
bot1,bot2,bot2,bot2,33,False
bot1,bot2,bot1,bot2,46,False
bot1,bot2,bot2,None,200,True
bot1,bot2,bot1,bot2,46,False
bot1,bot2,bot2,bot2,33,False
bot1,bot2,bot1,bot2,46,False
bot1,bot2,bot2,bot1,76,False
bot1,bot2,bot1,bot2,46,False
bot1,bot2,bot2,bot2,88,False
bot1,bot2,bot1,bot2,86,False
bot1,bot2,bot2,bot1,50,False
bot1,bot2,bot1,bot2,46,False
bot1,bot2,bot2,bot2,33,False
bot1,bot2,bot1,bot2,46,False
bot1,bot2,bot2,bot2,33,False
bot1,bot2,bot1,bot2,46,False
bot1,bot2,bot2,bot2,33,False
bot1,bot2,bot1,bot2,46,False
bot1,bot2,bot2,bot2,33,False
bot1,bot2,bot1,bot2,46,False
bot1,bot2,bot2,bot2,33,False
bot1,bot2,bot1,bot1,32,False
bot1,bot2,bot2,bot2,33,False
bot1,bot2,bot1,bot2,46,False
bot1,bot2,bot2,bot2,33,False
bot1,bot2,bot1,bot2,38,False
bot1,bot2,bot2,bot2,33,False
bot1,bot2,bot1,bot2,46,False
bot1,bot2,bot2,bot2,33,False
bot1,bot2,bot1,bot2,46,False
bot1,bot2,bot2,bot2,33,False
bot1,bot2,bot1,bot1,48,False
bot1,bot2,bot2,bot2,33,False
bot1,bot2,bot1,bot2,46,False
bot1,bot2,bot2,bot2,33,False
bot1,bot2,bot1,bot2,46,False
bot1,bot2,bot2,bot2,33,False
bot1,bot2,bot1,bot2,46,False
bot1,bot2,bot2,bot2,33,False
bot1,bot2,bot1,bot2,46,False
bot1,bot2,bot2,bot2,69,False
bot1,bot2,bot1,bot2,46,False
bot1,bot2,bot2,bot2,33,False
bot1,bot2,bot1,bot2,86,False
bot1,bot2,bot2,None,200,True
bot1,bot2,bot1,bot2,46,False
bot1,bot2,bot2,bot2,33,False
bot1,bot2,bot1,bot2,46,False
bot1,bot2,bot2,bot1,50,False
bot1,bot2,bot1,bot2,46,False
bot1,bot2,bot2,bot1,76,False
bot1,bot2,bot1,bot2,46,False
bot1,bot2,bot2,bot2,33,False
bot1,bot2,bot1,bot2,170,False
bot1,bot2,bot2,bot2,33,False
bot1,bot2,bot1,bot2,46,False
bot1,bot2,bot2,bot1,40,False
bot1,bot2,bot1,bot2,46,False
bot1,bot2,bot2,bot2,33,False
bot1,bot2,bot1,bot2,46,False
bot1,bot2,bot2,bot2,33,False
bot1,bot2,bot1,bot2,46,False
bot1,bot2,bot2,bot2,33,False
bot1,bot2,bot1,bot2,46,False
bot1,bot2,bot2,bot2,33,False
bot1,bot2,bot1,bot2,46,False
bot1,bot2,bot2,bot2,33,False
bot1,bot2,bot1,bot2,46,False
bot1,bot2,bot2,bot2,33,False
bot1,bot2,bot1,bot2,46,False
bot1,bot2,bot2,bot2,33,False
bot1,bot2,bot1,bot2,46,False
bot1,bot2,bot2,bot1,76,False
bot1,bot2,bot1,bot2,38,False
bot1,bot2,bot2,bot1,40,False
bot1,bot2,bot1,bot2,46,False
bot1,bot2,bot2,bot1,76,False
bot1,bot2,bot1,bot2,46,False
bot1,bot2,bot2,bot2,33,False
bot1,bot2,bot1,bot1,44,False
bot1,bot2,bot2,bot2,33,False
bot1,bot2,bot1,bot2,46,False
bot1,bot2,bot2,None,200,True
bot1,bot2,bot1,bot2,46,False
bot1,bot2,bot2,bot2,48,False
bot1,bot2,bot1,bot2,46,False
bot1,bot2,bot2,bot2,33,False
bot1,bot2,bot1,bot2,46,False
bot1,bot2,bot2,bot1,76,False
bot1,bot2,bot1,bot2,46,False
bot1,bot2,bot2,bot2,33,False
bot1,bot2,bot1,bot2,46,False
bot1,bot2,bot2,bot2,33,False
bot1,bot2,bot1,bot2,38,False
bot1,bot2,bot2,bot1,51,False
bot1,bot2,bot1,bot2,46,False
bot1,bot2,bot2,bot2,33,False
bot1,bot2,bot1,bot2,46,False
bot1,bot2,bot2,bot2,33,False
bot1,bot2,bot1,bot1,48,False
bot1,bot2,bot2,bot2,33,False
bot1,bot2,bot1,bot2,46,False
bot1,bot2,bot2,bot2,33,False
bot1,bot2,bot1,bot2,46,False
bot1,bot2,bot2,bot2,65,False
bot1,bot2,bot1,bot2,46,False
bot1,bot2,bot2,bot1,76,False
bot1,bot2,bot1,bot2,46,False
bot1,bot2,bot2,bot2,30,False
bot1,bot2,bot1,bot2,46,False
bot1,bot2,bot2,bot2,33,False
bot1,bot2,bot1,bot2,38,False
bot1,bot2,bot2,bot2,33,False
bot1,bot2,bot1,bot2,46,False
bot1,bot2,bot2,bot2,33,False
bot1,bot2,bot1,bot2,46,False
bot1,bot2,bot2,bot1,76,False
bot1,bot2,bot1,bot2,46,False
bot1,bot2,bot2,bot2,33,False
bot1,bot2,bot1,bot2,46,False
bot1,bot2,bot2,bot2,33,False
bot1,bot2,bot1,bot2,46,False
bot1,bot2,bot2,bot2,33,False
bot1,bot2,bot1,bot2,46,False
bot1,bot2,bot2,bot1,115,False
bot1,bot2,bot1,bot1,52,False
bot1,bot2,bot2,bot2,33,False
bot1,bot2,bot1,bot2,46,False
bot1,bot2,bot2,bot2,33,False
bot1,bot2,bot1,bot2,46,False
bot1,bot2,bot2,bot2,33,False
bot1,bot2,bot1,bot2,46,False
bot1,bot2,bot2,bot2,33,False
bot1,bot2,bot1,bot2,46,False
bot1,bot2,bot2,bot2,33,False
bot1,bot2,bot1,bot2,46,False
bot1,bot2,bot2,bot2,33,False
bot1,bot2,bot1,bot2,46,False
bot1,bot2,bot2,bot2,33,False
bot1,bot2,bot1,bot1,48,False
bot1,bot2,bot2,bot2,33,False
bot1,bot2,bot1,bot2,46,False
bot1,bot2,bot2,bot2,30,False
bot1,bot2,bot1,bot2,46,False
bot1,bot2,bot2,bot2,33,False
bot1,bot2,bot1,bot2,46,False
bot1,bot2,bot2,bot2,33,False
bot1,bot3,bot1,bot3,46,False
bot1,bot3,bot3,bot1,31,False
bot1,bot3,bot1,bot1,30,False
bot1,bot3,bot3,bot1,31,False
bot1,bot3,bot1,bot3,46,False
bot1,bot3,bot3,bot1,31,False
bot1,bot3,bot1,bot1,30,False
bot1,bot3,bot3,bot1,31,False
bot1,bot3,bot1,bot3,46,False
bot1,bot3,bot3,bot1,60,False
bot1,bot3,bot1,bot1,30,False
bot1,bot3,bot3,bot1,31,False
bot1,bot3,bot1,bot1,30,False
bot1,bot3,bot3,bot1,31,False
bot1,bot3,bot1,bot1,30,False
bot1,bot3,bot3,bot1,31,False
bot1,bot3,bot1,bot1,30,False
bot1,bot3,bot3,bot1,31,False
bot1,bot3,bot1,bot1,30,False
bot1,bot3,bot3,bot1,31,False
bot1,bot3,bot1,bot1,30,False
bot1,bot3,bot3,bot1,31,False
bot1,bot3,bot1,bot1,30,False
bot1,bot3,bot3,bot1,31,False
bot1,bot3,bot1,bot1,30,False
bot1,bot3,bot3,bot1,31,False
bot1,bot3,bot1,bot1,30,False
bot1,bot3,bot3,bot1,31,False
bot1,bot3,bot1,bot1,30,False
bot1,bot3,bot3,bot1,31,False
bot1,bot3,bot1,bot1,30,False
bot1,bot3,bot3,bot1,31,False
bot1,bot3,bot1,bot1,30,False
bot1,bot3,bot3,bot3,36,False
bot1,bot3,bot1,bot1,30,False
bot1,bot3,bot3,bot1,31,False
bot1,bot3,bot1,bot1,30,False
bot1,bot3,bot3,bot1,31,False
bot1,bot3,bot1,bot1,30,False
bot1,bot3,bot3,bot1,31,False
bot1,bot3,bot1,bot1,30,False
bot1,bot3,bot3,bot1,31,False
bot1,bot3,bot1,bot1,30,False
bot1,bot3,bot3,bot1,31,False
bot1,bot3,bot1,bot1,30,False
bot1,bot3,bot3,bot1,31,False
bot1,bot3,bot1,bot1,30,False
bot1,bot3,bot3,bot1,31,False
bot1,bot3,bot1,bot1,30,False
bot1,bot3,bot3,bot1,31,False
bot1,bot3,bot1,bot1,30,False
bot1,bot3,bot3,bot1,31,False
bot1,bot3,bot1,bot1,30,False
bot1,bot3,bot3,bot1,31,False
bot1,bot3,bot1,bot1,30,False
bot1,bot3,bot3,bot1,31,False
bot1,bot3,bot1,bot1,30,False
bot1,bot3,bot3,bot1,31,False
bot1,bot3,bot1,bot1,30,False
bot1,bot3,bot3,bot1,31,False
bot1,bot3,bot1,bot1,30,False
bot1,bot3,bot3,bot1,31,False
bot1,bot3,bot1,bot1,30,False
bot1,bot3,bot3,bot1,28,False
bot1,bot3,bot1,bot1,30,False
bot1,bot3,bot3,bot1,31,False
bot1,bot3,bot1,bot1,30,False
bot1,bot3,bot3,bot1,31,False
bot1,bot3,bot1,bot1,30,False
bot1,bot3,bot3,bot1,31,False
bot1,bot3,bot1,bot1,30,False
bot1,bot3,bot3,bot1,31,False
bot1,bot3,bot1,bot1,30,False
bot1,bot3,bot3,bot1,31,False
bot1,bot3,bot1,bot1,30,False
bot1,bot3,bot3,bot1,31,False
bot1,bot3,bot1,bot1,30,False
bot1,bot3,bot3,bot1,31,False
bot1,bot3,bot1,bot1,30,False
bot1,bot3,bot3,bot1,31,False
bot1,bot3,bot1,bot1,30,False
bot1,bot3,bot3,bot1,31,False
bot1,bot3,bot1,bot1,30,False
bot1,bot3,bot3,bot1,31,False
bot1,bot3,bot1,bot1,30,False
bot1,bot3,bot3,bot1,31,False
bot1,bot3,bot1,bot1,30,False
bot1,bot3,bot3,bot1,31,False
bot1,bot3,bot1,bot1,30,False
bot1,bot3,bot3,bot1,31,False
bot1,bot3,bot1,bot1,30,False
bot1,bot3,bot3,bot1,31,False
bot1,bot3,bot1,bot1,30,False
bot1,bot3,bot3,bot1,31,False
bot1,bot3,bot1,bot1,30,False
bot1,bot3,bot3,bot1,31,False
bot1,bot3,bot1,bot3,46,False
bot1,bot3,bot3,bot1,31,False
bot1,bot3,bot1,bot3,46,False
bot1,bot3,bot3,bot1,31,False
bot1,bot3,bot1,bot3,46,False
bot1,bot3,bot3,bot1,31,False
bot1,bot3,bot1,bot1,30,False
bot1,bot3,bot3,bot1,31,False
bot1,bot3,bot1,bot1,30,False
bot1,bot3,bot3,bot1,31,False
bot1,bot3,bot1,bot1,60,False
bot1,bot3,bot3,bot1,28,False
bot1,bot3,bot1,bot1,48,False
bot1,bot3,bot3,bot1,31,False
bot1,bot3,bot1,bot1,30,False
bot1,bot3,bot3,bot1,31,False
bot1,bot3,bot1,bot1,30,False
bot1,bot3,bot3,bot1,28,False
bot1,bot3,bot1,bot1,30,False
bot1,bot3,bot3,bot1,31,False
bot1,bot3,bot1,bot1,30,False
bot1,bot3,bot3,bot1,31,False
bot1,bot3,bot1,bot1,30,False
bot1,bot3,bot3,bot3,36,False
bot1,bot3,bot1,bot1,30,False
bot1,bot3,bot3,bot1,31,False
bot1,bot3,bot1,bot1,30,False
bot1,bot3,bot3,bot1,31,False
bot1,bot3,bot1,bot1,30,False
bot1,bot3,bot3,bot1,31,False
bot1,bot3,bot1,bot1,30,False
bot1,bot3,bot3,bot1,31,False
bot1,bot3,bot1,bot3,38,False
bot1,bot3,bot3,bot1,31,False
bot1,bot3,bot1,bot1,30,False
bot1,bot3,bot3,bot1,31,False
bot1,bot3,bot1,bot1,30,False
bot1,bot3,bot3,bot1,31,False
bot1,bot3,bot1,bot1,30,False
bot1,bot3,bot3,bot1,31,False
bot1,bot3,bot1,bot1,30,False
bot1,bot3,bot3,bot1,60,False
bot1,bot3,bot1,bot1,30,False
bot1,bot3,bot3,bot1,31,False
bot1,bot3,bot1,bot1,30,False
bot1,bot3,bot3,bot1,31,False
bot1,bot3,bot1,bot1,30,False
bot1,bot3,bot3,bot1,31,False
bot1,bot3,bot1,bot1,30,False
bot1,bot3,bot3,bot1,31,False
bot1,bot3,bot1,bot1,30,False
bot1,bot3,bot3,bot1,31,False
bot1,bot3,bot1,bot1,30,False
bot1,bot3,bot3,bot1,31,False
bot1,bot3,bot1,bot1,30,False
bot1,bot3,bot3,bot1,31,False
bot1,bot3,bot1,bot1,48,False
bot1,bot3,bot3,bot1,31,False
bot1,bot3,bot1,bot1,30,False
bot1,bot3,bot3,bot1,31,False
bot1,bot3,bot1,bot1,30,False
bot1,bot3,bot3,bot1,31,False
bot1,bot3,bot1,bot1,30,False
bot1,bot3,bot3,bot1,31,False
bot1,bot3,bot1,bot1,48,False
bot1,bot3,bot3,bot1,31,False
bot1,bot3,bot1,bot1,60,False
bot1,bot3,bot3,bot1,31,False
bot1,bot3,bot1,bot1,30,False
bot1,bot3,bot3,bot1,31,False
bot1,bot3,bot1,bot1,30,False
bot1,bot3,bot3,bot1,60,False
bot1,bot3,bot1,bot1,30,False
bot1,bot3,bot3,bot3,36,False
bot1,bot3,bot1,bot1,30,False
bot1,bot3,bot3,bot1,31,False
bot1,bot3,bot1,bot1,30,False
bot1,bot3,bot3,bot1,31,False
bot1,bot3,bot1,bot1,48,False
bot1,bot3,bot3,bot1,31,False
bot1,bot3,bot1,bot1,30,False
bot1,bot3,bot3,bot1,42,False
bot1,bot3,bot1,bot1,30,False
bot1,bot3,bot3,bot1,31,False
bot1,bot3,bot1,bot1,30,False
bot1,bot3,bot3,bot3,36,False
bot1,bot3,bot1,bot1,30,False
bot1,bot3,bot3,bot1,31,False
bot1,bot3,bot1,bot1,30,False
bot1,bot3,bot3,bot1,42,False
bot1,bot3,bot1,bot3,46,False
bot1,bot3,bot3,bot1,60,False
bot1,bot3,bot1,bot1,30,False
bot1,bot3,bot3,bot1,31,False
bot1,bot3,bot1,bot1,30,False
bot1,bot3,bot3,bot1,31,False
bot1,bot3,bot1,bot1,30,False
bot1,bot3,bot3,bot1,31,False
bot1,bot3,bot1,bot1,30,False
bot1,bot3,bot3,bot1,31,False
bot1,bot3,bot1,bot1,30,False
bot1,bot3,bot3,bot1,31,False
bot1,bot3,bot1,bot1,30,False
bot1,bot3,bot3,bot1,31,False
bot1,bot3,bot1,bot3,46,False
bot1,bot3,bot3,bot1,60,False
bot1,bot3,bot1,bot1,30,False
bot1,bot3,bot3,bot1,31,False
bot1,bot3,bot1,bot1,30,False
bot1,bot3,bot3,bot1,60,False
bot1,bot3,bot1,bot1,30,False
bot1,bot3,bot3,bot3,36,False
bot1,bot3,bot1,bot1,30,False
bot1,bot3,bot3,bot1,31,False
bot1,bot3,bot1,bot1,30,False
bot1,bot3,bot3,bot1,31,False
bot1,bot3,bot1,bot1,30,False
bot1,bot3,bot3,bot1,31,False
bot1,bot3,bot1,bot1,30,False
bot1,bot3,bot3,bot1,31,False
bot1,bot3,bot1,bot1,30,False
bot1,bot3,bot3,bot1,31,False
bot1,bot3,bot1,bot1,30,False
bot1,bot3,bot3,bot1,31,False
bot1,bot3,bot1,bot1,30,False
bot1,bot3,bot3,bot1,31,False
bot1,bot3,bot1,bot1,30,False
bot1,bot3,bot3,bot1,60,False
bot1,bot3,bot1,bot1,30,False
bot1,bot3,bot3,bot1,31,False
bot1,bot3,bot1,bot1,30,False
bot1,bot3,bot3,bot1,31,False
bot1,bot3,bot1,bot1,30,False
bot1,bot3,bot3,bot1,31,False
bot1,bot3,bot1,bot1,30,False
bot1,bot3,bot3,bot1,60,False
bot1,bot3,bot1,bot1,30,False
bot1,bot3,bot3,bot1,31,False
bot1,bot3,bot1,bot1,30,False
bot1,bot3,bot3,bot1,60,False
bot1,bot3,bot1,bot1,30,False
bot1,bot3,bot3,bot1,60,False
bot1,bot3,bot1,bot1,30,False
bot1,bot3,bot3,bot1,31,False
bot1,bot3,bot1,bot1,30,False
bot1,bot3,bot3,bot1,31,False
bot1,bot3,bot1,bot1,30,False
bot1,bot3,bot3,bot1,31,False
bot1,bot3,bot1,bot3,46,False
bot1,bot3,bot3,bot1,31,False
bot1,bot3,bot1,bot1,30,False
bot1,bot3,bot3,bot1,31,False
bot1,bot3,bot1,bot1,30,False
bot1,bot3,bot3,bot1,31,False
bot1,bot3,bot1,bot1,30,False
bot1,bot3,bot3,bot1,31,False
bot1,bot3,bot1,bot1,30,False
bot1,bot3,bot3,bot1,31,False
bot1,bot3,bot1,bot3,46,False
bot1,bot3,bot3,bot1,31,False
bot1,bot3,bot1,bot1,30,False
bot1,bot3,bot3,bot1,22,False
bot1,bot3,bot1,bot1,30,False
bot1,bot3,bot3,bot1,31,False
bot1,bot3,bot1,bot1,30,False
bot1,bot3,bot3,bot1,31,False
bot1,bot3,bot1,bot1,30,False
bot1,bot3,bot3,bot1,31,False
bot1,bot3,bot1,bot1,30,False
bot1,bot3,bot3,bot1,60,False
bot1,bot3,bot1,bot3,46,False
bot1,bot3,bot3,bot1,31,False
bot1,bot3,bot1,bot1,30,False
bot1,bot3,bot3,bot1,31,False
bot1,bot3,bot1,bot1,30,False
bot1,bot3,bot3,bot1,31,False
bot1,bot3,bot1,bot1,30,False
bot1,bot3,bot3,bot1,31,False
bot1,bot3,bot1,bot1,30,False
bot1,bot3,bot3,bot1,31,False
bot1,bot3,bot1,bot1,30,False
bot1,bot3,bot3,bot1,31,False
bot1,bot3,bot1,bot1,30,False
bot1,bot3,bot3,bot1,31,False
bot1,bot3,bot1,bot1,30,False
bot1,bot3,bot3,bot1,31,False
bot1,bot3,bot1,bot1,30,False
bot1,bot3,bot3,bot1,31,False
bot1,bot3,bot1,bot1,30,False
bot1,bot3,bot3,bot1,31,False
bot1,bot3,bot1,bot1,30,False
bot1,bot3,bot3,bot1,31,False
bot1,bot3,bot1,bot1,30,False
bot1,bot3,bot3,bot1,31,False
bot1,bot3,bot1,bot1,30,False
bot1,bot3,bot3,bot1,22,False
bot1,bot3,bot1,bot1,30,False
bot1,bot3,bot3,bot1,31,False
bot1,bot3,bot1,bot1,30,False
bot1,bot3,bot3,bot1,31,False
bot1,bot3,bot1,bot3,46,False
bot1,bot3,bot3,bot1,31,False
bot1,bot3,bot1,bot3,38,False
bot1,bot3,bot3,bot1,31,False
bot1,bot4,bot1,bot1,40,False
bot1,bot4,bot4,bot1,42,False
bot1,bot4,bot1,bot1,40,False
bot1,bot4,bot4,bot1,28,False
bot1,bot4,bot1,bot1,40,False
bot1,bot4,bot4,bot1,42,False
bot1,bot4,bot1,bot1,40,False
bot1,bot4,bot4,bot1,42,False
bot1,bot4,bot1,bot1,40,False
bot1,bot4,bot4,bot1,42,False
bot1,bot4,bot1,bot1,40,False
bot1,bot4,bot4,bot1,42,False
bot1,bot4,bot1,bot1,40,False
bot1,bot4,bot4,bot4,40,False
bot1,bot4,bot1,bot1,40,False
bot1,bot4,bot4,bot1,42,False
bot1,bot4,bot1,bot1,40,False
bot1,bot4,bot4,bot1,42,False
bot1,bot4,bot1,bot1,40,False
bot1,bot4,bot4,bot1,42,False
bot1,bot4,bot1,bot1,40,False
bot1,bot4,bot4,bot1,42,False
bot1,bot4,bot1,bot1,40,False
bot1,bot4,bot4,bot1,42,False
bot1,bot4,bot1,bot4,38,False
bot1,bot4,bot4,bot1,42,False
bot1,bot4,bot1,bot1,40,False
bot1,bot4,bot4,bot1,42,False
bot1,bot4,bot1,bot1,28,False
bot1,bot4,bot4,bot4,40,False
bot1,bot4,bot1,bot1,40,False
bot1,bot4,bot4,bot1,42,False
bot1,bot4,bot1,bot1,40,False
bot1,bot4,bot4,bot1,42,False
bot1,bot4,bot1,bot1,40,False
bot1,bot4,bot4,bot1,42,False
bot1,bot4,bot1,bot1,40,False
bot1,bot4,bot4,bot1,42,False
bot1,bot4,bot1,bot1,40,False
bot1,bot4,bot4,bot1,42,False
bot1,bot4,bot1,bot1,32,False
bot1,bot4,bot4,bot1,42,False
bot1,bot4,bot1,bot4,27,False
bot1,bot4,bot4,bot1,42,False
bot1,bot4,bot1,bot1,40,False
bot1,bot4,bot4,bot1,42,False
bot1,bot4,bot1,bot1,40,False
bot1,bot4,bot4,bot1,42,False
bot1,bot4,bot1,bot1,40,False
bot1,bot4,bot4,bot1,42,False
bot1,bot4,bot1,bot1,40,False
bot1,bot4,bot4,bot4,30,False
bot1,bot4,bot1,bot1,40,False
bot1,bot4,bot4,bot1,42,False
bot1,bot4,bot1,bot1,40,False
bot1,bot4,bot4,bot1,42,False
bot1,bot4,bot1,bot1,40,False
bot1,bot4,bot4,bot1,42,False
bot1,bot4,bot1,bot1,40,False
bot1,bot4,bot4,bot1,42,False
bot1,bot4,bot1,bot1,40,False
bot1,bot4,bot4,bot4,30,False
bot1,bot4,bot1,bot1,40,False
bot1,bot4,bot4,bot1,42,False
bot1,bot4,bot1,bot1,40,False
bot1,bot4,bot4,bot1,42,False
bot1,bot4,bot1,bot1,40,False
bot1,bot4,bot4,bot1,42,False
bot1,bot4,bot1,bot1,40,False
bot1,bot4,bot4,bot1,42,False
bot1,bot4,bot1,bot1,40,False
bot1,bot4,bot4,bot1,42,False
bot1,bot4,bot1,bot1,40,False
bot1,bot4,bot4,bot1,42,False
bot1,bot4,bot1,bot4,38,False
bot1,bot4,bot4,bot1,42,False
bot1,bot4,bot1,bot1,40,False
bot1,bot4,bot4,bot1,42,False
bot1,bot4,bot1,bot1,40,False
bot1,bot4,bot4,bot1,42,False
bot1,bot4,bot1,bot1,40,False
bot1,bot4,bot4,bot1,42,False
bot1,bot4,bot1,bot1,40,False
bot1,bot4,bot4,bot1,42,False
bot1,bot4,bot1,bot1,40,False
bot1,bot4,bot4,bot1,42,False
bot1,bot4,bot1,bot1,40,False
bot1,bot4,bot4,bot1,42,False
bot1,bot4,bot1,bot1,40,False
bot1,bot4,bot4,bot1,42,False
bot1,bot4,bot1,bot1,40,False
bot1,bot4,bot4,bot1,42,False
bot1,bot4,bot1,bot1,40,False
bot1,bot4,bot4,bot1,42,False
bot1,bot4,bot1,bot4,27,False
bot1,bot4,bot4,bot4,30,False
bot1,bot4,bot1,bot1,40,False
bot1,bot4,bot4,bot1,42,False
bot1,bot4,bot1,bot1,40,False
bot1,bot4,bot4,bot1,42,False
bot1,bot4,bot1,bot4,27,False
bot1,bot4,bot4,bot4,30,False
bot1,bot4,bot1,bot1,40,False
bot1,bot4,bot4,bot1,42,False
bot1,bot4,bot1,bot1,40,False
bot1,bot4,bot4,bot1,42,False
bot1,bot4,bot1,bot4,27,False
bot1,bot4,bot4,bot1,42,False
bot1,bot4,bot1,bot1,40,False
bot1,bot4,bot4,bot1,42,False
bot1,bot4,bot1,bot1,40,False
bot1,bot4,bot4,bot4,40,False
bot1,bot4,bot1,bot1,40,False
bot1,bot4,bot4,bot1,63,False
bot1,bot4,bot1,bot1,40,False
bot1,bot4,bot4,bot1,42,False
bot1,bot4,bot1,bot1,40,False
bot1,bot4,bot4,bot1,63,False
bot1,bot4,bot1,bot1,40,False
bot1,bot4,bot4,bot1,42,False
bot1,bot4,bot1,bot1,40,False
bot1,bot4,bot4,bot1,42,False
bot1,bot4,bot1,bot1,40,False
bot1,bot4,bot4,bot1,51,False
bot1,bot4,bot1,bot1,40,False
bot1,bot4,bot4,bot1,42,False
bot1,bot4,bot1,bot1,40,False
bot1,bot4,bot4,bot1,42,False
bot1,bot4,bot1,bot1,40,False
bot1,bot4,bot4,bot1,42,False
bot1,bot4,bot1,bot1,40,False
bot1,bot4,bot4,bot1,63,False
bot1,bot4,bot1,bot1,40,False
bot1,bot4,bot4,bot1,63,False
bot1,bot4,bot1,bot1,40,False
bot1,bot4,bot4,bot1,42,False
bot1,bot4,bot1,bot4,38,False
bot1,bot4,bot4,bot4,40,False
bot1,bot4,bot1,bot1,40,False
bot1,bot4,bot4,bot4,40,False
bot1,bot4,bot1,bot1,40,False
bot1,bot4,bot4,bot1,42,False
bot1,bot4,bot1,bot1,40,False
bot1,bot4,bot4,bot1,42,False
bot1,bot4,bot1,bot1,40,False
bot1,bot4,bot4,bot1,42,False
bot1,bot4,bot1,bot1,40,False
bot1,bot4,bot4,bot1,42,False
bot1,bot4,bot1,bot1,40,False
bot1,bot4,bot4,bot1,51,False
bot1,bot4,bot1,bot4,27,False
bot1,bot4,bot4,bot1,42,False
bot1,bot4,bot1,bot1,40,False
bot1,bot4,bot4,bot1,42,False
bot1,bot4,bot1,bot1,40,False
bot1,bot4,bot4,bot4,92,False
bot1,bot4,bot1,bot1,40,False
bot1,bot4,bot4,bot1,42,False
bot1,bot4,bot1,bot1,40,False
bot1,bot4,bot4,bot1,42,False
bot1,bot4,bot1,bot1,40,False
bot1,bot4,bot4,bot1,63,False
bot1,bot4,bot1,bot1,40,False
bot1,bot4,bot4,bot1,42,False
bot1,bot4,bot1,bot1,40,False
bot1,bot4,bot4,bot1,42,False
bot1,bot4,bot1,bot1,40,False
bot1,bot4,bot4,bot1,42,False
bot1,bot4,bot1,bot1,40,False
bot1,bot4,bot4,bot1,42,False
bot1,bot4,bot1,bot1,40,False
bot1,bot4,bot4,bot1,42,False
bot1,bot4,bot1,bot1,40,False
bot1,bot4,bot4,bot1,28,False
bot1,bot4,bot1,bot1,40,False
bot1,bot4,bot4,bot1,42,False
bot1,bot4,bot1,bot1,40,False
bot1,bot4,bot4,bot1,42,False
bot1,bot4,bot1,bot1,40,False
bot1,bot4,bot4,bot1,42,False
bot1,bot4,bot1,bot1,40,False
bot1,bot4,bot4,bot1,42,False
bot1,bot4,bot1,bot1,40,False
bot1,bot4,bot4,bot1,42,False
bot1,bot4,bot1,bot1,40,False
bot1,bot4,bot4,bot1,42,False
bot1,bot4,bot1,bot1,40,False
bot1,bot4,bot4,bot1,42,False
bot1,bot4,bot1,bot1,40,False
bot1,bot4,bot4,bot1,42,False
bot1,bot4,bot1,bot4,27,False
bot1,bot4,bot4,bot1,42,False
bot1,bot4,bot1,bot1,40,False
bot1,bot4,bot4,bot1,42,False
bot1,bot4,bot1,bot1,40,False
bot1,bot4,bot4,bot1,42,False
bot1,bot4,bot1,bot1,40,False
bot1,bot4,bot4,bot4,40,False
bot1,bot4,bot1,bot1,40,False
bot1,bot4,bot4,bot1,42,False
bot1,bot4,bot1,bot4,38,False
bot1,bot4,bot4,bot1,42,False
bot1,bot4,bot1,bot1,40,False
bot1,bot4,bot4,bot1,42,False
bot1,bot4,bot1,bot1,40,False
bot1,bot4,bot4,bot4,40,False
bot1,bot4,bot1,bot1,40,False
bot1,bot4,bot4,bot1,63,False
bot1,bot4,bot1,bot1,40,False
bot1,bot4,bot4,bot1,28,False
bot1,bot4,bot1,bot4,38,False
bot1,bot4,bot4,bot1,42,False
bot1,bot4,bot1,bot1,40,False
bot1,bot4,bot4,bot1,28,False
bot1,bot4,bot1,bot4,27,False
bot1,bot4,bot4,bot1,42,False
bot1,bot4,bot1,bot1,40,False
bot1,bot4,bot4,bot1,42,False
bot1,bot4,bot1,bot1,40,False
bot1,bot4,bot4,bot1,42,False
bot1,bot4,bot1,bot1,40,False
bot1,bot4,bot4,bot4,40,False
bot1,bot4,bot1,bot1,40,False
bot1,bot4,bot4,bot1,42,False
bot1,bot4,bot1,bot4,27,False
bot1,bot4,bot4,bot1,42,False
bot1,bot4,bot1,bot1,40,False
bot1,bot4,bot4,bot1,42,False
bot1,bot4,bot1,bot1,40,False
bot1,bot4,bot4,bot1,63,False
bot1,bot4,bot1,bot4,27,False
bot1,bot4,bot4,bot1,42,False
bot1,bot4,bot1,bot1,40,False
bot1,bot4,bot4,bot1,42,False
bot1,bot4,bot1,bot1,40,False
bot1,bot4,bot4,bot1,42,False
bot1,bot4,bot1,bot1,40,False
bot1,bot4,bot4,bot1,42,False
bot1,bot4,bot1,bot1,40,False
bot1,bot4,bot4,bot1,42,False
bot1,bot4,bot1,bot1,40,False
bot1,bot4,bot4,bot1,42,False
bot1,bot4,bot1,bot1,40,False
bot1,bot4,bot4,bot1,42,False
bot1,bot4,bot1,bot1,40,False
bot1,bot4,bot4,bot4,40,False
bot1,bot4,bot1,bot1,40,False
bot1,bot4,bot4,bot4,40,False
bot1,bot4,bot1,bot4,27,False
bot1,bot4,bot4,bot1,51,False
bot1,bot4,bot1,bot1,40,False
bot1,bot4,bot4,bot1,42,False
bot1,bot4,bot1,bot1,40,False
bot1,bot4,bot4,bot1,42,False
bot1,bot4,bot1,bot1,40,False
bot1,bot4,bot4,bot1,51,False
bot1,bot4,bot1,bot1,40,False
bot1,bot4,bot4,bot1,42,False
bot1,bot4,bot1,bot1,40,False
bot1,bot4,bot4,bot1,51,False
bot1,bot4,bot1,bot1,40,False
bot1,bot4,bot4,bot1,79,False
bot1,bot4,bot1,bot1,40,False
bot1,bot4,bot4,bot1,42,False
bot1,bot4,bot1,bot1,40,False
bot1,bot4,bot4,bot1,42,False
bot1,bot4,bot1,bot1,40,False
bot1,bot4,bot4,bot1,42,False
bot1,bot4,bot1,bot1,40,False
bot1,bot4,bot4,bot1,42,False
bot1,bot4,bot1,bot1,40,False
bot1,bot4,bot4,bot1,42,False
bot1,bot4,bot1,bot1,40,False
bot1,bot4,bot4,bot1,42,False
bot1,bot4,bot1,bot1,40,False
bot1,bot4,bot4,bot1,42,False
bot1,bot4,bot1,bot1,40,False
bot1,bot4,bot4,bot1,42,False
bot1,bot4,bot1,bot1,40,False
bot1,bot4,bot4,bot1,42,False
bot1,bot4,bot1,bot1,40,False
bot1,bot4,bot4,bot1,42,False
bot1,bot4,bot1,bot1,40,False
bot1,bot4,bot4,bot1,42,False
bot1,bot4,bot1,bot1,40,False
bot1,bot4,bot4,bot1,42,False
bot1,bot4,bot1,bot1,40,False
bot1,bot4,bot4,bot1,42,False
bot1,bot4,bot1,bot1,40,False
bot1,bot4,bot4,bot1,42,False
bot1,bot4,bot1,bot1,40,False
bot1,bot4,bot4,bot1,42,False
bot1,bot4,bot1,bot1,40,False
bot1,bot4,bot4,bot1,42,False
bot1,bot4,bot1,bot1,40,False
bot1,bot4,bot4,bot1,42,False
bot1,bot4,bot1,bot1,40,False
bot1,bot4,bot4,bot1,51,False
bot1,bot4,bot1,bot1,40,False
bot1,bot4,bot4,bot1,42,False
bot1,bot5,bot1,bot1,40,False
bot1,bot5,bot5,bot1,42,False
bot1,bot5,bot1,bot5,27,False
bot1,bot5,bot5,bot1,42,False
bot1,bot5,bot1,bot5,27,False
bot1,bot5,bot5,bot5,40,False
bot1,bot5,bot1,bot1,62,False
bot1,bot5,bot5,bot1,42,False
bot1,bot5,bot1,bot5,27,False
bot1,bot5,bot5,bot1,42,False
bot1,bot5,bot1,bot5,27,False
bot1,bot5,bot5,bot1,42,False
bot1,bot5,bot1,bot1,40,False
bot1,bot5,bot5,bot1,71,False
bot1,bot5,bot1,bot5,27,False
bot1,bot5,bot5,bot1,42,False
bot1,bot5,bot1,bot5,27,False
bot1,bot5,bot5,bot1,42,False
bot1,bot5,bot1,bot5,27,False
bot1,bot5,bot5,bot1,42,False
bot1,bot5,bot1,bot5,27,False
bot1,bot5,bot5,bot1,42,False
bot1,bot5,bot1,bot1,28,False
bot1,bot5,bot5,bot1,42,False
bot1,bot5,bot1,bot1,40,False
bot1,bot5,bot5,bot1,42,False
bot1,bot5,bot1,bot5,27,False
bot1,bot5,bot5,bot1,42,False
bot1,bot5,bot1,bot5,27,False
bot1,bot5,bot5,bot1,42,False
bot1,bot5,bot1,bot5,27,False
bot1,bot5,bot5,bot1,42,False
bot1,bot5,bot1,bot5,27,False
bot1,bot5,bot5,bot1,42,False
bot1,bot5,bot1,bot5,27,False
bot1,bot5,bot5,bot1,42,False
bot1,bot5,bot1,bot5,27,False
bot1,bot5,bot5,bot1,42,False
bot1,bot5,bot1,bot5,27,False
bot1,bot5,bot5,bot1,42,False
bot1,bot5,bot1,bot5,27,False
bot1,bot5,bot5,bot1,27,False
bot1,bot5,bot1,bot5,27,False
bot1,bot5,bot5,bot1,58,False
bot1,bot5,bot1,bot5,27,False
bot1,bot5,bot5,bot1,42,False
bot1,bot5,bot1,bot5,27,False
bot1,bot5,bot5,bot1,42,False
bot1,bot5,bot1,bot5,27,False
bot1,bot5,bot5,bot5,98,False
bot1,bot5,bot1,bot5,27,False
bot1,bot5,bot5,bot1,42,False
bot1,bot5,bot1,bot5,27,False
bot1,bot5,bot5,bot5,40,False
bot1,bot5,bot1,bot5,27,False
bot1,bot5,bot5,bot1,42,False
bot1,bot5,bot1,bot1,40,False
bot1,bot5,bot5,bot1,42,False
bot1,bot5,bot1,bot5,27,False
bot1,bot5,bot5,bot1,42,False
bot1,bot5,bot1,bot5,27,False
bot1,bot5,bot5,bot1,42,False
bot1,bot5,bot1,bot5,27,False
bot1,bot5,bot5,bot5,30,False
bot1,bot5,bot1,bot5,27,False
bot1,bot5,bot5,bot1,42,False
bot1,bot5,bot1,bot5,27,False
bot1,bot5,bot5,bot1,42,False
bot1,bot5,bot1,bot5,27,False
bot1,bot5,bot5,bot1,42,False
bot1,bot5,bot1,bot5,27,False
bot1,bot5,bot5,bot1,42,False
bot1,bot5,bot1,bot1,36,False
bot1,bot5,bot5,bot1,42,False
bot1,bot5,bot1,bot5,27,False
bot1,bot5,bot5,bot1,42,False
bot1,bot5,bot1,bot5,27,False
bot1,bot5,bot5,bot1,42,False
bot1,bot5,bot1,bot5,27,False
bot1,bot5,bot5,bot5,98,False
bot1,bot5,bot1,bot5,27,False
bot1,bot5,bot5,bot1,42,False
bot1,bot5,bot1,bot5,27,False
bot1,bot5,bot5,bot1,70,False
bot1,bot5,bot1,bot5,27,False
bot1,bot5,bot5,bot1,42,False
bot1,bot5,bot1,bot5,27,False
bot1,bot5,bot5,bot1,42,False
bot1,bot5,bot1,bot5,27,False
bot1,bot5,bot5,bot1,42,False
bot1,bot5,bot1,bot5,27,False
bot1,bot5,bot5,bot1,42,False
bot1,bot5,bot1,bot5,27,False
bot1,bot5,bot5,bot1,42,False
bot1,bot5,bot1,bot5,27,False
bot1,bot5,bot5,bot1,42,False
bot1,bot5,bot1,bot5,27,False
bot1,bot5,bot5,bot5,40,False
bot1,bot5,bot1,bot5,27,False
bot1,bot5,bot5,bot5,30,False
bot1,bot5,bot1,bot1,62,False
bot1,bot5,bot5,bot1,42,False
bot1,bot5,bot1,bot5,27,False
bot1,bot5,bot5,bot1,42,False
bot1,bot5,bot1,bot5,27,False
bot1,bot5,bot5,bot1,42,False
bot1,bot5,bot1,bot5,27,False
bot1,bot5,bot5,bot1,42,False
bot1,bot5,bot1,bot5,27,False
bot1,bot5,bot5,bot1,42,False
bot1,bot5,bot1,bot5,27,False
bot1,bot5,bot5,bot1,42,False
bot1,bot5,bot1,bot5,27,False
bot1,bot5,bot5,bot1,42,False
bot1,bot5,bot1,bot5,27,False
bot1,bot5,bot5,bot1,42,False
bot1,bot5,bot1,bot5,27,False
bot1,bot5,bot5,bot1,42,False
bot1,bot5,bot1,bot5,27,False
bot1,bot5,bot5,bot1,59,False
bot1,bot5,bot1,bot5,27,False
bot1,bot5,bot5,bot1,42,False
bot1,bot5,bot1,bot1,62,False
bot1,bot5,bot5,bot1,42,False
bot1,bot5,bot1,bot5,27,False
bot1,bot5,bot5,bot1,59,False
bot1,bot5,bot1,bot1,62,False
bot1,bot5,bot5,bot1,42,False
bot1,bot5,bot1,bot5,27,False
bot1,bot5,bot5,bot1,42,False
bot1,bot5,bot1,bot5,27,False
bot1,bot5,bot5,bot1,22,False
bot1,bot5,bot1,bot5,27,False
bot1,bot5,bot5,bot1,42,False
bot1,bot5,bot1,bot5,27,False
bot1,bot5,bot5,bot1,42,False
bot1,bot5,bot1,bot5,27,False
bot1,bot5,bot5,bot1,42,False
bot1,bot5,bot1,bot5,27,False
bot1,bot5,bot5,bot1,42,False
bot1,bot5,bot1,bot5,27,False
bot1,bot5,bot5,bot1,42,False
bot1,bot5,bot1,bot5,27,False
bot1,bot5,bot5,bot1,42,False
bot1,bot5,bot1,bot1,62,False
bot1,bot5,bot5,bot1,42,False
bot1,bot5,bot1,bot5,27,False
bot1,bot5,bot5,bot1,42,False
bot1,bot5,bot1,bot5,27,False
bot1,bot5,bot5,bot1,42,False
bot1,bot5,bot1,bot1,40,False
bot1,bot5,bot5,bot1,42,False
bot1,bot5,bot1,bot5,27,False
bot1,bot5,bot5,bot5,40,False
bot1,bot5,bot1,bot5,27,False
bot1,bot5,bot5,bot1,42,False
bot1,bot5,bot1,bot5,27,False
bot1,bot5,bot5,bot1,59,False
bot1,bot5,bot1,bot1,62,False
bot1,bot5,bot5,bot1,42,False
bot1,bot5,bot1,bot5,27,False
bot1,bot5,bot5,bot1,42,False
bot1,bot5,bot1,bot5,27,False
bot1,bot5,bot5,bot1,42,False
bot1,bot5,bot1,bot1,62,False
bot1,bot5,bot5,bot1,42,False
bot1,bot5,bot1,bot5,27,False
bot1,bot5,bot5,bot1,42,False
bot1,bot5,bot1,bot5,27,False
bot1,bot5,bot5,bot1,42,False
bot1,bot5,bot1,bot5,27,False
bot1,bot5,bot5,bot1,42,False
bot1,bot5,bot1,bot5,27,False
bot1,bot5,bot5,bot1,42,False
bot1,bot5,bot1,bot5,27,False
bot1,bot5,bot5,bot1,42,False
bot1,bot5,bot1,bot5,27,False
bot1,bot5,bot5,bot1,42,False
bot1,bot5,bot1,bot5,27,False
bot1,bot5,bot5,bot1,22,False
bot1,bot5,bot1,bot5,27,False
bot1,bot5,bot5,bot1,42,False
bot1,bot5,bot1,bot1,28,False
bot1,bot5,bot5,bot1,42,False
bot1,bot5,bot1,bot5,27,False
bot1,bot5,bot5,bot1,42,False
bot1,bot5,bot1,bot1,28,False
bot1,bot5,bot5,bot1,42,False
bot1,bot5,bot1,bot1,40,False
bot1,bot5,bot5,bot1,42,False
bot1,bot5,bot1,bot5,27,False
bot1,bot5,bot5,bot5,40,False
bot1,bot5,bot1,bot1,28,False
bot1,bot5,bot5,bot5,40,False
bot1,bot5,bot1,bot1,36,False
bot1,bot5,bot5,bot1,42,False
bot1,bot5,bot1,bot5,27,False
bot1,bot5,bot5,bot1,42,False
bot1,bot5,bot1,bot5,27,False
bot1,bot5,bot5,bot5,40,False
bot1,bot5,bot1,bot5,27,False
bot1,bot5,bot5,bot1,42,False
bot1,bot5,bot1,bot5,27,False
bot1,bot5,bot5,bot1,42,False
bot1,bot5,bot1,bot1,62,False
bot1,bot5,bot5,bot1,42,False
bot1,bot5,bot1,bot5,27,False
bot1,bot5,bot5,bot1,42,False
bot1,bot5,bot1,bot1,28,False
bot1,bot5,bot5,bot5,40,False
bot1,bot5,bot1,bot5,27,False
bot1,bot5,bot5,bot1,42,False
bot1,bot5,bot1,bot5,27,False
bot1,bot5,bot5,bot1,42,False
bot1,bot5,bot1,bot5,27,False
bot1,bot5,bot5,bot1,27,False
bot1,bot5,bot1,bot5,27,False
bot1,bot5,bot5,bot5,40,False
bot1,bot5,bot1,bot1,40,False
bot1,bot5,bot5,bot1,42,False
bot1,bot5,bot1,bot5,27,False
bot1,bot5,bot5,bot1,42,False
bot1,bot5,bot1,bot1,62,False
bot1,bot5,bot5,bot5,98,False
bot1,bot5,bot1,bot1,62,False
bot1,bot5,bot5,bot1,42,False
bot1,bot5,bot1,bot5,27,False
bot1,bot5,bot5,bot5,44,False
bot1,bot5,bot1,bot5,27,False
bot1,bot5,bot5,bot1,42,False
bot1,bot5,bot1,bot5,27,False
bot1,bot5,bot5,bot1,42,False
bot1,bot5,bot1,bot5,27,False
bot1,bot5,bot5,bot5,40,False
bot1,bot5,bot1,bot5,27,False
bot1,bot5,bot5,bot1,42,False
bot1,bot5,bot1,bot5,27,False
bot1,bot5,bot5,bot5,40,False
bot1,bot5,bot1,bot1,28,False
bot1,bot5,bot5,bot1,42,False
bot1,bot5,bot1,bot5,27,False
bot1,bot5,bot5,bot1,42,False
bot1,bot5,bot1,bot5,27,False
bot1,bot5,bot5,bot1,42,False
bot1,bot5,bot1,bot5,27,False
bot1,bot5,bot5,bot1,42,False
bot1,bot5,bot1,bot5,27,False
bot1,bot5,bot5,bot1,42,False
bot1,bot5,bot1,bot5,27,False
bot1,bot5,bot5,bot1,42,False
bot1,bot5,bot1,bot5,27,False
bot1,bot5,bot5,bot1,22,False
bot1,bot5,bot1,bot5,27,False
bot1,bot5,bot5,bot1,42,False
bot1,bot5,bot1,bot5,27,False
bot1,bot5,bot5,bot1,42,False
bot1,bot5,bot1,bot5,27,False
bot1,bot5,bot5,bot1,42,False
bot1,bot5,bot1,bot5,27,False
bot1,bot5,bot5,bot1,42,False
bot1,bot5,bot1,bot5,27,False
bot1,bot5,bot5,bot5,40,False
bot1,bot5,bot1,bot5,27,False
bot1,bot5,bot5,bot1,42,False
bot1,bot5,bot1,bot5,27,False
bot1,bot5,bot5,bot1,42,False
bot1,bot5,bot1,bot5,27,False
bot1,bot5,bot5,bot1,42,False
bot1,bot5,bot1,bot5,27,False
bot1,bot5,bot5,bot5,40,False
bot1,bot5,bot1,bot5,27,False
bot1,bot5,bot5,bot1,42,False
bot1,bot5,bot1,bot5,27,False
bot1,bot5,bot5,bot1,42,False
bot1,bot5,bot1,bot5,27,False
bot1,bot5,bot5,bot1,42,False
bot1,bot5,bot1,bot5,27,False
bot1,bot5,bot5,bot1,42,False
bot1,bot5,bot1,bot5,27,False
bot1,bot5,bot5,bot5,60,False
bot1,bot5,bot1,bot5,27,False
bot1,bot5,bot5,bot1,42,False
bot1,bot5,bot1,bot5,27,False
bot1,bot5,bot5,bot1,42,False
bot1,bot5,bot1,bot5,27,False
bot1,bot5,bot5,bot1,42,False
bot1,bot5,bot1,bot5,27,False
bot1,bot5,bot5,bot1,42,False
bot1,bot5,bot1,bot5,27,False
bot1,bot5,bot5,bot5,40,False
bot1,bot5,bot1,bot5,27,False
bot1,bot5,bot5,bot1,42,False
bot1,bot5,bot1,bot5,27,False
bot1,bot5,bot5,bot1,42,False
bot1,bot5,bot1,bot1,40,False
bot1,bot5,bot5,bot1,42,False
bot1,bot5,bot1,bot5,27,False
bot1,bot5,bot5,bot1,42,False
bot1,bot5,bot1,bot5,27,False
bot1,bot5,bot5,bot1,42,False
bot1,bot6,bot1,bot1,40,False
bot1,bot6,bot6,bot6,48,False
bot1,bot6,bot1,bot6,27,False
bot1,bot6,bot6,bot6,44,False
bot1,bot6,bot1,bot6,27,False
bot1,bot6,bot6,bot6,48,False
bot1,bot6,bot1,bot6,27,False
bot1,bot6,bot6,bot6,48,False
bot1,bot6,bot1,bot6,27,False
bot1,bot6,bot6,bot6,48,False
bot1,bot6,bot1,bot6,27,False
bot1,bot6,bot6,bot6,48,False
bot1,bot6,bot1,bot6,27,False
bot1,bot6,bot6,bot1,42,False
bot1,bot6,bot1,bot6,27,False
bot1,bot6,bot6,bot6,48,False
bot1,bot6,bot1,bot6,27,False
bot1,bot6,bot6,bot6,48,False
bot1,bot6,bot1,bot6,27,False
bot1,bot6,bot6,bot6,48,False
bot1,bot6,bot1,bot6,27,False
bot1,bot6,bot6,bot6,48,False
bot1,bot6,bot1,bot6,27,False
bot1,bot6,bot6,bot6,48,False
bot1,bot6,bot1,bot6,27,False
bot1,bot6,bot6,bot6,48,False
bot1,bot6,bot1,bot6,24,False
bot1,bot6,bot6,bot6,48,False
bot1,bot6,bot1,bot6,27,False
bot1,bot6,bot6,bot6,46,False
bot1,bot6,bot1,bot6,27,False
bot1,bot6,bot6,bot6,48,False
bot1,bot6,bot1,bot6,27,False
bot1,bot6,bot6,bot6,48,False
bot1,bot6,bot1,bot6,27,False
bot1,bot6,bot6,bot6,48,False
bot1,bot6,bot1,bot6,27,False
bot1,bot6,bot6,bot6,48,False
bot1,bot6,bot1,bot6,27,False
bot1,bot6,bot6,bot6,48,False
bot1,bot6,bot1,bot6,27,False
bot1,bot6,bot6,bot6,48,False
bot1,bot6,bot1,bot6,27,False
bot1,bot6,bot6,bot6,48,False
bot1,bot6,bot1,bot6,24,False
bot1,bot6,bot6,bot6,48,False
bot1,bot6,bot1,bot6,27,False
bot1,bot6,bot6,bot6,48,False
bot1,bot6,bot1,bot6,27,False
bot1,bot6,bot6,bot1,28,False
bot1,bot6,bot1,bot6,27,False
bot1,bot6,bot6,bot6,48,False
bot1,bot6,bot1,bot6,27,False
bot1,bot6,bot6,bot6,48,False
bot1,bot6,bot1,None,200,True
bot1,bot6,bot6,bot6,48,False
bot1,bot6,bot1,bot6,27,False
bot1,bot6,bot6,bot6,36,False
bot1,bot6,bot1,bot6,27,False
bot1,bot6,bot6,bot6,48,False
bot1,bot6,bot1,bot6,27,False
bot1,bot6,bot6,bot6,48,False
bot1,bot6,bot1,bot6,27,False
bot1,bot6,bot6,bot6,36,False
bot1,bot6,bot1,bot1,81,False
bot1,bot6,bot6,bot6,48,False
bot1,bot6,bot1,bot6,27,False
bot1,bot6,bot6,bot6,48,False
bot1,bot6,bot1,bot6,27,False
bot1,bot6,bot6,bot6,48,False
bot1,bot6,bot1,bot6,27,False
bot1,bot6,bot6,bot6,48,False
bot1,bot6,bot1,bot6,27,False
bot1,bot6,bot6,bot1,42,False
bot1,bot6,bot1,bot6,27,False
bot1,bot6,bot6,bot6,20,False
bot1,bot6,bot1,bot6,27,False
bot1,bot6,bot6,bot1,42,False
bot1,bot6,bot1,bot6,27,False
bot1,bot6,bot6,bot6,48,False
bot1,bot6,bot1,bot6,27,False
bot1,bot6,bot6,bot6,48,False
bot1,bot6,bot1,bot6,27,False
bot1,bot6,bot6,bot6,36,False
bot1,bot6,bot1,bot6,27,False
bot1,bot6,bot6,bot6,48,False
bot1,bot6,bot1,bot6,27,False
bot1,bot6,bot6,bot6,46,False
bot1,bot6,bot1,bot6,27,False
bot1,bot6,bot6,bot6,36,False
bot1,bot6,bot1,bot6,27,False
bot1,bot6,bot6,bot6,48,False
bot1,bot6,bot1,bot6,27,False
bot1,bot6,bot6,bot6,48,False
bot1,bot6,bot1,bot6,27,False
bot1,bot6,bot6,bot6,48,False
bot1,bot6,bot1,bot6,24,False
bot1,bot6,bot6,bot6,48,False
bot1,bot6,bot1,bot6,27,False
bot1,bot6,bot6,bot6,32,False
bot1,bot6,bot1,bot6,27,False
bot1,bot6,bot6,bot6,48,False
bot1,bot6,bot1,bot6,27,False
bot1,bot6,bot6,bot6,48,False
bot1,bot6,bot1,bot1,73,False
bot1,bot6,bot6,bot6,36,False
bot1,bot6,bot1,bot6,27,False
bot1,bot6,bot6,bot6,48,False
bot1,bot6,bot1,bot6,27,False
bot1,bot6,bot6,bot6,108,False
bot1,bot6,bot1,bot6,27,False
bot1,bot6,bot6,bot6,48,False
bot1,bot6,bot1,bot6,27,False
bot1,bot6,bot6,bot6,48,False
bot1,bot6,bot1,bot6,27,False
bot1,bot6,bot6,bot6,48,False
bot1,bot6,bot1,bot6,27,False
bot1,bot6,bot6,bot6,48,False
bot1,bot6,bot1,bot6,27,False
bot1,bot6,bot6,bot6,52,False
bot1,bot6,bot1,bot6,27,False
bot1,bot6,bot6,bot6,48,False
bot1,bot6,bot1,bot6,27,False
bot1,bot6,bot6,bot6,48,False
bot1,bot6,bot1,bot6,27,False
bot1,bot6,bot6,bot6,48,False
bot1,bot6,bot1,bot6,24,False
bot1,bot6,bot6,bot6,48,False
bot1,bot6,bot1,bot6,27,False
bot1,bot6,bot6,bot6,48,False
bot1,bot6,bot1,bot6,27,False
bot1,bot6,bot6,bot6,48,False
bot1,bot6,bot1,bot6,27,False
bot1,bot6,bot6,bot6,48,False
bot1,bot6,bot1,bot6,27,False
bot1,bot6,bot6,bot6,48,False
bot1,bot6,bot1,bot6,27,False
bot1,bot6,bot6,bot6,36,False
bot1,bot6,bot1,bot6,27,False
bot1,bot6,bot6,bot6,48,False
bot1,bot6,bot1,bot6,27,False
bot1,bot6,bot6,bot6,48,False
bot1,bot6,bot1,bot6,147,False
bot1,bot6,bot6,bot6,44,False
bot1,bot6,bot1,bot6,27,False
bot1,bot6,bot6,bot6,48,False
bot1,bot6,bot1,bot6,27,False
bot1,bot6,bot6,bot6,48,False
bot1,bot6,bot1,bot6,27,False
bot1,bot6,bot6,bot6,48,False
bot1,bot6,bot1,bot6,27,False
bot1,bot6,bot6,bot6,48,False
bot1,bot6,bot1,bot6,27,False
bot1,bot6,bot6,bot6,48,False
bot1,bot6,bot1,bot6,27,False
bot1,bot6,bot6,bot6,52,False
bot1,bot6,bot1,bot6,24,False
bot1,bot6,bot6,bot1,42,False
bot1,bot6,bot1,bot6,27,False
bot1,bot6,bot6,bot6,48,False
bot1,bot6,bot1,bot6,27,False
bot1,bot6,bot6,bot6,32,False
bot1,bot6,bot1,bot1,40,False
bot1,bot6,bot6,bot6,48,False
bot1,bot6,bot1,bot6,27,False
bot1,bot6,bot6,bot1,28,False
bot1,bot6,bot1,bot6,27,False
bot1,bot6,bot6,bot6,48,False
bot1,bot6,bot1,bot6,115,False
bot1,bot6,bot6,bot6,48,False
bot1,bot6,bot1,bot6,27,False
bot1,bot6,bot6,bot6,64,False
bot1,bot6,bot1,bot6,27,False
bot1,bot6,bot6,bot6,48,False
bot1,bot6,bot1,bot6,27,False
bot1,bot6,bot6,bot6,48,False
bot1,bot6,bot1,bot6,27,False
bot1,bot6,bot6,bot6,46,False
bot1,bot6,bot1,bot6,27,False
bot1,bot6,bot6,bot6,48,False
bot1,bot6,bot1,bot6,27,False
bot1,bot6,bot6,bot6,48,False
bot1,bot6,bot1,bot6,27,False
bot1,bot6,bot6,bot6,48,False
bot1,bot6,bot1,bot6,27,False
bot1,bot6,bot6,bot6,48,False
bot1,bot6,bot1,bot1,105,False
bot1,bot6,bot6,bot6,48,False
bot1,bot6,bot1,bot6,27,False
bot1,bot6,bot6,bot6,48,False
bot1,bot6,bot1,bot1,40,False
bot1,bot6,bot6,bot6,48,False
bot1,bot6,bot1,bot6,27,False
bot1,bot6,bot6,bot6,48,False
bot1,bot6,bot1,bot6,27,False
bot1,bot6,bot6,bot6,46,False
bot1,bot6,bot1,bot6,27,False
bot1,bot6,bot6,bot6,48,False
bot1,bot6,bot1,bot6,27,False
bot1,bot6,bot6,bot6,48,False
bot1,bot6,bot1,bot6,27,False
bot1,bot6,bot6,bot6,48,False
bot1,bot6,bot1,bot6,27,False
bot1,bot6,bot6,bot1,42,False
bot1,bot6,bot1,bot6,27,False
bot1,bot6,bot6,bot6,48,False
bot1,bot6,bot1,bot6,27,False
bot1,bot6,bot6,bot6,48,False
bot1,bot6,bot1,bot6,27,False
bot1,bot6,bot6,bot6,48,False
bot1,bot6,bot1,bot6,27,False
bot1,bot6,bot6,bot6,44,False
bot1,bot6,bot1,bot1,81,False
bot1,bot6,bot6,bot6,48,False
bot1,bot6,bot1,bot6,27,False
bot1,bot6,bot6,bot6,48,False
bot1,bot6,bot1,bot6,27,False
bot1,bot6,bot6,bot6,46,False
bot1,bot6,bot1,bot6,27,False
bot1,bot6,bot6,bot6,46,False
bot1,bot6,bot1,bot6,27,False
bot1,bot6,bot6,bot6,48,False
bot1,bot6,bot1,bot6,27,False
bot1,bot6,bot6,bot6,48,False
bot1,bot6,bot1,bot6,27,False
bot1,bot6,bot6,bot6,48,False
bot1,bot6,bot1,bot6,27,False
bot1,bot6,bot6,bot6,48,False
bot1,bot6,bot1,bot6,27,False
bot1,bot6,bot6,bot6,48,False
bot1,bot6,bot1,bot6,27,False
bot1,bot6,bot6,bot6,36,False
bot1,bot6,bot1,bot6,27,False
bot1,bot6,bot6,bot6,48,False
bot1,bot6,bot1,bot6,27,False
bot1,bot6,bot6,bot6,48,False
bot1,bot6,bot1,bot6,27,False
bot1,bot6,bot6,bot6,48,False
bot1,bot6,bot1,bot6,27,False
bot1,bot6,bot6,bot1,28,False
bot1,bot6,bot1,bot6,27,False
bot1,bot6,bot6,bot6,48,False
bot1,bot6,bot1,bot6,27,False
bot1,bot6,bot6,bot6,48,False
bot1,bot6,bot1,bot6,27,False
bot1,bot6,bot6,bot6,36,False
bot1,bot6,bot1,bot6,27,False
bot1,bot6,bot6,bot6,48,False
bot1,bot6,bot1,bot1,128,False
bot1,bot6,bot6,bot6,48,False
bot1,bot6,bot1,bot1,81,False
bot1,bot6,bot6,bot6,48,False
bot1,bot6,bot1,bot6,27,False
bot1,bot6,bot6,bot6,48,False
bot1,bot6,bot1,bot6,27,False
bot1,bot6,bot6,bot6,48,False
bot1,bot6,bot1,bot6,27,False
bot1,bot6,bot6,bot6,32,False
bot1,bot6,bot1,bot6,27,False
bot1,bot6,bot6,bot6,52,False
bot1,bot6,bot1,bot6,27,False
bot1,bot6,bot6,bot6,48,False
bot1,bot6,bot1,bot6,27,False
bot1,bot6,bot6,bot6,48,False
bot1,bot6,bot1,bot6,27,False
bot1,bot6,bot6,bot6,48,False
bot1,bot6,bot1,bot6,27,False
bot1,bot6,bot6,bot6,48,False
bot1,bot6,bot1,bot6,27,False
bot1,bot6,bot6,bot6,48,False
bot1,bot6,bot1,bot6,24,False
bot1,bot6,bot6,bot6,48,False
bot1,bot6,bot1,bot6,27,False
bot1,bot6,bot6,bot6,36,False
bot1,bot6,bot1,bot6,27,False
bot1,bot6,bot6,bot6,48,False
bot1,bot6,bot1,bot6,27,False
bot1,bot6,bot6,bot6,48,False
bot1,bot6,bot1,bot6,27,False
bot1,bot6,bot6,bot6,48,False
bot1,bot6,bot1,bot6,27,False
bot1,bot6,bot6,bot6,48,False
bot1,bot6,bot1,bot6,27,False
bot1,bot6,bot6,bot6,48,False
bot1,bot6,bot1,bot6,27,False
bot1,bot6,bot6,bot6,48,False
bot1,bot6,bot1,bot6,27,False
bot1,bot6,bot6,bot6,48,False
bot1,bot6,bot1,bot6,27,False
bot1,bot6,bot6,bot6,48,False
bot1,bot6,bot1,bot6,27,False
bot1,bot6,bot6,bot6,48,False
bot1,bot6,bot1,bot6,27,False
bot1,bot6,bot6,bot6,48,False
bot1,bot6,bot1,bot6,27,False
bot1,bot6,bot6,bot6,48,False
bot1,bot6,bot1,bot6,27,False
bot1,bot6,bot6,bot6,48,False
bot1,bot6,bot1,bot6,27,False
bot1,bot6,bot6,bot6,48,False
bot1,bot7,bot1,bot7,27,False
bot1,bot7,bot7,bot7,48,False
bot1,bot7,bot1,bot7,27,False
bot1,bot7,bot7,bot7,36,False
bot1,bot7,bot1,bot7,27,False
bot1,bot7,bot7,bot7,48,False
bot1,bot7,bot1,bot7,27,False
bot1,bot7,bot7,bot7,48,False
bot1,bot7,bot1,bot7,27,False
bot1,bot7,bot7,bot7,44,False
bot1,bot7,bot1,bot7,27,False
bot1,bot7,bot7,bot7,48,False
bot1,bot7,bot1,bot7,27,False
bot1,bot7,bot7,bot7,92,False
bot1,bot7,bot1,bot7,27,False
bot1,bot7,bot7,bot7,48,False
bot1,bot7,bot1,bot7,27,False
bot1,bot7,bot7,bot7,48,False
bot1,bot7,bot1,bot7,27,False
bot1,bot7,bot7,bot1,34,False
bot1,bot7,bot1,None,200,True
bot1,bot7,bot7,bot7,48,False
bot1,bot7,bot1,bot1,48,False
bot1,bot7,bot7,bot7,48,False
bot1,bot7,bot1,bot1,28,False
bot1,bot7,bot7,bot7,48,False
bot1,bot7,bot1,bot7,27,False
bot1,bot7,bot7,bot7,48,False
bot1,bot7,bot1,bot7,27,False
bot1,bot7,bot7,bot7,48,False
bot1,bot7,bot1,bot7,27,False
bot1,bot7,bot7,bot7,48,False
bot1,bot7,bot1,bot7,27,False
bot1,bot7,bot7,bot1,22,False
bot1,bot7,bot1,bot7,27,False
bot1,bot7,bot7,bot1,22,False
bot1,bot7,bot1,bot7,27,False
bot1,bot7,bot7,bot7,44,False
bot1,bot7,bot1,None,200,True
bot1,bot7,bot7,bot7,44,False
bot1,bot7,bot1,bot7,27,False
bot1,bot7,bot7,bot7,48,False
bot1,bot7,bot1,bot7,27,False
bot1,bot7,bot7,bot1,22,False
bot1,bot7,bot1,bot7,27,False
bot1,bot7,bot7,bot7,48,False
bot1,bot7,bot1,bot1,28,False
bot1,bot7,bot7,bot7,48,False
bot1,bot7,bot1,bot7,27,False
bot1,bot7,bot7,bot7,48,False
bot1,bot7,bot1,bot7,27,False
bot1,bot7,bot7,bot7,48,False
bot1,bot7,bot1,bot7,27,False
bot1,bot7,bot7,bot7,49,False
bot1,bot7,bot1,bot7,27,False
bot1,bot7,bot7,bot7,48,False
bot1,bot7,bot1,bot7,27,False
bot1,bot7,bot7,bot7,48,False
bot1,bot7,bot1,bot7,27,False
bot1,bot7,bot7,bot7,48,False
bot1,bot7,bot1,bot7,27,False
bot1,bot7,bot7,bot7,48,False
bot1,bot7,bot1,bot7,27,False
bot1,bot7,bot7,bot7,46,False
bot1,bot7,bot1,bot7,27,False
bot1,bot7,bot7,bot7,48,False
bot1,bot7,bot1,bot7,27,False
bot1,bot7,bot7,bot7,48,False
bot1,bot7,bot1,bot7,27,False
bot1,bot7,bot7,bot7,48,False
bot1,bot7,bot1,bot7,27,False
bot1,bot7,bot7,bot7,48,False
bot1,bot7,bot1,bot7,27,False
bot1,bot7,bot7,bot7,46,False
bot1,bot7,bot1,bot7,27,False
bot1,bot7,bot7,bot7,48,False
bot1,bot7,bot1,bot7,27,False
bot1,bot7,bot7,bot7,48,False
bot1,bot7,bot1,None,200,True
bot1,bot7,bot7,bot7,48,False
bot1,bot7,bot1,bot7,27,False
bot1,bot7,bot7,bot7,40,False
bot1,bot7,bot1,bot7,27,False
bot1,bot7,bot7,bot7,48,False
bot1,bot7,bot1,bot7,27,False
bot1,bot7,bot7,bot7,48,False
bot1,bot7,bot1,bot7,27,False
bot1,bot7,bot7,bot7,48,False
bot1,bot7,bot1,bot7,27,False
bot1,bot7,bot7,bot7,48,False
bot1,bot7,bot1,bot7,27,False
bot1,bot7,bot7,bot7,48,False
bot1,bot7,bot1,bot7,27,False
bot1,bot7,bot7,bot7,36,False
bot1,bot7,bot1,bot7,27,False
bot1,bot7,bot7,bot7,36,False
bot1,bot7,bot1,None,200,True
bot1,bot7,bot7,bot7,48,False
bot1,bot7,bot1,bot7,27,False
bot1,bot7,bot7,bot7,48,False
bot1,bot7,bot1,None,200,True
bot1,bot7,bot7,bot7,48,False
bot1,bot7,bot1,bot7,27,False
bot1,bot7,bot7,bot1,22,False
bot1,bot7,bot1,bot7,27,False
bot1,bot7,bot7,bot7,36,False
bot1,bot7,bot1,bot7,27,False
bot1,bot7,bot7,bot7,48,False
bot1,bot7,bot1,bot7,27,False
bot1,bot7,bot7,bot7,36,False
bot1,bot7,bot1,bot7,27,False
bot1,bot7,bot7,bot7,48,False
bot1,bot7,bot1,bot7,27,False
bot1,bot7,bot7,bot7,48,False
bot1,bot7,bot1,bot7,27,False
bot1,bot7,bot7,bot7,48,False
bot1,bot7,bot1,bot7,27,False
bot1,bot7,bot7,bot7,48,False
bot1,bot7,bot1,bot7,27,False
bot1,bot7,bot7,bot7,92,False
bot1,bot7,bot1,bot7,27,False
bot1,bot7,bot7,bot7,48,False
bot1,bot7,bot1,bot7,27,False
bot1,bot7,bot7,bot7,48,False
bot1,bot7,bot1,bot1,28,False
bot1,bot7,bot7,bot7,48,False
bot1,bot7,bot1,bot7,27,False
bot1,bot7,bot7,bot7,48,False
bot1,bot7,bot1,bot7,27,False
bot1,bot7,bot7,bot7,48,False
bot1,bot7,bot1,bot7,27,False
bot1,bot7,bot7,bot1,22,False
bot1,bot7,bot1,bot7,27,False
bot1,bot7,bot7,bot7,48,False
bot1,bot7,bot1,bot7,27,False
bot1,bot7,bot7,bot7,48,False
bot1,bot7,bot1,bot1,28,False
bot1,bot7,bot7,bot7,48,False
bot1,bot7,bot1,bot1,32,False
bot1,bot7,bot7,bot7,48,False
bot1,bot7,bot1,bot7,27,False
bot1,bot7,bot7,bot7,48,False
bot1,bot7,bot1,bot7,27,False
bot1,bot7,bot7,bot7,48,False
bot1,bot7,bot1,bot7,27,False
bot1,bot7,bot7,bot7,48,False
bot1,bot7,bot1,bot7,27,False
bot1,bot7,bot7,bot7,48,False
bot1,bot7,bot1,bot7,27,False
bot1,bot7,bot7,bot7,48,False
bot1,bot7,bot1,bot7,27,False
bot1,bot7,bot7,bot7,45,False
bot1,bot7,bot1,None,200,True
bot1,bot7,bot7,bot7,48,False
bot1,bot7,bot1,bot7,27,False
bot1,bot7,bot7,bot7,48,False
bot1,bot7,bot1,bot7,27,False
bot1,bot7,bot7,bot7,44,False
bot1,bot7,bot1,bot7,27,False
bot1,bot7,bot7,bot7,36,False
bot1,bot7,bot1,bot7,27,False
bot1,bot7,bot7,bot7,48,False
bot1,bot7,bot1,bot7,27,False
bot1,bot7,bot7,bot7,46,False
bot1,bot7,bot1,bot7,27,False
bot1,bot7,bot7,bot7,48,False
bot1,bot7,bot1,bot7,27,False
bot1,bot7,bot7,bot7,48,False
bot1,bot7,bot1,bot7,27,False
bot1,bot7,bot7,bot7,48,False
bot1,bot7,bot1,None,200,True
bot1,bot7,bot7,bot7,48,False
bot1,bot7,bot1,bot7,27,False
bot1,bot7,bot7,bot7,48,False
bot1,bot7,bot1,bot1,28,False
bot1,bot7,bot7,bot7,48,False
bot1,bot7,bot1,bot7,27,False
bot1,bot7,bot7,bot7,48,False
bot1,bot7,bot1,bot7,27,False
bot1,bot7,bot7,bot7,45,False
bot1,bot7,bot1,bot7,27,False
bot1,bot7,bot7,bot7,48,False
bot1,bot7,bot1,bot7,27,False
bot1,bot7,bot7,bot7,48,False
bot1,bot7,bot1,bot7,27,False
bot1,bot7,bot7,bot7,48,False
bot1,bot7,bot1,bot7,27,False
bot1,bot7,bot7,bot7,48,False
bot1,bot7,bot1,bot7,27,False
bot1,bot7,bot7,bot7,48,False
bot1,bot7,bot1,bot1,81,False
bot1,bot7,bot7,bot7,48,False
bot1,bot7,bot1,bot7,27,False
bot1,bot7,bot7,bot7,36,False
bot1,bot7,bot1,bot7,27,False
bot1,bot7,bot7,bot7,48,False
bot1,bot7,bot1,bot7,27,False
bot1,bot7,bot7,bot7,48,False
bot1,bot7,bot1,bot1,48,False
bot1,bot7,bot7,bot7,48,False
bot1,bot7,bot1,bot7,27,False
bot1,bot7,bot7,bot7,48,False
bot1,bot7,bot1,bot7,27,False
bot1,bot7,bot7,bot1,46,False
bot1,bot7,bot1,bot7,27,False
bot1,bot7,bot7,bot7,40,False
bot1,bot7,bot1,bot7,27,False
bot1,bot7,bot7,bot7,48,False
bot1,bot7,bot1,bot7,27,False
bot1,bot7,bot7,bot7,44,False
bot1,bot7,bot1,bot7,27,False
bot1,bot7,bot7,bot7,48,False
bot1,bot7,bot1,bot7,27,False
bot1,bot7,bot7,bot1,92,False
bot1,bot7,bot1,bot7,27,False
bot1,bot7,bot7,bot7,40,False
bot1,bot7,bot1,bot7,27,False
bot1,bot7,bot7,bot7,40,False
bot1,bot7,bot1,bot7,27,False
bot1,bot7,bot7,bot7,48,False
bot1,bot7,bot1,bot7,27,False
bot1,bot7,bot7,bot7,46,False
bot1,bot7,bot1,bot7,27,False
bot1,bot7,bot7,bot7,48,False
bot1,bot7,bot1,bot7,27,False
bot1,bot7,bot7,bot7,48,False
bot1,bot7,bot1,bot7,27,False
bot1,bot7,bot7,bot7,48,False
bot1,bot7,bot1,bot7,27,False
bot1,bot7,bot7,bot7,48,False
bot1,bot7,bot1,bot7,27,False
bot1,bot7,bot7,bot7,40,False
bot1,bot7,bot1,bot7,27,False
bot1,bot7,bot7,bot7,46,False
bot1,bot7,bot1,bot7,27,False
bot1,bot7,bot7,bot7,46,False
bot1,bot7,bot1,bot1,28,False
bot1,bot7,bot7,bot7,48,False
bot1,bot7,bot1,bot7,27,False
bot1,bot7,bot7,bot7,48,False
bot1,bot7,bot1,bot7,142,False
bot1,bot7,bot7,bot7,48,False
bot1,bot7,bot1,bot7,27,False
bot1,bot7,bot7,bot7,20,False
bot1,bot7,bot1,bot7,27,False
bot1,bot7,bot7,bot7,48,False
bot1,bot7,bot1,bot7,27,False
bot1,bot7,bot7,bot7,48,False
bot1,bot7,bot1,bot7,27,False
bot1,bot7,bot7,bot7,48,False
bot1,bot7,bot1,bot7,27,False
bot1,bot7,bot7,bot7,48,False
bot1,bot7,bot1,None,200,True
bot1,bot7,bot7,bot7,48,False
bot1,bot7,bot1,bot7,27,False
bot1,bot7,bot7,bot7,44,False
bot1,bot7,bot1,bot7,27,False
bot1,bot7,bot7,bot1,22,False
bot1,bot7,bot1,bot1,28,False
bot1,bot7,bot7,bot7,48,False
bot1,bot7,bot1,bot7,27,False
bot1,bot7,bot7,bot7,48,False
bot1,bot7,bot1,bot7,27,False
bot1,bot7,bot7,bot7,48,False
bot1,bot7,bot1,bot1,28,False
bot1,bot7,bot7,bot7,48,False
bot1,bot7,bot1,bot7,27,False
bot1,bot7,bot7,bot7,48,False
bot1,bot7,bot1,bot7,27,False
bot1,bot7,bot7,bot7,48,False
bot1,bot7,bot1,bot7,27,False
bot1,bot7,bot7,bot7,48,False
bot1,bot7,bot1,bot7,27,False
bot1,bot7,bot7,bot1,22,False
bot1,bot7,bot1,bot7,27,False
bot1,bot7,bot7,bot1,178,False
bot1,bot7,bot1,bot7,27,False
bot1,bot7,bot7,bot7,46,False
bot1,bot7,bot1,bot7,27,False
bot1,bot7,bot7,bot7,40,False
bot1,bot7,bot1,bot7,27,False
bot1,bot7,bot7,bot7,48,False
bot1,bot7,bot1,bot7,27,False
bot1,bot7,bot7,bot7,44,False
bot1,bot7,bot1,bot7,27,False
bot1,bot7,bot7,bot7,48,False
bot1,bot7,bot1,bot7,27,False
bot1,bot7,bot7,bot7,48,False
bot1,bot7,bot1,bot7,27,False
bot1,bot7,bot7,bot7,46,False
bot1,bot7,bot1,bot7,27,False
bot1,bot7,bot7,bot7,48,False
bot1,bot7,bot1,bot7,27,False
bot1,bot7,bot7,bot7,48,False
bot1,bot7,bot1,bot7,27,False
bot1,bot7,bot7,bot7,40,False
bot1,bot7,bot1,bot7,27,False
bot1,bot7,bot7,bot7,44,False
bot1,bot7,bot1,bot7,27,False
bot1,bot7,bot7,bot7,48,False
bot1,bot8,bot1,bot1,53,False
bot1,bot8,bot8,bot8,48,False
bot1,bot8,bot1,bot1,53,False
bot1,bot8,bot8,bot8,48,False
bot1,bot8,bot1,bot1,53,False
bot1,bot8,bot8,bot8,48,False
bot1,bot8,bot1,bot1,53,False
bot1,bot8,bot8,bot8,32,False
bot1,bot8,bot1,bot1,53,False
bot1,bot8,bot8,bot8,48,False
bot1,bot8,bot1,None,200,True
bot1,bot8,bot8,bot1,22,False
bot1,bot8,bot1,bot1,53,False
bot1,bot8,bot8,bot8,48,False
bot1,bot8,bot1,bot1,53,False
bot1,bot8,bot8,bot8,44,False
bot1,bot8,bot1,bot1,53,False
bot1,bot8,bot8,bot8,48,False
bot1,bot8,bot1,bot8,38,False
bot1,bot8,bot8,bot8,48,False
bot1,bot8,bot1,bot8,50,False
bot1,bot8,bot8,bot1,22,False
bot1,bot8,bot1,bot1,53,False
bot1,bot8,bot8,bot8,48,False
bot1,bot8,bot1,None,200,True
bot1,bot8,bot8,bot8,48,False
bot1,bot8,bot1,bot1,53,False
bot1,bot8,bot8,bot8,48,False
bot1,bot8,bot1,bot1,32,False
bot1,bot8,bot8,bot8,48,False
bot1,bot8,bot1,bot1,53,False
bot1,bot8,bot8,bot8,48,False
bot1,bot8,bot1,bot1,53,False
bot1,bot8,bot8,bot8,44,False
bot1,bot8,bot1,bot1,28,False
bot1,bot8,bot8,bot1,22,False
bot1,bot8,bot1,bot1,53,False
bot1,bot8,bot8,bot8,46,False
bot1,bot8,bot1,bot1,53,False
bot1,bot8,bot8,bot8,40,False
bot1,bot8,bot1,bot8,62,False
bot1,bot8,bot8,bot8,48,False
bot1,bot8,bot1,bot1,53,False
bot1,bot8,bot8,bot8,48,False
bot1,bot8,bot1,bot1,53,False
bot1,bot8,bot8,bot8,48,False
bot1,bot8,bot1,bot1,53,False
bot1,bot8,bot8,bot8,48,False
bot1,bot8,bot1,bot1,53,False
bot1,bot8,bot8,bot8,48,False
bot1,bot8,bot1,bot1,53,False
bot1,bot8,bot8,bot8,48,False
bot1,bot8,bot1,None,200,True
bot1,bot8,bot8,bot8,52,False
bot1,bot8,bot1,bot1,53,False
bot1,bot8,bot8,bot8,46,False
bot1,bot8,bot1,None,200,True
bot1,bot8,bot8,bot8,48,False
bot1,bot8,bot1,bot1,53,False
bot1,bot8,bot8,bot8,48,False
bot1,bot8,bot1,bot1,85,False
bot1,bot8,bot8,bot8,48,False
bot1,bot8,bot1,None,200,True
bot1,bot8,bot8,bot8,48,False
bot1,bot8,bot1,bot8,115,False
bot1,bot8,bot8,bot8,48,False
bot1,bot8,bot1,bot1,53,False
bot1,bot8,bot8,bot8,48,False
bot1,bot8,bot1,bot1,53,False
bot1,bot8,bot8,bot8,48,False
bot1,bot8,bot1,bot1,53,False
bot1,bot8,bot8,bot8,48,False
bot1,bot8,bot1,bot8,38,False
bot1,bot8,bot8,bot8,48,False
bot1,bot8,bot1,bot1,85,False
bot1,bot8,bot8,bot8,48,False
bot1,bot8,bot1,bot1,53,False
bot1,bot8,bot8,bot8,48,False
bot1,bot8,bot1,bot8,38,False
bot1,bot8,bot8,bot8,48,False
bot1,bot8,bot1,bot1,53,False
bot1,bot8,bot8,bot8,48,False
bot1,bot8,bot1,bot1,32,False
bot1,bot8,bot8,bot8,48,False
bot1,bot8,bot1,bot1,32,False
bot1,bot8,bot8,bot8,48,False
bot1,bot8,bot1,bot1,53,False
bot1,bot8,bot8,bot8,48,False
bot1,bot8,bot1,bot1,53,False
bot1,bot8,bot8,bot8,48,False
bot1,bot8,bot1,bot1,32,False
bot1,bot8,bot8,bot8,46,False
bot1,bot8,bot1,None,200,True
bot1,bot8,bot8,bot8,48,False
bot1,bot8,bot1,bot1,53,False
bot1,bot8,bot8,bot8,46,False
bot1,bot8,bot1,bot8,38,False
bot1,bot8,bot8,bot8,72,False
bot1,bot8,bot1,bot1,53,False
bot1,bot8,bot8,bot8,48,False
bot1,bot8,bot1,bot1,53,False
bot1,bot8,bot8,bot8,46,False
bot1,bot8,bot1,bot1,53,False
bot1,bot8,bot8,bot8,46,False
bot1,bot8,bot1,bot1,53,False
bot1,bot8,bot8,bot8,46,False
bot1,bot8,bot1,bot1,53,False
bot1,bot8,bot8,bot8,48,False
bot1,bot8,bot1,bot1,53,False
bot1,bot8,bot8,bot8,48,False
bot1,bot8,bot1,bot1,53,False
bot1,bot8,bot8,bot8,48,False
bot1,bot8,bot1,bot1,32,False
bot1,bot8,bot8,bot8,48,False
bot1,bot8,bot1,None,200,True
bot1,bot8,bot8,bot8,48,False
bot1,bot8,bot1,bot1,32,False
bot1,bot8,bot8,bot8,44,False
bot1,bot8,bot1,bot1,53,False
bot1,bot8,bot8,bot8,48,False
bot1,bot8,bot1,bot1,32,False
bot1,bot8,bot8,bot8,48,False
bot1,bot8,bot1,bot1,53,False
bot1,bot8,bot8,bot8,44,False
bot1,bot8,bot1,bot8,38,False
bot1,bot8,bot8,bot8,46,False
bot1,bot8,bot1,bot1,53,False
bot1,bot8,bot8,bot8,48,False
bot1,bot8,bot1,bot1,53,False
bot1,bot8,bot8,bot8,48,False
bot1,bot8,bot1,bot1,53,False
bot1,bot8,bot8,bot8,48,False
bot1,bot8,bot1,bot1,53,False
bot1,bot8,bot8,bot8,48,False
bot1,bot8,bot1,bot1,53,False
bot1,bot8,bot8,bot8,48,False
bot1,bot8,bot1,bot1,53,False
bot1,bot8,bot8,bot8,48,False
bot1,bot8,bot1,bot1,53,False
bot1,bot8,bot8,bot8,48,False
bot1,bot8,bot1,bot1,53,False
bot1,bot8,bot8,bot8,48,False
bot1,bot8,bot1,bot1,28,False
bot1,bot8,bot8,bot8,48,False
bot1,bot8,bot1,bot1,53,False
bot1,bot8,bot8,bot8,48,False
bot1,bot8,bot1,bot1,53,False
bot1,bot8,bot8,bot8,32,False
bot1,bot8,bot1,bot1,53,False
bot1,bot8,bot8,bot8,46,False
bot1,bot8,bot1,bot1,32,False
bot1,bot8,bot8,bot8,44,False
bot1,bot8,bot1,None,200,True
bot1,bot8,bot8,bot8,48,False
bot1,bot8,bot1,bot1,85,False
bot1,bot8,bot8,bot8,48,False
bot1,bot8,bot1,bot1,85,False
bot1,bot8,bot8,bot8,48,False
bot1,bot8,bot1,bot8,38,False
bot1,bot8,bot8,bot8,48,False
bot1,bot8,bot1,bot1,53,False
bot1,bot8,bot8,bot8,48,False
bot1,bot8,bot1,bot1,32,False
bot1,bot8,bot8,bot8,48,False
bot1,bot8,bot1,bot1,53,False
bot1,bot8,bot8,bot8,48,False
bot1,bot8,bot1,bot1,53,False
bot1,bot8,bot8,bot8,48,False
bot1,bot8,bot1,bot1,28,False
bot1,bot8,bot8,bot8,32,False
bot1,bot8,bot1,bot1,53,False
bot1,bot8,bot8,bot8,46,False
bot1,bot8,bot1,bot1,85,False
bot1,bot8,bot8,bot8,46,False
bot1,bot8,bot1,bot1,32,False
bot1,bot8,bot8,bot8,48,False
bot1,bot8,bot1,bot1,53,False
bot1,bot8,bot8,bot8,48,False
bot1,bot8,bot1,bot1,53,False
bot1,bot8,bot8,bot1,40,False
bot1,bot8,bot1,bot1,53,False
bot1,bot8,bot8,bot8,48,False
bot1,bot8,bot1,bot1,53,False
bot1,bot8,bot8,bot8,48,False
bot1,bot8,bot1,bot8,38,False
bot1,bot8,bot8,bot8,48,False
bot1,bot8,bot1,bot1,53,False
bot1,bot8,bot8,bot8,48,False
bot1,bot8,bot1,bot1,32,False
bot1,bot8,bot8,bot8,48,False
bot1,bot8,bot1,bot1,53,False
bot1,bot8,bot8,bot8,48,False
bot1,bot8,bot1,bot1,65,False
bot1,bot8,bot8,bot8,48,False
bot1,bot8,bot1,bot8,38,False
bot1,bot8,bot8,bot8,48,False
bot1,bot8,bot1,bot1,53,False
bot1,bot8,bot8,bot1,22,False
bot1,bot8,bot1,bot1,53,False
bot1,bot8,bot8,bot8,48,False
bot1,bot8,bot1,bot1,53,False
bot1,bot8,bot8,bot8,48,False
bot1,bot8,bot1,bot1,53,False
bot1,bot8,bot8,bot8,48,False
bot1,bot8,bot1,bot1,53,False
bot1,bot8,bot8,bot8,48,False
bot1,bot8,bot1,bot1,53,False
bot1,bot8,bot8,bot8,44,False
bot1,bot8,bot1,bot1,53,False
bot1,bot8,bot8,bot8,48,False
bot1,bot8,bot1,bot1,53,False
bot1,bot8,bot8,bot8,48,False
bot1,bot8,bot1,bot1,53,False
bot1,bot8,bot8,bot8,48,False
bot1,bot8,bot1,bot8,38,False
bot1,bot8,bot8,bot8,48,False
bot1,bot8,bot1,bot1,53,False
bot1,bot8,bot8,bot8,40,False
bot1,bot8,bot1,None,200,True
bot1,bot8,bot8,bot8,48,False
bot1,bot8,bot1,bot1,53,False
bot1,bot8,bot8,bot8,48,False
bot1,bot8,bot1,bot1,28,False
bot1,bot8,bot8,bot8,48,False
bot1,bot8,bot1,bot1,53,False
bot1,bot8,bot8,bot8,32,False
bot1,bot8,bot1,bot1,53,False
bot1,bot8,bot8,bot8,48,False
bot1,bot8,bot1,bot1,53,False
bot1,bot8,bot8,bot8,32,False
bot1,bot8,bot1,bot1,32,False
bot1,bot8,bot8,bot8,48,False
bot1,bot8,bot1,bot1,53,False
bot1,bot8,bot8,bot8,48,False
bot1,bot8,bot1,bot1,53,False
bot1,bot8,bot8,bot1,22,False
bot1,bot8,bot1,bot1,53,False
bot1,bot8,bot8,bot8,44,False
bot1,bot8,bot1,bot1,53,False
bot1,bot8,bot8,bot8,48,False
bot1,bot8,bot1,None,200,True
bot1,bot8,bot8,bot8,48,False
bot1,bot8,bot1,bot8,50,False
bot1,bot8,bot8,bot8,48,False
bot1,bot8,bot1,bot1,53,False
bot1,bot8,bot8,bot1,22,False
bot1,bot8,bot1,bot1,53,False
bot1,bot8,bot8,bot8,46,False
bot1,bot8,bot1,bot1,53,False
bot1,bot8,bot8,bot8,48,False
bot1,bot8,bot1,bot1,53,False
bot1,bot8,bot8,bot8,48,False
bot1,bot8,bot1,bot1,32,False
bot1,bot8,bot8,bot8,48,False
bot1,bot8,bot1,bot1,53,False
bot1,bot8,bot8,bot8,48,False
bot1,bot8,bot1,bot1,53,False
bot1,bot8,bot8,bot8,48,False
bot1,bot8,bot1,bot1,53,False
bot1,bot8,bot8,bot8,48,False
bot1,bot8,bot1,bot1,53,False
bot1,bot8,bot8,bot8,48,False
bot1,bot8,bot1,bot1,53,False
bot1,bot8,bot8,bot8,48,False
bot1,bot8,bot1,bot1,53,False
bot1,bot8,bot8,bot8,44,False
bot1,bot8,bot1,None,200,True
bot1,bot8,bot8,bot8,48,False
bot1,bot8,bot1,bot1,28,False
bot1,bot8,bot8,bot8,48,False
bot1,bot8,bot1,bot1,53,False
bot1,bot8,bot8,bot8,48,False
bot1,bot8,bot1,bot1,32,False
bot1,bot8,bot8,bot8,48,False
bot1,bot8,bot1,bot1,32,False
bot1,bot8,bot8,bot8,32,False
bot1,bot8,bot1,bot1,32,False
bot1,bot8,bot8,bot8,48,False
bot1,bot8,bot1,bot1,53,False
bot1,bot8,bot8,bot8,48,False
bot1,bot8,bot1,bot1,53,False
bot1,bot8,bot8,bot8,48,False
bot1,bot8,bot1,bot1,53,False
bot1,bot8,bot8,bot8,48,False
bot1,bot8,bot1,bot1,53,False
bot1,bot8,bot8,bot8,48,False
bot1,bot8,bot1,bot1,28,False
bot1,bot8,bot8,bot8,48,False
bot1,bot8,bot1,bot1,53,False
bot1,bot8,bot8,bot8,44,False
bot1,bot8,bot1,bot1,53,False
bot1,bot8,bot8,bot8,32,False
bot1,bot8,bot1,bot1,53,False
bot1,bot8,bot8,bot1,22,False
bot1,bot8,bot1,bot1,32,False
bot1,bot8,bot8,bot8,48,False
bot1,bot8,bot1,bot1,65,False
bot1,bot8,bot8,bot8,32,False
bot1,bot8,bot1,bot1,53,False
bot1,bot8,bot8,bot8,48,False
bot2,bot3,bot2,bot3,42,False
bot2,bot3,bot3,bot3,34,False
bot2,bot3,bot2,bot2,34,False
bot2,bot3,bot3,bot3,34,False
bot2,bot3,bot2,bot2,34,False
bot2,bot3,bot3,bot3,34,False
bot2,bot3,bot2,bot2,34,False
bot2,bot3,bot3,bot3,34,False
bot2,bot3,bot2,bot2,34,False
bot2,bot3,bot3,bot2,46,False
bot2,bot3,bot2,bot2,34,False
bot2,bot3,bot3,bot3,34,False
bot2,bot3,bot2,bot3,42,False
bot2,bot3,bot3,bot3,34,False
bot2,bot3,bot2,bot2,34,False
bot2,bot3,bot3,bot3,32,False
bot2,bot3,bot2,bot2,34,False
bot2,bot3,bot3,bot3,34,False
bot2,bot3,bot2,bot2,34,False
bot2,bot3,bot3,bot3,34,False
bot2,bot3,bot2,bot2,34,False
bot2,bot3,bot3,bot3,34,False
bot2,bot3,bot2,bot3,67,False
bot2,bot3,bot3,bot3,34,False
bot2,bot3,bot2,bot2,34,False
bot2,bot3,bot3,bot3,34,False
bot2,bot3,bot2,bot2,34,False
bot2,bot3,bot3,bot3,34,False
bot2,bot3,bot2,bot2,34,False
bot2,bot3,bot3,bot3,34,False
bot2,bot3,bot2,bot2,34,False
bot2,bot3,bot3,bot3,34,False
bot2,bot3,bot2,bot2,34,False
bot2,bot3,bot3,bot3,34,False
bot2,bot3,bot2,bot2,34,False
bot2,bot3,bot3,bot3,34,False
bot2,bot3,bot2,bot2,34,False
bot2,bot3,bot3,bot3,34,False
bot2,bot3,bot2,bot2,34,False
bot2,bot3,bot3,bot2,46,False
bot2,bot3,bot2,bot2,34,False
bot2,bot3,bot3,bot3,34,False
bot2,bot3,bot2,bot2,34,False
bot2,bot3,bot3,bot2,59,False
bot2,bot3,bot2,bot3,67,False
bot2,bot3,bot3,bot3,34,False
bot2,bot3,bot2,bot2,34,False
bot2,bot3,bot3,bot3,34,False
bot2,bot3,bot2,bot2,34,False
bot2,bot3,bot3,bot2,46,False
bot2,bot3,bot2,bot2,34,False
bot2,bot3,bot3,bot3,34,False
bot2,bot3,bot2,bot2,136,False
bot2,bot3,bot3,bot3,34,False
bot2,bot3,bot2,bot2,34,False
bot2,bot3,bot3,bot3,34,False
bot2,bot3,bot2,bot2,34,False
bot2,bot3,bot3,bot3,34,False
bot2,bot3,bot2,bot2,34,False
bot2,bot3,bot3,bot3,34,False
bot2,bot3,bot2,bot2,34,False
bot2,bot3,bot3,bot3,34,False
bot2,bot3,bot2,bot2,34,False
bot2,bot3,bot3,bot3,34,False
bot2,bot3,bot2,bot2,34,False
bot2,bot3,bot3,bot3,34,False
bot2,bot3,bot2,bot2,34,False
bot2,bot3,bot3,bot3,34,False
bot2,bot3,bot2,bot3,38,False
bot2,bot3,bot3,bot3,34,False
bot2,bot3,bot2,bot3,87,False
bot2,bot3,bot3,bot3,34,False
bot2,bot3,bot2,bot2,34,False
bot2,bot3,bot3,bot3,34,False
bot2,bot3,bot2,bot2,34,False
bot2,bot3,bot3,bot3,52,False
bot2,bot3,bot2,bot3,67,False
bot2,bot3,bot3,bot3,34,False
bot2,bot3,bot2,bot2,34,False
bot2,bot3,bot3,bot2,46,False
bot2,bot3,bot2,bot2,34,False
bot2,bot3,bot3,bot3,34,False
bot2,bot3,bot2,bot2,34,False
bot2,bot3,bot3,bot3,34,False
bot2,bot3,bot2,bot2,34,False
bot2,bot3,bot3,bot3,34,False
bot2,bot3,bot2,bot2,34,False
bot2,bot3,bot3,bot3,52,False
bot2,bot3,bot2,bot2,34,False
bot2,bot3,bot3,bot3,34,False
bot2,bot3,bot2,bot2,34,False
bot2,bot3,bot3,bot2,46,False
bot2,bot3,bot2,bot2,34,False
bot2,bot3,bot3,bot3,34,False
bot2,bot3,bot2,bot2,34,False
bot2,bot3,bot3,bot3,32,False
bot2,bot3,bot2,bot2,34,False
bot2,bot3,bot3,bot3,34,False
bot2,bot3,bot2,bot2,34,False
bot2,bot3,bot3,bot3,34,False
bot2,bot3,bot2,bot2,34,False
bot2,bot3,bot3,bot2,46,False
bot2,bot3,bot2,bot3,42,False
bot2,bot3,bot3,bot3,34,False
bot2,bot3,bot2,bot2,34,False
bot2,bot3,bot3,bot3,34,False
bot2,bot3,bot2,bot2,34,False
bot2,bot3,bot3,None,200,True
bot2,bot3,bot2,bot2,34,False
bot2,bot3,bot3,bot3,34,False
bot2,bot3,bot2,bot2,34,False
bot2,bot3,bot3,bot3,34,False
bot2,bot3,bot2,bot2,34,False
bot2,bot3,bot3,bot3,34,False
bot2,bot3,bot2,bot2,34,False
bot2,bot3,bot3,bot3,34,False
bot2,bot3,bot2,bot2,34,False
bot2,bot3,bot3,None,200,True
bot2,bot3,bot2,bot2,34,False
bot2,bot3,bot3,bot3,34,False
bot2,bot3,bot2,bot2,34,False
bot2,bot3,bot3,bot3,34,False
bot2,bot3,bot2,bot2,34,False
bot2,bot3,bot3,bot2,46,False
bot2,bot3,bot2,bot2,34,False
bot2,bot3,bot3,bot3,34,False
bot2,bot3,bot2,bot2,34,False
bot2,bot3,bot3,bot3,34,False
bot2,bot3,bot2,bot2,34,False
bot2,bot3,bot3,bot3,34,False
bot2,bot3,bot2,bot2,34,False
bot2,bot3,bot3,bot3,34,False
bot2,bot3,bot2,bot2,164,False
bot2,bot3,bot3,bot3,34,False
bot2,bot3,bot2,bot2,34,False
bot2,bot3,bot3,bot3,34,False
bot2,bot3,bot2,bot2,34,False
bot2,bot3,bot3,bot3,34,False
bot2,bot3,bot2,bot2,34,False
bot2,bot3,bot3,bot3,34,False
bot2,bot3,bot2,bot2,34,False
bot2,bot3,bot3,bot3,34,False
bot2,bot3,bot2,bot2,34,False
bot2,bot3,bot3,bot3,34,False
bot2,bot3,bot2,bot2,34,False
bot2,bot3,bot3,bot3,34,False
bot2,bot3,bot2,bot2,34,False
bot2,bot3,bot3,bot3,34,False
bot2,bot3,bot2,bot3,42,False
bot2,bot3,bot3,bot3,34,False
bot2,bot3,bot2,bot2,34,False
bot2,bot3,bot3,bot3,34,False
bot2,bot3,bot2,bot3,63,False
bot2,bot3,bot3,bot3,34,False
bot2,bot3,bot2,bot2,34,False
bot2,bot3,bot3,bot3,34,False
bot2,bot3,bot2,bot2,34,False
bot2,bot3,bot3,bot3,32,False
bot2,bot3,bot2,bot2,34,False
bot2,bot3,bot3,bot3,34,False
bot2,bot3,bot2,bot2,34,False
bot2,bot3,bot3,bot3,52,False
bot2,bot3,bot2,bot2,34,False
bot2,bot3,bot3,bot3,34,False
bot2,bot3,bot2,bot2,34,False
bot2,bot3,bot3,bot3,34,False
bot2,bot3,bot2,bot2,34,False
bot2,bot3,bot3,bot3,34,False
bot2,bot3,bot2,bot2,34,False
bot2,bot3,bot3,None,200,True
bot2,bot3,bot2,bot2,34,False
bot2,bot3,bot3,bot3,34,False
bot2,bot3,bot2,bot2,34,False
bot2,bot3,bot3,bot3,34,False
bot2,bot3,bot2,bot3,42,False
bot2,bot3,bot3,bot3,34,False
bot2,bot3,bot2,bot2,34,False
bot2,bot3,bot3,bot3,34,False
bot2,bot3,bot2,bot2,34,False
bot2,bot3,bot3,bot3,34,False
bot2,bot3,bot2,bot2,34,False
bot2,bot3,bot3,bot3,34,False
bot2,bot3,bot2,bot2,34,False
bot2,bot3,bot3,bot3,34,False
bot2,bot3,bot2,bot2,34,False
bot2,bot3,bot3,None,200,True
bot2,bot3,bot2,bot3,42,False
bot2,bot3,bot3,bot3,34,False
bot2,bot3,bot2,bot2,34,False
bot2,bot3,bot3,bot3,34,False
bot2,bot3,bot2,bot2,34,False
bot2,bot3,bot3,bot3,34,False
bot2,bot3,bot2,bot2,34,False
bot2,bot3,bot3,bot3,34,False
bot2,bot3,bot2,bot2,34,False
bot2,bot3,bot3,bot2,59,False
bot2,bot3,bot2,bot2,34,False
bot2,bot3,bot3,bot3,34,False
bot2,bot3,bot2,bot2,34,False
bot2,bot3,bot3,bot3,34,False
bot2,bot3,bot2,bot2,34,False
bot2,bot3,bot3,bot3,34,False
bot2,bot3,bot2,bot2,34,False
bot2,bot3,bot3,bot3,34,False
bot2,bot3,bot2,bot2,34,False
bot2,bot3,bot3,bot3,34,False
bot2,bot3,bot2,bot3,67,False
bot2,bot3,bot3,bot3,34,False
bot2,bot3,bot2,bot2,34,False
bot2,bot3,bot3,bot3,34,False
bot2,bot3,bot2,bot2,34,False
bot2,bot3,bot3,bot3,34,False
bot2,bot3,bot2,bot2,34,False
bot2,bot3,bot3,bot3,34,False
bot2,bot3,bot2,bot2,34,False
bot2,bot3,bot3,bot3,34,False
bot2,bot3,bot2,bot2,34,False
bot2,bot3,bot3,bot3,34,False
bot2,bot3,bot2,bot3,42,False
bot2,bot3,bot3,bot3,34,False
bot2,bot3,bot2,bot2,34,False
bot2,bot3,bot3,bot3,34,False
bot2,bot3,bot2,bot2,34,False
bot2,bot3,bot3,bot3,34,False
bot2,bot3,bot2,bot3,67,False
bot2,bot3,bot3,bot3,34,False
bot2,bot3,bot2,bot2,34,False
bot2,bot3,bot3,bot3,34,False
bot2,bot3,bot2,bot2,34,False
bot2,bot3,bot3,bot3,34,False
bot2,bot3,bot2,bot2,34,False
bot2,bot3,bot3,bot3,34,False
bot2,bot3,bot2,bot2,34,False
bot2,bot3,bot3,bot3,34,False
bot2,bot3,bot2,bot2,34,False
bot2,bot3,bot3,bot3,34,False
bot2,bot3,bot2,bot2,34,False
bot2,bot3,bot3,bot2,50,False
bot2,bot3,bot2,bot2,34,False
bot2,bot3,bot3,bot3,34,False
bot2,bot3,bot2,bot2,34,False
bot2,bot3,bot3,bot3,34,False
bot2,bot3,bot2,bot2,34,False
bot2,bot3,bot3,bot3,34,False
bot2,bot3,bot2,bot2,34,False
bot2,bot3,bot3,bot3,34,False
bot2,bot3,bot2,bot2,34,False
bot2,bot3,bot3,bot3,34,False
bot2,bot3,bot2,bot2,34,False
bot2,bot3,bot3,bot3,34,False
bot2,bot3,bot2,bot2,34,False
bot2,bot3,bot3,bot3,34,False
bot2,bot3,bot2,bot2,34,False
bot2,bot3,bot3,bot3,34,False
bot2,bot3,bot2,bot2,34,False
bot2,bot3,bot3,bot3,34,False
bot2,bot3,bot2,bot2,34,False
bot2,bot3,bot3,bot3,34,False
bot2,bot3,bot2,bot2,34,False
bot2,bot3,bot3,bot3,34,False
bot2,bot3,bot2,bot2,34,False
bot2,bot3,bot3,bot3,34,False
bot2,bot3,bot2,bot3,42,False
bot2,bot3,bot3,bot3,34,False
bot2,bot3,bot2,bot2,34,False
bot2,bot3,bot3,bot3,34,False
bot2,bot3,bot2,bot2,34,False
bot2,bot3,bot3,bot2,46,False
bot2,bot3,bot2,bot2,34,False
bot2,bot3,bot3,bot3,34,False
bot2,bot3,bot2,bot2,34,False
bot2,bot3,bot3,bot2,46,False
bot2,bot3,bot2,bot2,34,False
bot2,bot3,bot3,bot3,34,False
bot2,bot3,bot2,bot2,34,False
bot2,bot3,bot3,bot3,34,False
bot2,bot3,bot2,bot2,34,False
bot2,bot3,bot3,bot3,34,False
bot2,bot3,bot2,bot2,34,False
bot2,bot3,bot3,bot3,34,False
bot2,bot3,bot2,bot2,34,False
bot2,bot3,bot3,bot3,34,False
bot2,bot3,bot2,bot2,34,False
bot2,bot3,bot3,bot3,34,False
bot2,bot3,bot2,bot2,34,False
bot2,bot3,bot3,bot3,34,False
bot2,bot3,bot2,bot2,34,False
bot2,bot3,bot3,bot2,46,False
bot2,bot3,bot2,bot2,34,False
bot2,bot3,bot3,bot3,34,False
bot2,bot3,bot2,bot2,34,False
bot2,bot3,bot3,bot3,34,False
bot2,bot3,bot2,bot2,34,False
bot2,bot3,bot3,bot3,34,False
bot2,bot3,bot2,bot2,34,False
bot2,bot3,bot3,bot3,34,False
bot2,bot3,bot2,bot2,34,False
bot2,bot3,bot3,bot3,34,False
bot2,bot3,bot2,bot2,34,False
bot2,bot3,bot3,bot3,34,False
bot2,bot4,bot2,bot2,44,False
bot2,bot4,bot4,bot4,69,False
bot2,bot4,bot2,bot2,44,False
bot2,bot4,bot4,bot4,69,False
bot2,bot4,bot2,bot2,44,False
bot2,bot4,bot4,bot4,76,False
bot2,bot4,bot2,bot2,44,False
bot2,bot4,bot4,bot4,69,False
bot2,bot4,bot2,bot4,27,False
bot2,bot4,bot4,bot4,128,False
bot2,bot4,bot2,bot2,44,False
bot2,bot4,bot4,bot4,69,False
bot2,bot4,bot2,bot2,40,False
bot2,bot4,bot4,bot2,46,False
bot2,bot4,bot2,bot2,44,False
bot2,bot4,bot4,None,200,True
bot2,bot4,bot2,bot2,44,False
bot2,bot4,bot4,bot4,69,False
bot2,bot4,bot2,bot2,44,False
bot2,bot4,bot4,bot2,46,False
bot2,bot4,bot2,bot2,44,False
bot2,bot4,bot4,bot4,69,False
bot2,bot4,bot2,bot2,44,False
bot2,bot4,bot4,bot4,69,False
bot2,bot4,bot2,bot2,44,False
bot2,bot4,bot4,bot4,69,False
bot2,bot4,bot2,bot2,44,False
bot2,bot4,bot4,bot4,92,False
bot2,bot4,bot2,bot2,44,False
bot2,bot4,bot4,bot4,48,False
bot2,bot4,bot2,bot2,48,False
bot2,bot4,bot4,bot4,69,False
bot2,bot4,bot2,bot2,44,False
bot2,bot4,bot4,bot4,69,False
bot2,bot4,bot2,bot2,44,False
bot2,bot4,bot4,bot4,69,False
bot2,bot4,bot2,bot4,38,False
bot2,bot4,bot4,bot4,53,False
bot2,bot4,bot2,bot2,44,False
bot2,bot4,bot4,bot2,46,False
bot2,bot4,bot2,bot2,44,False
bot2,bot4,bot4,bot4,69,False
bot2,bot4,bot2,bot4,27,False
bot2,bot4,bot4,bot4,69,False
bot2,bot4,bot2,bot2,44,False
bot2,bot4,bot4,bot4,69,False
bot2,bot4,bot2,bot2,76,False
bot2,bot4,bot4,bot4,69,False
bot2,bot4,bot2,bot2,44,False
bot2,bot4,bot4,bot4,69,False
bot2,bot4,bot2,bot2,76,False
bot2,bot4,bot4,bot4,69,False
bot2,bot4,bot2,bot2,44,False
bot2,bot4,bot4,bot4,32,False
bot2,bot4,bot2,bot2,44,False
bot2,bot4,bot4,bot4,69,False
bot2,bot4,bot2,bot2,44,False
bot2,bot4,bot4,bot4,69,False
bot2,bot4,bot2,bot2,44,False
bot2,bot4,bot4,bot4,32,False
bot2,bot4,bot2,bot2,44,False
bot2,bot4,bot4,bot4,69,False
bot2,bot4,bot2,bot2,44,False
bot2,bot4,bot4,bot4,76,False
bot2,bot4,bot2,bot2,40,False
bot2,bot4,bot4,bot4,69,False
bot2,bot4,bot2,bot4,27,False
bot2,bot4,bot4,bot4,48,False
bot2,bot4,bot2,bot2,28,False
bot2,bot4,bot4,bot4,53,False
bot2,bot4,bot2,bot2,44,False
bot2,bot4,bot4,bot4,69,False
bot2,bot4,bot2,bot2,44,False
bot2,bot4,bot4,bot4,69,False
bot2,bot4,bot2,bot2,44,False
bot2,bot4,bot4,bot4,69,False
bot2,bot4,bot2,bot2,44,False
bot2,bot4,bot4,bot4,69,False
bot2,bot4,bot2,bot2,44,False
bot2,bot4,bot4,bot4,48,False
bot2,bot4,bot2,bot2,44,False
bot2,bot4,bot4,bot4,69,False
bot2,bot4,bot2,bot2,44,False
bot2,bot4,bot4,bot4,69,False
bot2,bot4,bot2,bot2,44,False
bot2,bot4,bot4,bot4,53,False
bot2,bot4,bot2,bot2,44,False
bot2,bot4,bot4,bot4,69,False
bot2,bot4,bot2,bot2,44,False
bot2,bot4,bot4,bot4,69,False
bot2,bot4,bot2,bot2,44,False
bot2,bot4,bot4,bot2,132,False
bot2,bot4,bot2,bot4,76,False
bot2,bot4,bot4,None,200,True
bot2,bot4,bot2,bot2,44,False
bot2,bot4,bot4,bot4,69,False
bot2,bot4,bot2,bot2,40,False
bot2,bot4,bot4,bot4,69,False
bot2,bot4,bot2,bot2,44,False
bot2,bot4,bot4,bot4,92,False
bot2,bot4,bot2,bot2,44,False
bot2,bot4,bot4,bot2,144,False
bot2,bot4,bot2,bot4,47,False
bot2,bot4,bot4,bot4,69,False
bot2,bot4,bot2,bot2,44,False
bot2,bot4,bot4,bot4,53,False
bot2,bot4,bot2,bot2,44,False
bot2,bot4,bot4,bot4,69,False
bot2,bot4,bot2,bot2,44,False
bot2,bot4,bot4,bot4,32,False
bot2,bot4,bot2,bot2,44,False
bot2,bot4,bot4,bot4,69,False
bot2,bot4,bot2,bot2,44,False
bot2,bot4,bot4,bot4,48,False
bot2,bot4,bot2,bot2,44,False
bot2,bot4,bot4,bot4,69,False
bot2,bot4,bot2,bot2,44,False
bot2,bot4,bot4,bot2,144,False
bot2,bot4,bot2,bot2,38,False
bot2,bot4,bot4,bot4,69,False
bot2,bot4,bot2,bot4,38,False
bot2,bot4,bot4,bot2,46,False
bot2,bot4,bot2,bot2,44,False
bot2,bot4,bot4,None,200,True
bot2,bot4,bot2,bot4,38,False
bot2,bot4,bot4,bot4,69,False
bot2,bot4,bot2,bot2,44,False
bot2,bot4,bot4,bot4,69,False
bot2,bot4,bot2,bot2,44,False
bot2,bot4,bot4,bot4,69,False
bot2,bot4,bot2,bot2,44,False
bot2,bot4,bot4,bot4,69,False
bot2,bot4,bot2,bot2,44,False
bot2,bot4,bot4,bot4,69,False
bot2,bot4,bot2,bot2,44,False
bot2,bot4,bot4,bot4,69,False
bot2,bot4,bot2,bot2,44,False
bot2,bot4,bot4,bot4,69,False
bot2,bot4,bot2,bot2,76,False
bot2,bot4,bot4,bot4,92,False
bot2,bot4,bot2,bot2,44,False
bot2,bot4,bot4,bot4,69,False
bot2,bot4,bot2,bot2,40,False
bot2,bot4,bot4,bot4,69,False
bot2,bot4,bot2,bot4,27,False
bot2,bot4,bot4,bot4,69,False
bot2,bot4,bot2,bot2,44,False
bot2,bot4,bot4,None,200,True
bot2,bot4,bot2,bot2,44,False
bot2,bot4,bot4,bot2,46,False
bot2,bot4,bot2,bot4,27,False
bot2,bot4,bot4,None,200,True
bot2,bot4,bot2,bot2,44,False
bot2,bot4,bot4,bot4,69,False
bot2,bot4,bot2,bot2,44,False
bot2,bot4,bot4,bot4,69,False
bot2,bot4,bot2,bot2,44,False
bot2,bot4,bot4,bot4,69,False
bot2,bot4,bot2,bot2,44,False
bot2,bot4,bot4,bot4,69,False
bot2,bot4,bot2,bot2,44,False
bot2,bot4,bot4,bot4,69,False
bot2,bot4,bot2,bot2,44,False
bot2,bot4,bot4,bot2,46,False
bot2,bot4,bot2,bot2,28,False
bot2,bot4,bot4,bot4,69,False
bot2,bot4,bot2,bot2,44,False
bot2,bot4,bot4,bot4,32,False
bot2,bot4,bot2,bot2,28,False
bot2,bot4,bot4,bot2,127,False
bot2,bot4,bot2,bot2,44,False
bot2,bot4,bot4,bot4,69,False
bot2,bot4,bot2,bot2,44,False
bot2,bot4,bot4,bot4,69,False
bot2,bot4,bot2,bot2,44,False
bot2,bot4,bot4,bot4,69,False
bot2,bot4,bot2,bot2,44,False
bot2,bot4,bot4,bot4,69,False
bot2,bot4,bot2,bot2,44,False
bot2,bot4,bot4,bot4,92,False
bot2,bot4,bot2,bot2,44,False
bot2,bot4,bot4,bot4,69,False
bot2,bot4,bot2,bot2,44,False
bot2,bot4,bot4,bot4,69,False
bot2,bot4,bot2,bot2,44,False
bot2,bot4,bot4,bot4,76,False
bot2,bot4,bot2,bot2,44,False
bot2,bot4,bot4,bot4,69,False
bot2,bot4,bot2,bot2,44,False
bot2,bot4,bot4,bot4,69,False
bot2,bot4,bot2,bot2,44,False
bot2,bot4,bot4,bot4,69,False
bot2,bot4,bot2,bot2,44,False
bot2,bot4,bot4,bot4,69,False
bot2,bot4,bot2,bot2,44,False
bot2,bot4,bot4,bot4,69,False
bot2,bot4,bot2,bot2,44,False
bot2,bot4,bot4,bot4,69,False
bot2,bot4,bot2,bot2,44,False
bot2,bot4,bot4,bot4,69,False
bot2,bot4,bot2,bot2,44,False
bot2,bot4,bot4,bot4,32,False
bot2,bot4,bot2,bot2,44,False
bot2,bot4,bot4,bot4,69,False
bot2,bot4,bot2,bot4,67,False
bot2,bot4,bot4,bot4,69,False
bot2,bot4,bot2,bot2,44,False
bot2,bot4,bot4,bot4,69,False
bot2,bot4,bot2,bot2,44,False
bot2,bot4,bot4,bot4,32,False
bot2,bot4,bot2,bot4,38,False
bot2,bot4,bot4,bot4,76,False
bot2,bot4,bot2,bot2,44,False
bot2,bot4,bot4,bot4,69,False
bot2,bot4,bot2,bot2,44,False
bot2,bot4,bot4,bot4,48,False
bot2,bot4,bot2,bot2,44,False
bot2,bot4,bot4,bot4,69,False
bot2,bot4,bot2,bot2,28,False
bot2,bot4,bot4,bot2,46,False
bot2,bot4,bot2,bot2,44,False
bot2,bot4,bot4,bot2,46,False
bot2,bot4,bot2,bot2,44,False
bot2,bot4,bot4,bot4,32,False
bot2,bot4,bot2,bot2,44,False
bot2,bot4,bot4,bot4,69,False
bot2,bot4,bot2,bot4,38,False
bot2,bot4,bot4,bot4,69,False
bot2,bot4,bot2,bot2,44,False
bot2,bot4,bot4,bot4,48,False
bot2,bot4,bot2,bot2,44,False
bot2,bot4,bot4,bot4,69,False
bot2,bot4,bot2,bot2,44,False
bot2,bot4,bot4,bot4,69,False
bot2,bot4,bot2,bot2,44,False
bot2,bot4,bot4,bot4,69,False
bot2,bot4,bot2,bot2,44,False
bot2,bot4,bot4,bot4,48,False
bot2,bot4,bot2,bot2,44,False
bot2,bot4,bot4,bot4,69,False
bot2,bot4,bot2,bot2,44,False
bot2,bot4,bot4,bot4,69,False
bot2,bot4,bot2,bot2,44,False
bot2,bot4,bot4,bot4,69,False
bot2,bot4,bot2,bot2,44,False
bot2,bot4,bot4,bot4,53,False
bot2,bot4,bot2,bot2,44,False
bot2,bot4,bot4,bot4,48,False
bot2,bot4,bot2,bot2,44,False
bot2,bot4,bot4,bot4,69,False
bot2,bot4,bot2,bot2,44,False
bot2,bot4,bot4,bot4,69,False
bot2,bot4,bot2,bot2,44,False
bot2,bot4,bot4,bot4,69,False
bot2,bot4,bot2,bot2,44,False
bot2,bot4,bot4,bot4,53,False
bot2,bot4,bot2,bot2,44,False
bot2,bot4,bot4,bot4,32,False
bot2,bot4,bot2,bot2,44,False
bot2,bot4,bot4,bot4,69,False
bot2,bot4,bot2,bot2,44,False
bot2,bot4,bot4,bot4,32,False
bot2,bot4,bot2,bot4,47,False
bot2,bot4,bot4,bot4,53,False
bot2,bot4,bot2,bot2,44,False
bot2,bot4,bot4,bot4,69,False
bot2,bot4,bot2,bot2,44,False
bot2,bot4,bot4,bot4,69,False
bot2,bot4,bot2,bot2,28,False
bot2,bot4,bot4,bot4,53,False
bot2,bot4,bot2,bot2,76,False
bot2,bot4,bot4,bot4,69,False
bot2,bot4,bot2,bot2,44,False
bot2,bot4,bot4,bot4,69,False
bot2,bot4,bot2,bot2,44,False
bot2,bot4,bot4,bot4,76,False
bot2,bot4,bot2,bot2,44,False
bot2,bot4,bot4,bot4,69,False
bot2,bot4,bot2,bot2,28,False
bot2,bot4,bot4,bot4,32,False
bot2,bot4,bot2,bot2,28,False
bot2,bot4,bot4,bot4,69,False
bot2,bot4,bot2,bot2,44,False
bot2,bot4,bot4,bot4,69,False
bot2,bot4,bot2,bot4,38,False
bot2,bot4,bot4,bot4,53,False
bot2,bot4,bot2,bot2,44,False
bot2,bot4,bot4,bot2,46,False
bot2,bot4,bot2,bot2,76,False
bot2,bot4,bot4,bot4,69,False
bot2,bot4,bot2,bot2,44,False
bot2,bot4,bot4,bot4,69,False
bot2,bot4,bot2,bot2,76,False
bot2,bot4,bot4,bot4,69,False
bot2,bot4,bot2,bot4,27,False
bot2,bot4,bot4,bot4,69,False
bot2,bot4,bot2,bot2,44,False
bot2,bot4,bot4,bot2,118,False
bot2,bot4,bot2,bot2,44,False
bot2,bot4,bot4,bot4,69,False
bot2,bot5,bot2,bot5,27,False
bot2,bot5,bot5,bot5,61,False
bot2,bot5,bot2,bot5,27,False
bot2,bot5,bot5,bot5,61,False
bot2,bot5,bot2,bot5,27,False
bot2,bot5,bot5,bot2,76,False
bot2,bot5,bot2,bot5,27,False
bot2,bot5,bot5,bot5,61,False
bot2,bot5,bot2,bot2,40,False
bot2,bot5,bot5,bot5,61,False
bot2,bot5,bot2,bot5,27,False
bot2,bot5,bot5,bot5,61,False
bot2,bot5,bot2,bot5,27,False
bot2,bot5,bot5,bot5,61,False
bot2,bot5,bot2,bot2,40,False
bot2,bot5,bot5,None,200,True
bot2,bot5,bot2,bot5,27,False
bot2,bot5,bot5,bot5,32,False
bot2,bot5,bot2,bot5,27,False
bot2,bot5,bot5,bot5,61,False
bot2,bot5,bot2,bot5,27,False
bot2,bot5,bot5,bot5,61,False
bot2,bot5,bot2,bot5,27,False
bot2,bot5,bot5,bot5,61,False
bot2,bot5,bot2,bot5,27,False
bot2,bot5,bot5,bot2,166,False
bot2,bot5,bot2,bot5,27,False
bot2,bot5,bot5,None,200,True
bot2,bot5,bot2,bot5,27,False
bot2,bot5,bot5,bot5,73,False
bot2,bot5,bot2,bot5,27,False
bot2,bot5,bot5,bot2,118,False
bot2,bot5,bot2,bot5,27,False
bot2,bot5,bot5,bot5,61,False
bot2,bot5,bot2,bot5,27,False
bot2,bot5,bot5,bot5,32,False
bot2,bot5,bot2,bot5,27,False
bot2,bot5,bot5,bot5,121,False
bot2,bot5,bot2,bot5,27,False
bot2,bot5,bot5,bot5,61,False
bot2,bot5,bot2,bot5,27,False
bot2,bot5,bot5,bot5,61,False
bot2,bot5,bot2,bot5,27,False
bot2,bot5,bot5,bot2,147,False
bot2,bot5,bot2,bot5,27,False
bot2,bot5,bot5,bot5,61,False
bot2,bot5,bot2,bot5,27,False
bot2,bot5,bot5,bot5,88,False
bot2,bot5,bot2,bot5,27,False
bot2,bot5,bot5,bot5,61,False
bot2,bot5,bot2,bot5,27,False
bot2,bot5,bot5,bot2,103,False
bot2,bot5,bot2,bot5,27,False
bot2,bot5,bot5,bot2,76,False
bot2,bot5,bot2,bot5,27,False
bot2,bot5,bot5,bot5,61,False
bot2,bot5,bot2,bot2,28,False
bot2,bot5,bot5,bot2,76,False
bot2,bot5,bot2,bot5,27,False
bot2,bot5,bot5,bot5,61,False
bot2,bot5,bot2,bot5,27,False
bot2,bot5,bot5,bot5,61,False
bot2,bot5,bot2,bot5,27,False
bot2,bot5,bot5,bot5,61,False
bot2,bot5,bot2,bot5,27,False
bot2,bot5,bot5,bot5,118,False
bot2,bot5,bot2,bot5,27,False
bot2,bot5,bot5,bot5,61,False
bot2,bot5,bot2,bot5,27,False
bot2,bot5,bot5,bot5,61,False
bot2,bot5,bot2,bot5,27,False
bot2,bot5,bot5,bot5,61,False
bot2,bot5,bot2,bot5,27,False
bot2,bot5,bot5,bot5,118,False
bot2,bot5,bot2,bot5,27,False
bot2,bot5,bot5,bot5,61,False
bot2,bot5,bot2,bot5,27,False
bot2,bot5,bot5,bot5,61,False
bot2,bot5,bot2,bot5,27,False
bot2,bot5,bot5,bot5,61,False
bot2,bot5,bot2,bot5,27,False
bot2,bot5,bot5,None,200,True
bot2,bot5,bot2,bot5,27,False
bot2,bot5,bot5,bot5,61,False
bot2,bot5,bot2,bot5,27,False
bot2,bot5,bot5,bot5,61,False
bot2,bot5,bot2,bot5,27,False
bot2,bot5,bot5,bot5,32,False
bot2,bot5,bot2,bot5,27,False
bot2,bot5,bot5,None,200,True
bot2,bot5,bot2,bot5,27,False
bot2,bot5,bot5,bot5,61,False
bot2,bot5,bot2,bot5,27,False
bot2,bot5,bot5,bot5,61,False
bot2,bot5,bot2,bot5,27,False
bot2,bot5,bot5,bot5,61,False
bot2,bot5,bot2,bot5,27,False
bot2,bot5,bot5,bot5,61,False
bot2,bot5,bot2,bot5,27,False
bot2,bot5,bot5,bot5,61,False
bot2,bot5,bot2,bot2,40,False
bot2,bot5,bot5,bot5,61,False
bot2,bot5,bot2,bot5,27,False
bot2,bot5,bot5,bot2,91,False
bot2,bot5,bot2,bot5,27,False
bot2,bot5,bot5,bot2,91,False
bot2,bot5,bot2,bot2,40,False
bot2,bot5,bot5,bot5,61,False
bot2,bot5,bot2,bot5,27,False
bot2,bot5,bot5,bot5,61,False
bot2,bot5,bot2,bot5,27,False
bot2,bot5,bot5,bot5,61,False
bot2,bot5,bot2,bot5,27,False
bot2,bot5,bot5,bot5,61,False
bot2,bot5,bot2,bot5,27,False
bot2,bot5,bot5,bot5,61,False
bot2,bot5,bot2,bot5,27,False
bot2,bot5,bot5,None,200,True
bot2,bot5,bot2,bot5,27,False
bot2,bot5,bot5,bot5,104,False
bot2,bot5,bot2,bot5,27,False
bot2,bot5,bot5,bot5,61,False
bot2,bot5,bot2,bot5,27,False
bot2,bot5,bot5,bot5,61,False
bot2,bot5,bot2,bot5,27,False
bot2,bot5,bot5,bot5,61,False
bot2,bot5,bot2,bot5,27,False
bot2,bot5,bot5,bot5,61,False
bot2,bot5,bot2,bot5,27,False
bot2,bot5,bot5,bot5,32,False
bot2,bot5,bot2,bot5,27,False
bot2,bot5,bot5,bot5,61,False
bot2,bot5,bot2,bot5,27,False
bot2,bot5,bot5,bot5,61,False
bot2,bot5,bot2,bot5,27,False
bot2,bot5,bot5,bot5,77,False
bot2,bot5,bot2,bot5,27,False
bot2,bot5,bot5,bot5,118,False
bot2,bot5,bot2,bot5,27,False
bot2,bot5,bot5,bot2,55,False
bot2,bot5,bot2,bot2,32,False
bot2,bot5,bot5,bot5,32,False
bot2,bot5,bot2,bot5,27,False
bot2,bot5,bot5,bot5,61,False
bot2,bot5,bot2,bot5,27,False
bot2,bot5,bot5,bot5,61,False
bot2,bot5,bot2,bot5,27,False
bot2,bot5,bot5,bot2,76,False
bot2,bot5,bot2,bot5,27,False
bot2,bot5,bot5,bot5,32,False
bot2,bot5,bot2,bot5,27,False
bot2,bot5,bot5,bot5,61,False
bot2,bot5,bot2,bot2,40,False
bot2,bot5,bot5,bot2,94,False
bot2,bot5,bot2,bot5,27,False
bot2,bot5,bot5,bot5,61,False
bot2,bot5,bot2,bot5,27,False
bot2,bot5,bot5,bot5,61,False
bot2,bot5,bot2,bot5,27,False
bot2,bot5,bot5,bot5,61,False
bot2,bot5,bot2,bot5,27,False
bot2,bot5,bot5,bot2,76,False
bot2,bot5,bot2,bot2,28,False
bot2,bot5,bot5,bot5,61,False
bot2,bot5,bot2,bot5,27,False
bot2,bot5,bot5,bot5,61,False
bot2,bot5,bot2,bot5,27,False
bot2,bot5,bot5,bot5,61,False
bot2,bot5,bot2,bot5,27,False
bot2,bot5,bot5,None,200,True
bot2,bot5,bot2,bot5,27,False
bot2,bot5,bot5,bot2,146,False
bot2,bot5,bot2,bot5,27,False
bot2,bot5,bot5,bot5,61,False
bot2,bot5,bot2,bot5,27,False
bot2,bot5,bot5,bot5,61,False
bot2,bot5,bot2,bot5,27,False
bot2,bot5,bot5,None,200,True
bot2,bot5,bot2,bot5,27,False
bot2,bot5,bot5,bot5,61,False
bot2,bot5,bot2,bot2,28,False
bot2,bot5,bot5,bot5,61,False
bot2,bot5,bot2,bot5,27,False
bot2,bot5,bot5,bot5,61,False
bot2,bot5,bot2,bot5,27,False
bot2,bot5,bot5,bot5,61,False
bot2,bot5,bot2,bot5,27,False
bot2,bot5,bot5,bot5,61,False
bot2,bot5,bot2,bot5,27,False
bot2,bot5,bot5,bot5,61,False
bot2,bot5,bot2,bot5,38,False
bot2,bot5,bot5,bot5,61,False
bot2,bot5,bot2,bot5,27,False
bot2,bot5,bot5,bot5,61,False
bot2,bot5,bot2,bot5,27,False
bot2,bot5,bot5,bot5,61,False
bot2,bot5,bot2,bot5,27,False
bot2,bot5,bot5,bot5,61,False
bot2,bot5,bot2,bot5,27,False
bot2,bot5,bot5,bot5,61,False
bot2,bot5,bot2,bot5,27,False
bot2,bot5,bot5,bot5,61,False
bot2,bot5,bot2,bot5,27,False
bot2,bot5,bot5,bot5,61,False
bot2,bot5,bot2,bot5,27,False
bot2,bot5,bot5,bot5,44,False
bot2,bot5,bot2,bot5,27,False
bot2,bot5,bot5,bot2,171,False
bot2,bot5,bot2,bot5,27,False
bot2,bot5,bot5,bot5,118,False
bot2,bot5,bot2,bot5,27,False
bot2,bot5,bot5,bot5,69,False
bot2,bot5,bot2,bot5,27,False
bot2,bot5,bot5,bot5,61,False
bot2,bot5,bot2,bot5,27,False
bot2,bot5,bot5,bot5,61,False
bot2,bot5,bot2,bot5,27,False
bot2,bot5,bot5,bot5,61,False
bot2,bot5,bot2,bot5,27,False
bot2,bot5,bot5,bot5,61,False
bot2,bot5,bot2,bot5,27,False
bot2,bot5,bot5,bot5,61,False
bot2,bot5,bot2,bot5,27,False
bot2,bot5,bot5,bot5,61,False
bot2,bot5,bot2,bot5,27,False
bot2,bot5,bot5,bot5,69,False
bot2,bot5,bot2,bot5,27,False
bot2,bot5,bot5,bot5,61,False
bot2,bot5,bot2,bot5,27,False
bot2,bot5,bot5,bot2,130,False
bot2,bot5,bot2,bot5,27,False
bot2,bot5,bot5,bot2,184,False
bot2,bot5,bot2,bot5,27,False
bot2,bot5,bot5,bot5,61,False
bot2,bot5,bot2,bot5,27,False
bot2,bot5,bot5,bot5,61,False
bot2,bot5,bot2,bot5,27,False
bot2,bot5,bot5,None,200,True
bot2,bot5,bot2,bot5,27,False
bot2,bot5,bot5,bot5,61,False
bot2,bot5,bot2,bot5,27,False
bot2,bot5,bot5,None,200,True
bot2,bot5,bot2,bot5,27,False
bot2,bot5,bot5,bot5,32,False
bot2,bot5,bot2,bot5,27,False
bot2,bot5,bot5,bot5,61,False
bot2,bot5,bot2,bot5,27,False
bot2,bot5,bot5,bot5,61,False
bot2,bot5,bot2,bot5,27,False
bot2,bot5,bot5,bot2,144,False
bot2,bot5,bot2,bot5,27,False
bot2,bot5,bot5,bot5,61,False
bot2,bot5,bot2,bot5,27,False
bot2,bot5,bot5,bot5,69,False
bot2,bot5,bot2,bot5,27,False
bot2,bot5,bot5,bot5,118,False
bot2,bot5,bot2,bot5,27,False
bot2,bot5,bot5,bot2,76,False
bot2,bot5,bot2,bot5,27,False
bot2,bot5,bot5,bot2,171,False
bot2,bot5,bot2,bot5,27,False
bot2,bot5,bot5,bot5,61,False
bot2,bot5,bot2,bot5,27,False
bot2,bot5,bot5,bot5,69,False
bot2,bot5,bot2,bot5,27,False
bot2,bot5,bot5,bot5,61,False
bot2,bot5,bot2,bot5,27,False
bot2,bot5,bot5,bot5,32,False
bot2,bot5,bot2,bot2,44,False
bot2,bot5,bot5,bot5,61,False
bot2,bot5,bot2,bot5,27,False
bot2,bot5,bot5,bot5,61,False
bot2,bot5,bot2,bot5,27,False
bot2,bot5,bot5,bot2,110,False
bot2,bot5,bot2,bot2,32,False
bot2,bot5,bot5,bot5,61,False
bot2,bot5,bot2,bot2,28,False
bot2,bot5,bot5,bot5,61,False
bot2,bot5,bot2,bot5,27,False
bot2,bot5,bot5,bot5,61,False
bot2,bot5,bot2,bot5,27,False
bot2,bot5,bot5,bot5,61,False
bot2,bot5,bot2,bot5,27,False
bot2,bot5,bot5,bot5,69,False
bot2,bot5,bot2,bot5,27,False
bot2,bot5,bot5,bot5,61,False
bot2,bot5,bot2,bot5,27,False
bot2,bot5,bot5,bot5,61,False
bot2,bot5,bot2,bot5,27,False
bot2,bot5,bot5,bot5,61,False
bot2,bot5,bot2,bot5,27,False
bot2,bot5,bot5,bot2,78,False
bot2,bot5,bot2,bot5,27,False
bot2,bot5,bot5,bot5,61,False
bot2,bot5,bot2,bot5,27,False
bot2,bot5,bot5,bot5,61,False
bot2,bot5,bot2,bot5,27,False
bot2,bot5,bot5,bot5,32,False
bot2,bot5,bot2,bot5,27,False
bot2,bot5,bot5,bot5,61,False
bot2,bot6,bot2,bot6,27,False
bot2,bot6,bot6,bot2,42,False
bot2,bot6,bot2,bot6,27,False
bot2,bot6,bot6,bot2,42,False
bot2,bot6,bot2,bot6,27,False
bot2,bot6,bot6,bot2,62,False
bot2,bot6,bot2,bot6,27,False
bot2,bot6,bot6,bot2,42,False
bot2,bot6,bot2,bot6,27,False
bot2,bot6,bot6,bot2,42,False
bot2,bot6,bot2,bot6,27,False
bot2,bot6,bot6,bot6,60,False
bot2,bot6,bot2,bot6,24,False
bot2,bot6,bot6,bot2,46,False
bot2,bot6,bot2,bot6,27,False
bot2,bot6,bot6,bot2,42,False
bot2,bot6,bot2,bot6,27,False
bot2,bot6,bot6,bot2,42,False
bot2,bot6,bot2,bot6,27,False
bot2,bot6,bot6,bot2,42,False
bot2,bot6,bot2,bot6,27,False
bot2,bot6,bot6,bot2,42,False
bot2,bot6,bot2,bot6,27,False
bot2,bot6,bot6,bot2,42,False
bot2,bot6,bot2,bot6,27,False
bot2,bot6,bot6,bot2,42,False
bot2,bot6,bot2,bot6,27,False
bot2,bot6,bot6,bot2,75,False
bot2,bot6,bot2,bot6,27,False
bot2,bot6,bot6,bot2,42,False
bot2,bot6,bot2,bot6,27,False
bot2,bot6,bot6,bot2,42,False
bot2,bot6,bot2,bot6,27,False
bot2,bot6,bot6,bot2,42,False
bot2,bot6,bot2,bot6,27,False
bot2,bot6,bot6,bot2,42,False
bot2,bot6,bot2,bot6,27,False
bot2,bot6,bot6,bot2,62,False
bot2,bot6,bot2,bot6,27,False
bot2,bot6,bot6,bot2,75,False
bot2,bot6,bot2,bot6,27,False
bot2,bot6,bot6,bot2,42,False
bot2,bot6,bot2,bot6,27,False
bot2,bot6,bot6,bot2,42,False
bot2,bot6,bot2,bot6,27,False
bot2,bot6,bot6,bot2,42,False
bot2,bot6,bot2,bot6,24,False
bot2,bot6,bot6,bot2,46,False
bot2,bot6,bot2,bot6,27,False
bot2,bot6,bot6,bot2,42,False
bot2,bot6,bot2,bot6,27,False
bot2,bot6,bot6,bot2,75,False
bot2,bot6,bot2,bot6,27,False
bot2,bot6,bot6,bot2,42,False
bot2,bot6,bot2,bot6,27,False
bot2,bot6,bot6,bot2,42,False
bot2,bot6,bot2,bot6,27,False
bot2,bot6,bot6,bot2,42,False
bot2,bot6,bot2,bot6,24,False
bot2,bot6,bot6,bot2,42,False
bot2,bot6,bot2,bot6,27,False
bot2,bot6,bot6,bot2,42,False
bot2,bot6,bot2,bot6,27,False
bot2,bot6,bot6,bot2,38,False
bot2,bot6,bot2,bot6,27,False
bot2,bot6,bot6,bot2,46,False
bot2,bot6,bot2,bot6,27,False
bot2,bot6,bot6,bot2,42,False
bot2,bot6,bot2,bot6,27,False
bot2,bot6,bot6,bot2,42,False
bot2,bot6,bot2,bot6,27,False
bot2,bot6,bot6,bot2,42,False
bot2,bot6,bot2,bot6,27,False
bot2,bot6,bot6,bot2,42,False
bot2,bot6,bot2,bot6,27,False
bot2,bot6,bot6,bot2,42,False
bot2,bot6,bot2,bot6,27,False
bot2,bot6,bot6,bot2,42,False
bot2,bot6,bot2,bot6,27,False
bot2,bot6,bot6,bot2,42,False
bot2,bot6,bot2,bot6,27,False
bot2,bot6,bot6,bot2,42,False
bot2,bot6,bot2,bot6,27,False
bot2,bot6,bot6,bot2,42,False
bot2,bot6,bot2,bot6,27,False
bot2,bot6,bot6,bot2,42,False
bot2,bot6,bot2,bot6,27,False
bot2,bot6,bot6,bot2,62,False
bot2,bot6,bot2,bot6,27,False
bot2,bot6,bot6,bot2,42,False
bot2,bot6,bot2,bot2,40,False
bot2,bot6,bot6,bot2,42,False
bot2,bot6,bot2,bot6,27,False
bot2,bot6,bot6,bot2,42,False
bot2,bot6,bot2,bot6,27,False
bot2,bot6,bot6,bot2,42,False
bot2,bot6,bot2,bot6,27,False
bot2,bot6,bot6,bot2,42,False
bot2,bot6,bot2,bot6,27,False
bot2,bot6,bot6,bot6,68,False
bot2,bot6,bot2,bot6,27,False
bot2,bot6,bot6,bot2,42,False
bot2,bot6,bot2,bot6,27,False
bot2,bot6,bot6,bot2,42,False
bot2,bot6,bot2,bot6,27,False
bot2,bot6,bot6,bot2,42,False
bot2,bot6,bot2,bot6,27,False
bot2,bot6,bot6,bot2,42,False
bot2,bot6,bot2,bot6,27,False
bot2,bot6,bot6,bot6,60,False
bot2,bot6,bot2,bot6,27,False
bot2,bot6,bot6,bot2,42,False
bot2,bot6,bot2,bot6,27,False
bot2,bot6,bot6,bot2,42,False
bot2,bot6,bot2,bot6,27,False
bot2,bot6,bot6,bot2,42,False
bot2,bot6,bot2,bot6,27,False
bot2,bot6,bot6,bot2,42,False
bot2,bot6,bot2,bot6,27,False
bot2,bot6,bot6,bot2,42,False
bot2,bot6,bot2,bot6,27,False
bot2,bot6,bot6,bot6,76,False
bot2,bot6,bot2,bot6,27,False
bot2,bot6,bot6,bot2,111,False
bot2,bot6,bot2,bot6,27,False
bot2,bot6,bot6,bot2,42,False
bot2,bot6,bot2,bot6,27,False
bot2,bot6,bot6,bot2,42,False
bot2,bot6,bot2,bot6,27,False
bot2,bot6,bot6,bot2,42,False
bot2,bot6,bot2,bot6,27,False
bot2,bot6,bot6,bot2,42,False
bot2,bot6,bot2,bot6,27,False
bot2,bot6,bot6,bot2,42,False
bot2,bot6,bot2,bot6,27,False
bot2,bot6,bot6,bot2,42,False
bot2,bot6,bot2,bot6,27,False
bot2,bot6,bot6,bot2,46,False
bot2,bot6,bot2,bot6,27,False
bot2,bot6,bot6,bot6,32,False
bot2,bot6,bot2,bot6,27,False
bot2,bot6,bot6,bot6,60,False
bot2,bot6,bot2,bot6,27,False
bot2,bot6,bot6,bot2,42,False
bot2,bot6,bot2,bot6,27,False
bot2,bot6,bot6,bot2,42,False
bot2,bot6,bot2,bot6,27,False
bot2,bot6,bot6,bot2,42,False
bot2,bot6,bot2,bot6,27,False
bot2,bot6,bot6,bot2,58,False
bot2,bot6,bot2,bot6,27,False
bot2,bot6,bot6,bot2,42,False
bot2,bot6,bot2,bot6,27,False
bot2,bot6,bot6,bot2,42,False
bot2,bot6,bot2,bot6,27,False
bot2,bot6,bot6,bot2,42,False
bot2,bot6,bot2,bot6,27,False
bot2,bot6,bot6,bot2,46,False
bot2,bot6,bot2,bot6,27,False
bot2,bot6,bot6,bot6,32,False
bot2,bot6,bot2,bot6,24,False
bot2,bot6,bot6,bot2,46,False
bot2,bot6,bot2,bot6,27,False
bot2,bot6,bot6,bot2,42,False
bot2,bot6,bot2,bot6,27,False
bot2,bot6,bot6,bot2,42,False
bot2,bot6,bot2,bot6,27,False
bot2,bot6,bot6,bot2,46,False
bot2,bot6,bot2,bot6,27,False
bot2,bot6,bot6,bot6,57,False
bot2,bot6,bot2,bot6,27,False
bot2,bot6,bot6,bot2,46,False
bot2,bot6,bot2,bot6,27,False
bot2,bot6,bot6,bot2,42,False
bot2,bot6,bot2,bot6,27,False
bot2,bot6,bot6,bot2,42,False
bot2,bot6,bot2,bot6,27,False
bot2,bot6,bot6,bot2,42,False
bot2,bot6,bot2,bot6,27,False
bot2,bot6,bot6,bot2,42,False
bot2,bot6,bot2,bot6,27,False
bot2,bot6,bot6,bot2,62,False
bot2,bot6,bot2,bot2,76,False
bot2,bot6,bot6,bot2,42,False
bot2,bot6,bot2,bot6,27,False
bot2,bot6,bot6,bot6,60,False
bot2,bot6,bot2,bot6,27,False
bot2,bot6,bot6,bot2,42,False
bot2,bot6,bot2,bot6,27,False
bot2,bot6,bot6,bot2,42,False
bot2,bot6,bot2,bot6,27,False
bot2,bot6,bot6,bot2,42,False
bot2,bot6,bot2,bot6,27,False
bot2,bot6,bot6,bot2,42,False
bot2,bot6,bot2,bot6,27,False
bot2,bot6,bot6,bot2,42,False
bot2,bot6,bot2,bot6,27,False
bot2,bot6,bot6,bot2,174,False
bot2,bot6,bot2,bot6,27,False
bot2,bot6,bot6,bot2,42,False
bot2,bot6,bot2,bot6,27,False
bot2,bot6,bot6,bot6,32,False
bot2,bot6,bot2,bot6,27,False
bot2,bot6,bot6,bot2,42,False
bot2,bot6,bot2,bot6,27,False
bot2,bot6,bot6,bot2,46,False
bot2,bot6,bot2,bot6,27,False
bot2,bot6,bot6,bot2,42,False
bot2,bot6,bot2,bot6,24,False
bot2,bot6,bot6,bot2,42,False
bot2,bot6,bot2,bot6,27,False
bot2,bot6,bot6,bot2,42,False
bot2,bot6,bot2,bot6,27,False
bot2,bot6,bot6,bot2,42,False
bot2,bot6,bot2,bot6,27,False
bot2,bot6,bot6,bot2,42,False
bot2,bot6,bot2,bot6,27,False
bot2,bot6,bot6,bot2,42,False
bot2,bot6,bot2,bot6,27,False
bot2,bot6,bot6,bot2,42,False
bot2,bot6,bot2,bot6,27,False
bot2,bot6,bot6,bot2,42,False
bot2,bot6,bot2,bot6,24,False
bot2,bot6,bot6,bot2,42,False
bot2,bot6,bot2,bot6,27,False
bot2,bot6,bot6,bot2,42,False
bot2,bot6,bot2,bot6,27,False
bot2,bot6,bot6,bot2,42,False
bot2,bot6,bot2,bot6,27,False
bot2,bot6,bot6,bot2,46,False
bot2,bot6,bot2,bot6,27,False
bot2,bot6,bot6,bot2,42,False
bot2,bot6,bot2,bot6,27,False
bot2,bot6,bot6,bot2,42,False
bot2,bot6,bot2,bot6,27,False
bot2,bot6,bot6,bot2,42,False
bot2,bot6,bot2,bot2,40,False
bot2,bot6,bot6,bot6,32,False
bot2,bot6,bot2,bot6,27,False
bot2,bot6,bot6,bot2,46,False
bot2,bot6,bot2,bot6,27,False
bot2,bot6,bot6,bot2,42,False
bot2,bot6,bot2,bot6,27,False
bot2,bot6,bot6,bot2,42,False
bot2,bot6,bot2,bot6,27,False
bot2,bot6,bot6,bot2,42,False
bot2,bot6,bot2,bot6,27,False
bot2,bot6,bot6,bot2,42,False
bot2,bot6,bot2,bot6,27,False
bot2,bot6,bot6,bot2,42,False
bot2,bot6,bot2,bot6,27,False
bot2,bot6,bot6,bot2,42,False
bot2,bot6,bot2,bot6,27,False
bot2,bot6,bot6,bot2,46,False
bot2,bot6,bot2,bot6,27,False
bot2,bot6,bot6,bot2,42,False
bot2,bot6,bot2,bot6,27,False
bot2,bot6,bot6,bot2,36,False
bot2,bot6,bot2,bot6,27,False
bot2,bot6,bot6,bot2,42,False
bot2,bot6,bot2,bot6,27,False
bot2,bot6,bot6,bot2,42,False
bot2,bot6,bot2,bot6,27,False
bot2,bot6,bot6,bot2,42,False
bot2,bot6,bot2,bot6,27,False
bot2,bot6,bot6,bot2,42,False
bot2,bot6,bot2,bot6,27,False
bot2,bot6,bot6,bot2,42,False
bot2,bot6,bot2,bot6,27,False
bot2,bot6,bot6,bot2,42,False
bot2,bot6,bot2,bot6,27,False
bot2,bot6,bot6,bot2,42,False
bot2,bot6,bot2,bot6,27,False
bot2,bot6,bot6,bot2,42,False
bot2,bot6,bot2,bot6,27,False
bot2,bot6,bot6,bot2,42,False
bot2,bot6,bot2,bot2,40,False
bot2,bot6,bot6,bot2,42,False
bot2,bot6,bot2,bot6,27,False
bot2,bot6,bot6,bot2,42,False
bot2,bot6,bot2,bot6,27,False
bot2,bot6,bot6,bot2,42,False
bot2,bot6,bot2,bot6,27,False
bot2,bot6,bot6,bot2,75,False
bot2,bot6,bot2,bot6,27,False
bot2,bot6,bot6,bot2,42,False
bot2,bot6,bot2,bot6,27,False
bot2,bot6,bot6,bot2,46,False
bot2,bot6,bot2,bot6,27,False
bot2,bot6,bot6,bot2,42,False
bot2,bot6,bot2,bot6,27,False
bot2,bot6,bot6,bot2,42,False
bot2,bot6,bot2,bot6,27,False
bot2,bot6,bot6,bot2,46,False
bot2,bot6,bot2,bot6,27,False
bot2,bot6,bot6,bot2,62,False
bot2,bot6,bot2,bot6,27,False
bot2,bot6,bot6,bot6,60,False
bot2,bot6,bot2,bot6,27,False
bot2,bot6,bot6,bot2,42,False
bot2,bot7,bot2,bot7,27,False
bot2,bot7,bot7,bot7,93,False
bot2,bot7,bot2,bot2,32,False
bot2,bot7,bot7,bot2,62,False
bot2,bot7,bot2,bot7,27,False
bot2,bot7,bot7,bot2,62,False
bot2,bot7,bot2,bot7,27,False
bot2,bot7,bot7,bot2,62,False
bot2,bot7,bot2,bot7,27,False
bot2,bot7,bot7,bot2,114,False
bot2,bot7,bot2,bot7,27,False
bot2,bot7,bot7,bot2,62,False
bot2,bot7,bot2,bot7,27,False
bot2,bot7,bot7,None,200,True
bot2,bot7,bot2,bot7,27,False
bot2,bot7,bot7,bot2,62,False
bot2,bot7,bot2,bot7,27,False
bot2,bot7,bot7,bot2,51,False
bot2,bot7,bot2,bot7,27,False
bot2,bot7,bot7,None,200,True
bot2,bot7,bot2,bot7,27,False
bot2,bot7,bot7,bot2,62,False
bot2,bot7,bot2,bot7,27,False
bot2,bot7,bot7,bot2,67,False
bot2,bot7,bot2,bot7,27,False
bot2,bot7,bot7,bot2,51,False
bot2,bot7,bot2,bot7,27,False
bot2,bot7,bot7,bot2,62,False
bot2,bot7,bot2,bot7,27,False
bot2,bot7,bot7,bot2,46,False
bot2,bot7,bot2,bot2,28,False
bot2,bot7,bot7,bot2,67,False
bot2,bot7,bot2,bot2,32,False
bot2,bot7,bot7,bot2,62,False
bot2,bot7,bot2,bot7,27,False
bot2,bot7,bot7,bot2,62,False
bot2,bot7,bot2,bot7,27,False
bot2,bot7,bot7,bot2,46,False
bot2,bot7,bot2,bot7,27,False
bot2,bot7,bot7,bot2,62,False
bot2,bot7,bot2,bot7,27,False
bot2,bot7,bot7,bot2,46,False
bot2,bot7,bot2,bot7,27,False
bot2,bot7,bot7,bot2,68,False
bot2,bot7,bot2,bot7,27,False
bot2,bot7,bot7,bot2,46,False
bot2,bot7,bot2,bot7,27,False
bot2,bot7,bot7,None,200,True
bot2,bot7,bot2,bot2,28,False
bot2,bot7,bot7,bot7,80,False
bot2,bot7,bot2,bot7,27,False
bot2,bot7,bot7,bot2,62,False
bot2,bot7,bot2,bot7,27,False
bot2,bot7,bot7,bot2,46,False
bot2,bot7,bot2,bot7,27,False
bot2,bot7,bot7,bot2,62,False
bot2,bot7,bot2,bot7,27,False
bot2,bot7,bot7,bot7,52,False
bot2,bot7,bot2,bot7,27,False
bot2,bot7,bot7,bot2,62,False
bot2,bot7,bot2,bot7,27,False
bot2,bot7,bot7,bot2,62,False
bot2,bot7,bot2,bot7,27,False
bot2,bot7,bot7,bot7,56,False
bot2,bot7,bot2,bot7,27,False
bot2,bot7,bot7,bot2,62,False
bot2,bot7,bot2,bot7,27,False
bot2,bot7,bot7,bot2,62,False
bot2,bot7,bot2,bot2,32,False
bot2,bot7,bot7,bot2,135,False
bot2,bot7,bot2,bot2,32,False
bot2,bot7,bot7,bot2,62,False
bot2,bot7,bot2,bot7,27,False
bot2,bot7,bot7,bot2,67,False
bot2,bot7,bot2,bot2,28,False
bot2,bot7,bot7,bot2,102,False
bot2,bot7,bot2,bot7,27,False
bot2,bot7,bot7,bot7,32,False
bot2,bot7,bot2,bot7,27,False
bot2,bot7,bot7,bot7,93,False
bot2,bot7,bot2,bot7,27,False
bot2,bot7,bot7,None,200,True
bot2,bot7,bot2,bot7,27,False
bot2,bot7,bot7,bot7,44,False
bot2,bot7,bot2,bot7,27,False
bot2,bot7,bot7,bot2,59,False
bot2,bot7,bot2,bot7,27,False
bot2,bot7,bot7,bot7,44,False
bot2,bot7,bot2,bot7,27,False
bot2,bot7,bot7,bot2,62,False
bot2,bot7,bot2,bot7,27,False
bot2,bot7,bot7,bot2,46,False
bot2,bot7,bot2,bot2,28,False
bot2,bot7,bot7,bot2,86,False
bot2,bot7,bot2,bot7,27,False
bot2,bot7,bot7,bot2,40,False
bot2,bot7,bot2,bot7,27,False
bot2,bot7,bot7,bot2,62,False
bot2,bot7,bot2,bot7,27,False
bot2,bot7,bot7,None,200,True
bot2,bot7,bot2,bot7,27,False
bot2,bot7,bot7,bot2,62,False
bot2,bot7,bot2,bot7,27,False
bot2,bot7,bot7,bot2,86,False
bot2,bot7,bot2,bot7,27,False
bot2,bot7,bot7,bot2,114,False
bot2,bot7,bot2,bot7,27,False
bot2,bot7,bot7,bot2,171,False
bot2,bot7,bot2,bot7,27,False
bot2,bot7,bot7,bot2,62,False
bot2,bot7,bot2,bot7,27,False
bot2,bot7,bot7,bot7,113,False
bot2,bot7,bot2,bot7,27,False
bot2,bot7,bot7,bot2,62,False
bot2,bot7,bot2,bot7,27,False
bot2,bot7,bot7,bot2,62,False
bot2,bot7,bot2,bot7,27,False
bot2,bot7,bot7,bot2,51,False
bot2,bot7,bot2,bot2,32,False
bot2,bot7,bot7,bot2,62,False
bot2,bot7,bot2,bot7,27,False
bot2,bot7,bot7,bot2,62,False
bot2,bot7,bot2,bot7,27,False
bot2,bot7,bot7,bot2,46,False
bot2,bot7,bot2,bot7,27,False
bot2,bot7,bot7,bot2,62,False
bot2,bot7,bot2,bot7,27,False
bot2,bot7,bot7,bot2,62,False
bot2,bot7,bot2,bot7,27,False
bot2,bot7,bot7,bot7,44,False
bot2,bot7,bot2,bot7,27,False
bot2,bot7,bot7,bot2,62,False
bot2,bot7,bot2,bot7,27,False
bot2,bot7,bot7,None,200,True
bot2,bot7,bot2,bot7,27,False
bot2,bot7,bot7,bot2,62,False
bot2,bot7,bot2,bot7,27,False
bot2,bot7,bot7,bot7,144,False
bot2,bot7,bot2,bot7,27,False
bot2,bot7,bot7,bot2,108,False
bot2,bot7,bot2,bot7,27,False
bot2,bot7,bot7,bot7,113,False
bot2,bot7,bot2,bot7,27,False
bot2,bot7,bot7,bot7,32,False
bot2,bot7,bot2,bot7,27,False
bot2,bot7,bot7,bot2,62,False
bot2,bot7,bot2,bot7,27,False
bot2,bot7,bot7,bot2,62,False
bot2,bot7,bot2,bot7,27,False
bot2,bot7,bot7,bot7,44,False
bot2,bot7,bot2,bot7,27,False
bot2,bot7,bot7,bot7,113,False
bot2,bot7,bot2,bot7,27,False
bot2,bot7,bot7,None,200,True
bot2,bot7,bot2,bot7,27,False
bot2,bot7,bot7,bot2,62,False
bot2,bot7,bot2,bot7,27,False
bot2,bot7,bot7,bot2,62,False
bot2,bot7,bot2,bot7,27,False
bot2,bot7,bot7,bot2,62,False
bot2,bot7,bot2,bot7,27,False
bot2,bot7,bot7,bot2,62,False
bot2,bot7,bot2,bot7,27,False
bot2,bot7,bot7,bot2,62,False
bot2,bot7,bot2,bot7,27,False
bot2,bot7,bot7,bot2,62,False
bot2,bot7,bot2,bot2,32,False
bot2,bot7,bot7,bot2,62,False
bot2,bot7,bot2,bot2,28,False
bot2,bot7,bot7,bot2,62,False
bot2,bot7,bot2,bot7,27,False
bot2,bot7,bot7,bot2,62,False
bot2,bot7,bot2,bot7,27,False
bot2,bot7,bot7,bot2,62,False
bot2,bot7,bot2,bot7,27,False
bot2,bot7,bot7,bot2,86,False
bot2,bot7,bot2,bot7,27,False
bot2,bot7,bot7,bot2,59,False
bot2,bot7,bot2,bot2,28,False
bot2,bot7,bot7,bot7,76,False
bot2,bot7,bot2,bot7,27,False
bot2,bot7,bot7,None,200,True
bot2,bot7,bot2,bot7,27,False
bot2,bot7,bot7,None,200,True
bot2,bot7,bot2,bot7,27,False
bot2,bot7,bot7,bot2,67,False
bot2,bot7,bot2,bot7,27,False
bot2,bot7,bot7,bot2,62,False
bot2,bot7,bot2,bot7,27,False
bot2,bot7,bot7,bot2,62,False
bot2,bot7,bot2,bot7,27,False
bot2,bot7,bot7,bot2,62,False
bot2,bot7,bot2,bot7,27,False
bot2,bot7,bot7,bot7,93,False
bot2,bot7,bot2,bot7,27,False
bot2,bot7,bot7,bot2,62,False
bot2,bot7,bot2,bot7,27,False
bot2,bot7,bot7,bot2,86,False
bot2,bot7,bot2,bot7,27,False
bot2,bot7,bot7,bot7,144,False
bot2,bot7,bot2,bot7,27,False
bot2,bot7,bot7,bot7,78,False
bot2,bot7,bot2,bot2,32,False
bot2,bot7,bot7,bot2,62,False
bot2,bot7,bot2,bot7,27,False
bot2,bot7,bot7,bot2,62,False
bot2,bot7,bot2,bot7,27,False
bot2,bot7,bot7,bot2,62,False
bot2,bot7,bot2,bot7,27,False
bot2,bot7,bot7,bot2,62,False
bot2,bot7,bot2,bot7,27,False
bot2,bot7,bot7,bot2,62,False
bot2,bot7,bot2,bot7,27,False
bot2,bot7,bot7,bot7,113,False
bot2,bot7,bot2,bot7,27,False
bot2,bot7,bot7,bot2,62,False
bot2,bot7,bot2,bot7,27,False
bot2,bot7,bot7,bot2,62,False
bot2,bot7,bot2,bot7,27,False
bot2,bot7,bot7,bot2,62,False
bot2,bot7,bot2,bot7,27,False
bot2,bot7,bot7,bot2,78,False
bot2,bot7,bot2,bot7,27,False
bot2,bot7,bot7,bot2,62,False
bot2,bot7,bot2,bot7,27,False
bot2,bot7,bot7,bot2,62,False
bot2,bot7,bot2,bot7,27,False
bot2,bot7,bot7,bot2,62,False
bot2,bot7,bot2,bot7,27,False
bot2,bot7,bot7,bot2,75,False
bot2,bot7,bot2,bot7,27,False
bot2,bot7,bot7,bot2,62,False
bot2,bot7,bot2,bot2,32,False
bot2,bot7,bot7,bot2,62,False
bot2,bot7,bot2,bot7,27,False
bot2,bot7,bot7,bot2,62,False
bot2,bot7,bot2,bot7,27,False
bot2,bot7,bot7,bot2,118,False
bot2,bot7,bot2,bot7,27,False
bot2,bot7,bot7,bot2,62,False
bot2,bot7,bot2,bot7,27,False
bot2,bot7,bot7,None,200,True
bot2,bot7,bot2,bot7,27,False
bot2,bot7,bot7,bot2,62,False
bot2,bot7,bot2,bot7,27,False
bot2,bot7,bot7,bot2,59,False
bot2,bot7,bot2,bot7,27,False
bot2,bot7,bot7,bot2,60,False
bot2,bot7,bot2,bot7,27,False
bot2,bot7,bot7,bot7,32,False
bot2,bot7,bot2,bot7,27,False
bot2,bot7,bot7,bot2,62,False
bot2,bot7,bot2,bot7,27,False
bot2,bot7,bot7,bot2,62,False
bot2,bot7,bot2,bot7,27,False
bot2,bot7,bot7,bot2,62,False
bot2,bot7,bot2,bot7,27,False
bot2,bot7,bot7,bot2,62,False
bot2,bot7,bot2,bot2,28,False
bot2,bot7,bot7,bot7,32,False
bot2,bot7,bot2,bot7,27,False
bot2,bot7,bot7,bot7,93,False
bot2,bot7,bot2,bot7,27,False
bot2,bot7,bot7,bot7,93,False
bot2,bot7,bot2,bot7,27,False
bot2,bot7,bot7,bot2,46,False
bot2,bot7,bot2,bot7,27,False
bot2,bot7,bot7,bot2,51,False
bot2,bot7,bot2,bot7,42,False
bot2,bot7,bot7,bot2,62,False
bot2,bot7,bot2,bot7,27,False
bot2,bot7,bot7,bot2,154,False
bot2,bot7,bot2,bot7,27,False
bot2,bot7,bot7,bot2,107,False
bot2,bot7,bot2,bot2,32,False
bot2,bot7,bot7,bot2,62,False
bot2,bot7,bot2,bot7,27,False
bot2,bot7,bot7,bot2,62,False
bot2,bot7,bot2,bot7,27,False
bot2,bot7,bot7,bot2,86,False
bot2,bot7,bot2,bot7,27,False
bot2,bot7,bot7,bot2,62,False
bot2,bot7,bot2,bot7,27,False
bot2,bot7,bot7,bot2,62,False
bot2,bot7,bot2,bot7,27,False
bot2,bot7,bot7,bot2,62,False
bot2,bot7,bot2,bot7,27,False
bot2,bot7,bot7,bot2,62,False
bot2,bot7,bot2,bot2,28,False
bot2,bot7,bot7,bot2,90,False
bot2,bot7,bot2,bot7,27,False
bot2,bot7,bot7,bot2,62,False
bot2,bot7,bot2,bot7,27,False
bot2,bot7,bot7,None,200,True
bot2,bot7,bot2,bot7,27,False
bot2,bot7,bot7,None,200,True
bot2,bot7,bot2,bot7,27,False
bot2,bot7,bot7,bot2,62,False
bot2,bot7,bot2,bot2,32,False
bot2,bot7,bot7,bot2,62,False
bot2,bot8,bot2,bot8,122,False
bot2,bot8,bot8,bot8,69,False
bot2,bot8,bot2,bot2,32,False
bot2,bot8,bot8,bot8,69,False
bot2,bot8,bot2,bot2,32,False
bot2,bot8,bot8,bot8,69,False
bot2,bot8,bot2,bot2,32,False
bot2,bot8,bot8,bot8,69,False
bot2,bot8,bot2,bot2,32,False
bot2,bot8,bot8,bot8,69,False
bot2,bot8,bot2,bot2,28,False
bot2,bot8,bot8,bot8,69,False
bot2,bot8,bot2,bot2,32,False
bot2,bot8,bot8,bot8,69,False
bot2,bot8,bot2,bot2,32,False
bot2,bot8,bot8,bot8,69,False
bot2,bot8,bot2,bot2,32,False
bot2,bot8,bot8,bot8,32,False
bot2,bot8,bot2,bot8,40,False
bot2,bot8,bot8,bot8,69,False
bot2,bot8,bot2,bot2,32,False
bot2,bot8,bot8,bot8,69,False
bot2,bot8,bot2,bot2,32,False
bot2,bot8,bot8,bot8,69,False
bot2,bot8,bot2,None,200,True
bot2,bot8,bot8,bot8,69,False
bot2,bot8,bot2,bot2,32,False
bot2,bot8,bot8,bot8,69,False
bot2,bot8,bot2,bot2,32,False
bot2,bot8,bot8,None,200,True
bot2,bot8,bot2,bot2,32,False
bot2,bot8,bot8,bot8,69,False
bot2,bot8,bot2,bot2,32,False
bot2,bot8,bot8,bot8,69,False
bot2,bot8,bot2,bot2,32,False
bot2,bot8,bot8,bot8,157,False
bot2,bot8,bot2,bot2,32,False
bot2,bot8,bot8,bot8,69,False
bot2,bot8,bot2,bot2,32,False
bot2,bot8,bot8,bot8,69,False
bot2,bot8,bot2,bot2,28,False
bot2,bot8,bot8,bot8,69,False
bot2,bot8,bot2,bot2,32,False
bot2,bot8,bot8,bot8,69,False
bot2,bot8,bot2,bot2,32,False
bot2,bot8,bot8,bot8,97,False
bot2,bot8,bot2,bot2,32,False
bot2,bot8,bot8,None,200,True
bot2,bot8,bot2,bot2,32,False
bot2,bot8,bot8,bot8,69,False
bot2,bot8,bot2,bot2,32,False
bot2,bot8,bot8,bot8,69,False
bot2,bot8,bot2,bot2,32,False
bot2,bot8,bot8,bot8,69,False
bot2,bot8,bot2,bot2,32,False
bot2,bot8,bot8,bot8,65,False
bot2,bot8,bot2,bot2,32,False
bot2,bot8,bot8,bot8,113,False
bot2,bot8,bot2,bot2,32,False
bot2,bot8,bot8,bot8,69,False
bot2,bot8,bot2,bot8,42,False
bot2,bot8,bot8,bot8,69,False
bot2,bot8,bot2,bot2,32,False
bot2,bot8,bot8,bot8,69,False
bot2,bot8,bot2,bot2,32,False
bot2,bot8,bot8,bot8,69,False
bot2,bot8,bot2,bot2,32,False
bot2,bot8,bot8,None,200,True
bot2,bot8,bot2,bot2,32,False
bot2,bot8,bot8,bot8,69,False
bot2,bot8,bot2,bot2,32,False
bot2,bot8,bot8,bot8,69,False
bot2,bot8,bot2,bot2,32,False
bot2,bot8,bot8,bot8,69,False
bot2,bot8,bot2,bot2,32,False
bot2,bot8,bot8,bot8,69,False
bot2,bot8,bot2,bot2,32,False
bot2,bot8,bot8,bot8,69,False
bot2,bot8,bot2,bot2,32,False
bot2,bot8,bot8,bot8,69,False
bot2,bot8,bot2,bot2,28,False
bot2,bot8,bot8,bot8,101,False
bot2,bot8,bot2,bot2,32,False
bot2,bot8,bot8,bot8,69,False
bot2,bot8,bot2,bot2,32,False
bot2,bot8,bot8,bot8,69,False
bot2,bot8,bot2,bot2,32,False
bot2,bot8,bot8,bot8,69,False
bot2,bot8,bot2,bot2,32,False
bot2,bot8,bot8,bot8,32,False
bot2,bot8,bot2,bot2,32,False
bot2,bot8,bot8,bot8,76,False
bot2,bot8,bot2,bot2,32,False
bot2,bot8,bot8,bot8,69,False
bot2,bot8,bot2,bot2,32,False
bot2,bot8,bot8,bot8,69,False
bot2,bot8,bot2,bot2,32,False
bot2,bot8,bot8,bot8,69,False
bot2,bot8,bot2,bot2,32,False
bot2,bot8,bot8,bot8,69,False
bot2,bot8,bot2,bot2,32,False
bot2,bot8,bot8,bot8,69,False
bot2,bot8,bot2,bot2,32,False
bot2,bot8,bot8,bot8,69,False
bot2,bot8,bot2,bot2,32,False
bot2,bot8,bot8,bot8,69,False
bot2,bot8,bot2,bot2,32,False
bot2,bot8,bot8,bot8,69,False
bot2,bot8,bot2,bot2,32,False
bot2,bot8,bot8,bot8,69,False
bot2,bot8,bot2,bot2,32,False
bot2,bot8,bot8,bot8,69,False
bot2,bot8,bot2,bot2,32,False
bot2,bot8,bot8,None,200,True
bot2,bot8,bot2,bot2,32,False
bot2,bot8,bot8,bot8,69,False
bot2,bot8,bot2,bot2,32,False
bot2,bot8,bot8,bot8,69,False
bot2,bot8,bot2,bot2,32,False
bot2,bot8,bot8,bot8,69,False
bot2,bot8,bot2,bot2,32,False
bot2,bot8,bot8,bot8,69,False
bot2,bot8,bot2,bot2,32,False
bot2,bot8,bot8,bot8,69,False
bot2,bot8,bot2,bot2,32,False
bot2,bot8,bot8,bot8,93,False
bot2,bot8,bot2,bot2,32,False
bot2,bot8,bot8,bot8,69,False
bot2,bot8,bot2,bot2,32,False
bot2,bot8,bot8,bot8,69,False
bot2,bot8,bot2,bot2,32,False
bot2,bot8,bot8,bot8,69,False
bot2,bot8,bot2,bot2,32,False
bot2,bot8,bot8,bot8,69,False
bot2,bot8,bot2,bot2,32,False
bot2,bot8,bot8,bot8,69,False
bot2,bot8,bot2,bot2,32,False
bot2,bot8,bot8,bot8,69,False
bot2,bot8,bot2,bot2,32,False
bot2,bot8,bot8,bot8,32,False
bot2,bot8,bot2,bot2,32,False
bot2,bot8,bot8,bot8,76,False
bot2,bot8,bot2,bot2,32,False
bot2,bot8,bot8,bot8,101,False
bot2,bot8,bot2,bot2,32,False
bot2,bot8,bot8,bot8,69,False
bot2,bot8,bot2,bot2,32,False
bot2,bot8,bot8,bot8,76,False
bot2,bot8,bot2,bot8,38,False
bot2,bot8,bot8,bot8,69,False
bot2,bot8,bot2,bot2,32,False
bot2,bot8,bot8,bot8,69,False
bot2,bot8,bot2,bot2,32,False
bot2,bot8,bot8,bot8,69,False
bot2,bot8,bot2,bot2,32,False
bot2,bot8,bot8,bot8,69,False
bot2,bot8,bot2,bot2,32,False
bot2,bot8,bot8,bot8,69,False
bot2,bot8,bot2,bot2,32,False
bot2,bot8,bot8,None,200,True
bot2,bot8,bot2,bot2,32,False
bot2,bot8,bot8,bot8,69,False
bot2,bot8,bot2,bot2,32,False
bot2,bot8,bot8,bot8,69,False
bot2,bot8,bot2,bot2,32,False
bot2,bot8,bot8,bot8,69,False
bot2,bot8,bot2,bot8,42,False
bot2,bot8,bot8,None,200,True
bot2,bot8,bot2,bot2,32,False
bot2,bot8,bot8,bot8,69,False
bot2,bot8,bot2,bot2,32,False
bot2,bot8,bot8,bot8,69,False
bot2,bot8,bot2,bot2,32,False
bot2,bot8,bot8,bot8,69,False
bot2,bot8,bot2,bot2,32,False
bot2,bot8,bot8,None,200,True
bot2,bot8,bot2,bot2,32,False
bot2,bot8,bot8,bot8,69,False
bot2,bot8,bot2,bot2,32,False
bot2,bot8,bot8,bot8,69,False
bot2,bot8,bot2,bot2,32,False
bot2,bot8,bot8,bot8,69,False
bot2,bot8,bot2,bot2,32,False
bot2,bot8,bot8,bot8,69,False
bot2,bot8,bot2,bot2,32,False
bot2,bot8,bot8,bot8,76,False
bot2,bot8,bot2,bot2,32,False
bot2,bot8,bot8,bot8,69,False
bot2,bot8,bot2,bot2,32,False
bot2,bot8,bot8,bot8,69,False
bot2,bot8,bot2,bot2,32,False
bot2,bot8,bot8,bot8,69,False
bot2,bot8,bot2,bot2,32,False
bot2,bot8,bot8,bot8,76,False
bot2,bot8,bot2,bot2,32,False
bot2,bot8,bot8,bot8,69,False
bot2,bot8,bot2,bot8,42,False
bot2,bot8,bot8,bot8,69,False
bot2,bot8,bot2,bot2,32,False
bot2,bot8,bot8,bot8,69,False
bot2,bot8,bot2,bot2,32,False
bot2,bot8,bot8,bot8,69,False
bot2,bot8,bot2,bot2,32,False
bot2,bot8,bot8,bot8,69,False
bot2,bot8,bot2,bot8,42,False
bot2,bot8,bot8,bot8,101,False
bot2,bot8,bot2,bot2,32,False
bot2,bot8,bot8,bot8,69,False
bot2,bot8,bot2,bot2,32,False
bot2,bot8,bot8,bot8,69,False
bot2,bot8,bot2,bot2,32,False
bot2,bot8,bot8,bot8,69,False
bot2,bot8,bot2,bot2,32,False
bot2,bot8,bot8,bot8,69,False
bot2,bot8,bot2,bot2,32,False
bot2,bot8,bot8,bot8,65,False
bot2,bot8,bot2,bot2,32,False
bot2,bot8,bot8,bot8,32,False
bot2,bot8,bot2,bot2,32,False
bot2,bot8,bot8,bot8,65,False
bot2,bot8,bot2,bot2,32,False
bot2,bot8,bot8,bot8,69,False
bot2,bot8,bot2,bot2,32,False
bot2,bot8,bot8,bot8,69,False
bot2,bot8,bot2,bot2,32,False
bot2,bot8,bot8,bot2,78,False
bot2,bot8,bot2,bot2,32,False
bot2,bot8,bot8,bot8,69,False
bot2,bot8,bot2,None,200,True
bot2,bot8,bot8,bot8,69,False
bot2,bot8,bot2,bot2,32,False
bot2,bot8,bot8,bot8,69,False
bot2,bot8,bot2,bot2,32,False
bot2,bot8,bot8,bot8,69,False
bot2,bot8,bot2,bot2,32,False
bot2,bot8,bot8,bot8,69,False
bot2,bot8,bot2,bot2,32,False
bot2,bot8,bot8,bot8,69,False
bot2,bot8,bot2,bot2,32,False
bot2,bot8,bot8,bot8,69,False
bot2,bot8,bot2,bot2,32,False
bot2,bot8,bot8,bot8,76,False
bot2,bot8,bot2,bot2,32,False
bot2,bot8,bot8,bot8,69,False
bot2,bot8,bot2,bot2,32,False
bot2,bot8,bot8,bot8,69,False
bot2,bot8,bot2,bot2,32,False
bot2,bot8,bot8,bot8,69,False
bot2,bot8,bot2,bot2,32,False
bot2,bot8,bot8,bot8,65,False
bot2,bot8,bot2,bot2,32,False
bot2,bot8,bot8,bot8,32,False
bot2,bot8,bot2,bot2,32,False
bot2,bot8,bot8,None,200,True
bot2,bot8,bot2,None,200,True
bot2,bot8,bot8,bot8,69,False
bot2,bot8,bot2,bot2,32,False
bot2,bot8,bot8,bot8,76,False
bot2,bot8,bot2,bot2,32,False
bot2,bot8,bot8,bot8,69,False
bot2,bot8,bot2,bot2,32,False
bot2,bot8,bot8,bot8,69,False
bot2,bot8,bot2,bot2,32,False
bot2,bot8,bot8,bot8,69,False
bot2,bot8,bot2,bot2,32,False
bot2,bot8,bot8,bot8,32,False
bot2,bot8,bot2,bot2,32,False
bot2,bot8,bot8,None,200,True
bot2,bot8,bot2,None,200,True
bot2,bot8,bot8,bot8,69,False
bot2,bot8,bot2,bot2,32,False
bot2,bot8,bot8,bot8,69,False
bot2,bot8,bot2,bot2,32,False
bot2,bot8,bot8,bot2,106,False
bot2,bot8,bot2,bot2,32,False
bot2,bot8,bot8,bot8,69,False
bot2,bot8,bot2,bot2,32,False
bot2,bot8,bot8,bot8,69,False
bot2,bot8,bot2,bot2,32,False
bot2,bot8,bot8,bot2,78,False
bot2,bot8,bot2,bot2,32,False
bot2,bot8,bot8,bot8,69,False
bot2,bot8,bot2,bot2,32,False
bot2,bot8,bot8,bot8,69,False
bot2,bot8,bot2,bot2,32,False
bot2,bot8,bot8,bot8,69,False
bot2,bot8,bot2,bot2,32,False
bot2,bot8,bot8,bot8,65,False
bot2,bot8,bot2,bot2,32,False
bot2,bot8,bot8,bot8,69,False
bot2,bot8,bot2,bot2,32,False
bot2,bot8,bot8,bot2,83,False
bot2,bot8,bot2,bot2,32,False
bot2,bot8,bot8,bot8,32,False
bot2,bot8,bot2,bot2,32,False
bot2,bot8,bot8,bot8,69,False
bot2,bot8,bot2,bot2,32,False
bot2,bot8,bot8,bot8,69,False
bot2,bot8,bot2,bot2,32,False
bot2,bot8,bot8,None,200,True
bot3,bot4,bot3,bot3,44,False
bot3,bot4,bot4,bot4,30,False
bot3,bot4,bot3,bot3,44,False
bot3,bot4,bot4,bot4,30,False
bot3,bot4,bot3,bot3,36,False
bot3,bot4,bot4,bot4,30,False
bot3,bot4,bot3,bot3,44,False
bot3,bot4,bot4,bot4,30,False
bot3,bot4,bot3,bot3,44,False
bot3,bot4,bot4,bot4,30,False
bot3,bot4,bot3,bot3,44,False
bot3,bot4,bot4,bot4,30,False
bot3,bot4,bot3,bot4,27,False
bot3,bot4,bot4,bot4,30,False
bot3,bot4,bot3,bot3,44,False
bot3,bot4,bot4,bot4,30,False
bot3,bot4,bot3,bot3,44,False
bot3,bot4,bot4,bot4,30,False
bot3,bot4,bot3,bot3,36,False
bot3,bot4,bot4,bot4,30,False
bot3,bot4,bot3,bot3,44,False
bot3,bot4,bot4,bot4,30,False
bot3,bot4,bot3,bot3,44,False
bot3,bot4,bot4,bot4,30,False
bot3,bot4,bot3,bot3,44,False
bot3,bot4,bot4,bot4,40,False
bot3,bot4,bot3,bot3,44,False
bot3,bot4,bot4,bot4,30,False
bot3,bot4,bot3,bot3,44,False
bot3,bot4,bot4,bot4,30,False
bot3,bot4,bot3,bot3,44,False
bot3,bot4,bot4,bot4,30,False
bot3,bot4,bot3,bot3,44,False
bot3,bot4,bot4,bot4,30,False
bot3,bot4,bot3,bot3,44,False
bot3,bot4,bot4,bot4,30,False
bot3,bot4,bot3,bot3,44,False
bot3,bot4,bot4,bot4,69,False
bot3,bot4,bot3,bot3,44,False
bot3,bot4,bot4,bot4,30,False
bot3,bot4,bot3,bot3,44,False
bot3,bot4,bot4,bot4,30,False
bot3,bot4,bot3,bot3,44,False
bot3,bot4,bot4,bot4,30,False
bot3,bot4,bot3,bot3,44,False
bot3,bot4,bot4,bot4,30,False
bot3,bot4,bot3,bot3,44,False
bot3,bot4,bot4,bot4,69,False
bot3,bot4,bot3,bot3,36,False
bot3,bot4,bot4,bot4,30,False
bot3,bot4,bot3,bot3,44,False
bot3,bot4,bot4,bot4,30,False
bot3,bot4,bot3,bot3,44,False
bot3,bot4,bot4,bot4,30,False
bot3,bot4,bot3,bot3,44,False
bot3,bot4,bot4,bot4,30,False
bot3,bot4,bot3,bot3,44,False
bot3,bot4,bot4,bot4,30,False
bot3,bot4,bot3,bot3,44,False
bot3,bot4,bot4,bot4,30,False
bot3,bot4,bot3,bot3,44,False
bot3,bot4,bot4,bot4,30,False
bot3,bot4,bot3,bot3,44,False
bot3,bot4,bot4,bot4,69,False
bot3,bot4,bot3,bot3,44,False
bot3,bot4,bot4,bot4,40,False
bot3,bot4,bot3,bot3,44,False
bot3,bot4,bot4,bot4,30,False
bot3,bot4,bot3,bot3,121,False
bot3,bot4,bot4,bot4,30,False
bot3,bot4,bot3,bot3,44,False
bot3,bot4,bot4,bot4,30,False
bot3,bot4,bot3,bot3,36,False
bot3,bot4,bot4,bot4,30,False
bot3,bot4,bot3,bot4,27,False
bot3,bot4,bot4,bot4,30,False
bot3,bot4,bot3,bot3,44,False
bot3,bot4,bot4,bot4,30,False
bot3,bot4,bot3,bot3,44,False
bot3,bot4,bot4,bot4,30,False
bot3,bot4,bot3,bot3,44,False
bot3,bot4,bot4,bot4,30,False
bot3,bot4,bot3,bot3,104,False
bot3,bot4,bot4,bot4,30,False
bot3,bot4,bot3,bot3,44,False
bot3,bot4,bot4,bot4,48,False
bot3,bot4,bot3,bot3,44,False
bot3,bot4,bot4,bot4,30,False
bot3,bot4,bot3,bot3,44,False
bot3,bot4,bot4,bot4,30,False
bot3,bot4,bot3,bot4,115,False
bot3,bot4,bot4,bot4,30,False
bot3,bot4,bot3,bot3,44,False
bot3,bot4,bot4,bot4,30,False
bot3,bot4,bot3,bot3,44,False
bot3,bot4,bot4,bot4,30,False
bot3,bot4,bot3,bot3,44,False
bot3,bot4,bot4,bot4,48,False
bot3,bot4,bot3,bot4,70,False
bot3,bot4,bot4,bot4,30,False
bot3,bot4,bot3,bot3,44,False
bot3,bot4,bot4,bot4,69,False
bot3,bot4,bot3,bot3,44,False
bot3,bot4,bot4,bot4,30,False
bot3,bot4,bot3,bot3,44,False
bot3,bot4,bot4,bot4,30,False
bot3,bot4,bot3,bot3,44,False
bot3,bot4,bot4,bot4,30,False
bot3,bot4,bot3,bot3,44,False
bot3,bot4,bot4,bot4,69,False
bot3,bot4,bot3,bot3,44,False
bot3,bot4,bot4,bot4,30,False
bot3,bot4,bot3,bot3,44,False
bot3,bot4,bot4,bot4,30,False
bot3,bot4,bot3,bot3,44,False
bot3,bot4,bot4,bot4,30,False
bot3,bot4,bot3,bot3,44,False
bot3,bot4,bot4,bot4,30,False
bot3,bot4,bot3,bot3,44,False
bot3,bot4,bot4,bot4,30,False
bot3,bot4,bot3,bot3,44,False
bot3,bot4,bot4,bot4,30,False
bot3,bot4,bot3,bot3,44,False
bot3,bot4,bot4,bot4,69,False
bot3,bot4,bot3,bot3,44,False
bot3,bot4,bot4,bot4,30,False
bot3,bot4,bot3,bot3,44,False
bot3,bot4,bot4,bot4,30,False
bot3,bot4,bot3,bot3,36,False
bot3,bot4,bot4,bot4,30,False
bot3,bot4,bot3,bot3,44,False
bot3,bot4,bot4,bot4,30,False
bot3,bot4,bot3,bot3,44,False
bot3,bot4,bot4,bot4,30,False
bot3,bot4,bot3,bot3,44,False
bot3,bot4,bot4,bot4,30,False
bot3,bot4,bot3,bot3,44,False
bot3,bot4,bot4,bot4,30,False
bot3,bot4,bot3,bot3,44,False
bot3,bot4,bot4,bot4,30,False
bot3,bot4,bot3,bot3,44,False
bot3,bot4,bot4,bot4,40,False
bot3,bot4,bot3,bot4,147,False
bot3,bot4,bot4,bot4,30,False
bot3,bot4,bot3,bot3,44,False
bot3,bot4,bot4,bot4,30,False
bot3,bot4,bot3,bot3,44,False
bot3,bot4,bot4,bot4,30,False
bot3,bot4,bot3,bot3,44,False
bot3,bot4,bot4,bot4,30,False
bot3,bot4,bot3,bot3,44,False
bot3,bot4,bot4,bot4,30,False
bot3,bot4,bot3,bot3,44,False
bot3,bot4,bot4,bot4,30,False
bot3,bot4,bot3,bot3,44,False
bot3,bot4,bot4,bot4,30,False
bot3,bot4,bot3,bot3,44,False
bot3,bot4,bot4,bot4,30,False
bot3,bot4,bot3,bot4,27,False
bot3,bot4,bot4,bot4,30,False
bot3,bot4,bot3,bot3,44,False
bot3,bot4,bot4,bot4,30,False
bot3,bot4,bot3,bot3,44,False
bot3,bot4,bot4,bot4,30,False
bot3,bot4,bot3,bot3,44,False
bot3,bot4,bot4,bot4,30,False
bot3,bot4,bot3,bot3,44,False
bot3,bot4,bot4,bot4,30,False
bot3,bot4,bot3,bot3,44,False
bot3,bot4,bot4,bot4,30,False
bot3,bot4,bot3,bot3,44,False
bot3,bot4,bot4,bot4,69,False
bot3,bot4,bot3,bot3,44,False
bot3,bot4,bot4,bot4,30,False
bot3,bot4,bot3,bot3,44,False
bot3,bot4,bot4,bot4,30,False
bot3,bot4,bot3,bot3,36,False
bot3,bot4,bot4,bot4,30,False
bot3,bot4,bot3,bot3,44,False
bot3,bot4,bot4,bot4,30,False
bot3,bot4,bot3,bot3,44,False
bot3,bot4,bot4,bot4,69,False
bot3,bot4,bot3,bot3,44,False
bot3,bot4,bot4,bot4,30,False
bot3,bot4,bot3,bot3,44,False
bot3,bot4,bot4,bot4,30,False
bot3,bot4,bot3,bot3,44,False
bot3,bot4,bot4,bot4,30,False
bot3,bot4,bot3,bot3,44,False
bot3,bot4,bot4,bot4,30,False
bot3,bot4,bot3,bot3,44,False
bot3,bot4,bot4,bot4,30,False
bot3,bot4,bot3,bot3,44,False
bot3,bot4,bot4,bot4,30,False
bot3,bot4,bot3,bot3,36,False
bot3,bot4,bot4,bot4,30,False
bot3,bot4,bot3,bot3,44,False
bot3,bot4,bot4,bot4,40,False
bot3,bot4,bot3,bot3,44,False
bot3,bot4,bot4,bot4,30,False
bot3,bot4,bot3,bot3,36,False
bot3,bot4,bot4,bot4,30,False
bot3,bot4,bot3,bot3,44,False
bot3,bot4,bot4,bot4,30,False
bot3,bot4,bot3,bot3,44,False
bot3,bot4,bot4,bot4,30,False
bot3,bot4,bot3,bot3,44,False
bot3,bot4,bot4,bot4,30,False
bot3,bot4,bot3,bot3,44,False
bot3,bot4,bot4,bot4,30,False
bot3,bot4,bot3,bot4,27,False
bot3,bot4,bot4,bot4,30,False
bot3,bot4,bot3,bot4,27,False
bot3,bot4,bot4,bot4,30,False
bot3,bot4,bot3,bot3,44,False
bot3,bot4,bot4,bot4,30,False
bot3,bot4,bot3,bot3,44,False
bot3,bot4,bot4,bot4,30,False
bot3,bot4,bot3,None,200,True
bot3,bot4,bot4,bot4,30,False
bot3,bot4,bot3,bot3,44,False
bot3,bot4,bot4,bot4,69,False
bot3,bot4,bot3,bot3,44,False
bot3,bot4,bot4,bot4,30,False
bot3,bot4,bot3,bot3,44,False
bot3,bot4,bot4,bot4,30,False
bot3,bot4,bot3,bot3,44,False
bot3,bot4,bot4,bot4,30,False
bot3,bot4,bot3,bot3,44,False
bot3,bot4,bot4,bot4,30,False
bot3,bot4,bot3,bot3,44,False
bot3,bot4,bot4,bot4,30,False
bot3,bot4,bot3,bot3,44,False
bot3,bot4,bot4,bot4,30,False
bot3,bot4,bot3,bot3,44,False
bot3,bot4,bot4,bot4,30,False
bot3,bot4,bot3,bot3,44,False
bot3,bot4,bot4,bot4,30,False
bot3,bot4,bot3,bot3,44,False
bot3,bot4,bot4,bot4,30,False
bot3,bot4,bot3,bot3,44,False
bot3,bot4,bot4,bot4,30,False
bot3,bot4,bot3,bot3,44,False
bot3,bot4,bot4,bot4,30,False
bot3,bot4,bot3,bot3,44,False
bot3,bot4,bot4,bot4,30,False
bot3,bot4,bot3,bot3,44,False
bot3,bot4,bot4,bot4,30,False
bot3,bot4,bot3,bot3,44,False
bot3,bot4,bot4,bot4,30,False
bot3,bot4,bot3,bot3,44,False
bot3,bot4,bot4,bot4,30,False
bot3,bot4,bot3,bot3,44,False
bot3,bot4,bot4,bot4,69,False
bot3,bot4,bot3,bot3,44,False
bot3,bot4,bot4,bot4,30,False
bot3,bot4,bot3,bot3,44,False
bot3,bot4,bot4,bot4,30,False
bot3,bot4,bot3,bot3,44,False
bot3,bot4,bot4,bot4,30,False
bot3,bot4,bot3,bot3,44,False
bot3,bot4,bot4,bot4,30,False
bot3,bot4,bot3,bot3,44,False
bot3,bot4,bot4,bot4,30,False
bot3,bot4,bot3,bot4,79,False
bot3,bot4,bot4,bot4,30,False
bot3,bot4,bot3,bot3,44,False
bot3,bot4,bot4,bot4,30,False
bot3,bot4,bot3,bot3,44,False
bot3,bot4,bot4,bot4,30,False
bot3,bot4,bot3,bot3,44,False
bot3,bot4,bot4,bot4,30,False
bot3,bot4,bot3,bot3,44,False
bot3,bot4,bot4,bot4,30,False
bot3,bot4,bot3,bot3,36,False
bot3,bot4,bot4,bot4,30,False
bot3,bot4,bot3,bot3,44,False
bot3,bot4,bot4,bot4,30,False
bot3,bot4,bot3,bot3,44,False
bot3,bot4,bot4,bot4,30,False
bot3,bot4,bot3,bot3,44,False
bot3,bot4,bot4,bot4,30,False
bot3,bot4,bot3,bot3,44,False
bot3,bot4,bot4,bot4,30,False
bot3,bot4,bot3,bot3,44,False
bot3,bot4,bot4,bot4,30,False
bot3,bot4,bot3,bot3,44,False
bot3,bot4,bot4,bot4,30,False
bot3,bot4,bot3,bot4,115,False
bot3,bot4,bot4,bot4,30,False
bot3,bot4,bot3,bot3,44,False
bot3,bot4,bot4,bot4,30,False
bot3,bot4,bot3,bot3,44,False
bot3,bot4,bot4,bot4,30,False
bot3,bot4,bot3,bot3,36,False
bot3,bot4,bot4,bot4,30,False
bot3,bot4,bot3,bot3,44,False
bot3,bot4,bot4,bot4,30,False
bot3,bot4,bot3,bot3,44,False
bot3,bot4,bot4,bot4,30,False
bot3,bot5,bot3,bot5,27,False
bot3,bot5,bot5,bot5,30,False
bot3,bot5,bot3,bot5,27,False
bot3,bot5,bot5,bot5,30,False
bot3,bot5,bot3,bot5,27,False
bot3,bot5,bot5,bot5,30,False
bot3,bot5,bot3,bot5,27,False
bot3,bot5,bot5,bot5,30,False
bot3,bot5,bot3,bot5,27,False
bot3,bot5,bot5,bot5,30,False
bot3,bot5,bot3,bot5,27,False
bot3,bot5,bot5,bot5,40,False
bot3,bot5,bot3,bot5,27,False
bot3,bot5,bot5,bot5,30,False
bot3,bot5,bot3,bot5,27,False
bot3,bot5,bot5,bot5,30,False
bot3,bot5,bot3,bot5,27,False
bot3,bot5,bot5,bot5,30,False
bot3,bot5,bot3,bot5,27,False
bot3,bot5,bot5,bot5,30,False
bot3,bot5,bot3,bot5,27,False
bot3,bot5,bot5,bot5,30,False
bot3,bot5,bot3,bot5,27,False
bot3,bot5,bot5,bot5,30,False
bot3,bot5,bot3,bot5,27,False
bot3,bot5,bot5,bot5,30,False
bot3,bot5,bot3,bot3,44,False
bot3,bot5,bot5,None,200,True
bot3,bot5,bot3,bot5,27,False
bot3,bot5,bot5,bot5,30,False
bot3,bot5,bot3,bot5,27,False
bot3,bot5,bot5,bot5,30,False
bot3,bot5,bot3,bot5,27,False
bot3,bot5,bot5,bot5,30,False
bot3,bot5,bot3,bot5,27,False
bot3,bot5,bot5,bot5,30,False
bot3,bot5,bot3,bot5,27,False
bot3,bot5,bot5,bot5,30,False
bot3,bot5,bot3,bot5,27,False
bot3,bot5,bot5,bot5,30,False
bot3,bot5,bot3,bot5,27,False
bot3,bot5,bot5,bot5,30,False
bot3,bot5,bot3,bot3,44,False
bot3,bot5,bot5,bot5,30,False
bot3,bot5,bot3,bot5,27,False
bot3,bot5,bot5,bot5,30,False
bot3,bot5,bot3,bot5,27,False
bot3,bot5,bot5,bot5,30,False
bot3,bot5,bot3,bot5,27,False
bot3,bot5,bot5,bot5,30,False
bot3,bot5,bot3,bot5,27,False
bot3,bot5,bot5,bot5,30,False
bot3,bot5,bot3,bot5,27,False
bot3,bot5,bot5,bot5,30,False
bot3,bot5,bot3,bot5,27,False
bot3,bot5,bot5,bot5,30,False
bot3,bot5,bot3,bot5,27,False
bot3,bot5,bot5,bot5,30,False
bot3,bot5,bot3,bot5,27,False
bot3,bot5,bot5,bot5,30,False
bot3,bot5,bot3,bot5,27,False
bot3,bot5,bot5,bot5,30,False
bot3,bot5,bot3,bot5,27,False
bot3,bot5,bot5,None,200,True
bot3,bot5,bot3,bot5,27,False
bot3,bot5,bot5,bot5,30,False
bot3,bot5,bot3,bot5,27,False
bot3,bot5,bot5,bot5,30,False
bot3,bot5,bot3,bot5,27,False
bot3,bot5,bot5,bot5,30,False
bot3,bot5,bot3,bot3,44,False
bot3,bot5,bot5,bot5,30,False
bot3,bot5,bot3,bot5,27,False
bot3,bot5,bot5,bot5,40,False
bot3,bot5,bot3,bot5,27,False
bot3,bot5,bot5,bot5,30,False
bot3,bot5,bot3,bot5,27,False
bot3,bot5,bot5,bot5,30,False
bot3,bot5,bot3,bot5,27,False
bot3,bot5,bot5,bot5,30,False
bot3,bot5,bot3,bot5,27,False
bot3,bot5,bot5,bot5,30,False
bot3,bot5,bot3,bot5,27,False
bot3,bot5,bot5,bot5,30,False
bot3,bot5,bot3,bot5,27,False
bot3,bot5,bot5,None,200,True
bot3,bot5,bot3,bot5,27,False
bot3,bot5,bot5,bot5,30,False
bot3,bot5,bot3,bot5,27,False
bot3,bot5,bot5,bot5,30,False
bot3,bot5,bot3,bot5,27,False
bot3,bot5,bot5,bot5,30,False
bot3,bot5,bot3,bot5,27,False
bot3,bot5,bot5,bot5,30,False
bot3,bot5,bot3,bot5,27,False
bot3,bot5,bot5,bot5,30,False
bot3,bot5,bot3,bot5,27,False
bot3,bot5,bot5,bot5,30,False
bot3,bot5,bot3,bot5,27,False
bot3,bot5,bot5,bot5,30,False
bot3,bot5,bot3,bot5,27,False
bot3,bot5,bot5,bot5,30,False
bot3,bot5,bot3,bot5,27,False
bot3,bot5,bot5,bot5,30,False
bot3,bot5,bot3,bot5,27,False
bot3,bot5,bot5,bot5,30,False
bot3,bot5,bot3,bot5,27,False
bot3,bot5,bot5,bot5,30,False
bot3,bot5,bot3,bot3,36,False
bot3,bot5,bot5,bot5,30,False
bot3,bot5,bot3,bot5,27,False
bot3,bot5,bot5,bot5,30,False
bot3,bot5,bot3,bot5,27,False
bot3,bot5,bot5,None,200,True
bot3,bot5,bot3,bot5,27,False
bot3,bot5,bot5,bot5,30,False
bot3,bot5,bot3,bot5,27,False
bot3,bot5,bot5,bot5,30,False
bot3,bot5,bot3,bot5,27,False
bot3,bot5,bot5,bot5,30,False
bot3,bot5,bot3,bot3,44,False
bot3,bot5,bot5,bot5,30,False
bot3,bot5,bot3,bot5,27,False
bot3,bot5,bot5,None,200,True
bot3,bot5,bot3,bot5,27,False
bot3,bot5,bot5,bot5,30,False
bot3,bot5,bot3,bot5,27,False
bot3,bot5,bot5,bot5,30,False
bot3,bot5,bot3,bot3,36,False
bot3,bot5,bot5,bot5,30,False
bot3,bot5,bot3,bot5,27,False
bot3,bot5,bot5,bot5,30,False
bot3,bot5,bot3,bot5,27,False
bot3,bot5,bot5,bot5,30,False
bot3,bot5,bot3,bot5,27,False
bot3,bot5,bot5,bot5,30,False
bot3,bot5,bot3,bot5,27,False
bot3,bot5,bot5,None,200,True
bot3,bot5,bot3,bot5,27,False
bot3,bot5,bot5,bot5,30,False
bot3,bot5,bot3,bot5,27,False
bot3,bot5,bot5,bot5,30,False
bot3,bot5,bot3,bot5,27,False
bot3,bot5,bot5,bot5,30,False
bot3,bot5,bot3,bot5,27,False
bot3,bot5,bot5,bot5,30,False
bot3,bot5,bot3,bot3,36,False
bot3,bot5,bot5,bot5,40,False
bot3,bot5,bot3,bot5,27,False
bot3,bot5,bot5,bot5,30,False
bot3,bot5,bot3,bot5,27,False
bot3,bot5,bot5,bot5,30,False
bot3,bot5,bot3,bot5,27,False
bot3,bot5,bot5,bot5,30,False
bot3,bot5,bot3,bot5,27,False
bot3,bot5,bot5,bot5,40,False
bot3,bot5,bot3,bot5,27,False
bot3,bot5,bot5,bot5,30,False
bot3,bot5,bot3,bot5,27,False
bot3,bot5,bot5,bot5,30,False
bot3,bot5,bot3,bot5,27,False
bot3,bot5,bot5,bot5,30,False
bot3,bot5,bot3,bot5,27,False
bot3,bot5,bot5,bot5,30,False
bot3,bot5,bot3,bot5,27,False
bot3,bot5,bot5,bot5,30,False
bot3,bot5,bot3,bot5,27,False
bot3,bot5,bot5,bot5,30,False
bot3,bot5,bot3,bot5,27,False
bot3,bot5,bot5,bot5,30,False
bot3,bot5,bot3,bot5,27,False
bot3,bot5,bot5,bot5,30,False
bot3,bot5,bot3,bot5,27,False
bot3,bot5,bot5,bot5,30,False
bot3,bot5,bot3,bot5,27,False
bot3,bot5,bot5,bot5,30,False
bot3,bot5,bot3,bot5,27,False
bot3,bot5,bot5,bot5,30,False
bot3,bot5,bot3,bot5,27,False
bot3,bot5,bot5,bot5,30,False
bot3,bot5,bot3,bot5,27,False
bot3,bot5,bot5,bot5,30,False
bot3,bot5,bot3,bot5,27,False
bot3,bot5,bot5,bot5,30,False
bot3,bot5,bot3,bot5,27,False
bot3,bot5,bot5,bot5,40,False
bot3,bot5,bot3,bot5,27,False
bot3,bot5,bot5,bot5,30,False
bot3,bot5,bot3,bot5,27,False
bot3,bot5,bot5,bot5,30,False
bot3,bot5,bot3,bot5,27,False
bot3,bot5,bot5,bot5,40,False
bot3,bot5,bot3,bot3,36,False
bot3,bot5,bot5,bot5,30,False
bot3,bot5,bot3,bot3,44,False
bot3,bot5,bot5,bot5,30,False
bot3,bot5,bot3,bot5,27,False
bot3,bot5,bot5,None,200,True
bot3,bot5,bot3,bot5,27,False
bot3,bot5,bot5,bot5,30,False
bot3,bot5,bot3,bot5,27,False
bot3,bot5,bot5,bot5,30,False
bot3,bot5,bot3,bot3,44,False
bot3,bot5,bot5,None,200,True
bot3,bot5,bot3,bot5,27,False
bot3,bot5,bot5,bot5,30,False
bot3,bot5,bot3,bot5,27,False
bot3,bot5,bot5,bot5,30,False
bot3,bot5,bot3,bot3,36,False
bot3,bot5,bot5,bot5,30,False
bot3,bot5,bot3,bot5,27,False
bot3,bot5,bot5,bot5,40,False
bot3,bot5,bot3,bot5,27,False
bot3,bot5,bot5,bot5,30,False
bot3,bot5,bot3,bot5,27,False
bot3,bot5,bot5,bot5,30,False
bot3,bot5,bot3,bot5,27,False
bot3,bot5,bot5,bot5,30,False
bot3,bot5,bot3,bot5,27,False
bot3,bot5,bot5,bot5,30,False
bot3,bot5,bot3,bot5,27,False
bot3,bot5,bot5,bot5,30,False
bot3,bot5,bot3,bot5,27,False
bot3,bot5,bot5,bot5,30,False
bot3,bot5,bot3,bot5,27,False
bot3,bot5,bot5,bot5,30,False
bot3,bot5,bot3,bot5,27,False
bot3,bot5,bot5,bot5,30,False
bot3,bot5,bot3,bot5,27,False
bot3,bot5,bot5,bot5,30,False
bot3,bot5,bot3,bot5,27,False
bot3,bot5,bot5,bot5,30,False
bot3,bot5,bot3,bot5,27,False
bot3,bot5,bot5,bot5,30,False
bot3,bot5,bot3,bot5,27,False
bot3,bot5,bot5,bot5,30,False
bot3,bot5,bot3,bot5,27,False
bot3,bot5,bot5,bot5,30,False
bot3,bot5,bot3,bot5,27,False
bot3,bot5,bot5,bot5,30,False
bot3,bot5,bot3,bot5,27,False
bot3,bot5,bot5,bot5,30,False
bot3,bot5,bot3,bot5,27,False
bot3,bot5,bot5,bot5,30,False
bot3,bot5,bot3,bot5,27,False
bot3,bot5,bot5,bot5,30,False
bot3,bot5,bot3,bot5,27,False
bot3,bot5,bot5,bot5,30,False
bot3,bot5,bot3,bot3,44,False
bot3,bot5,bot5,bot5,30,False
bot3,bot5,bot3,bot5,27,False
bot3,bot5,bot5,bot5,30,False
bot3,bot5,bot3,bot5,27,False
bot3,bot5,bot5,bot5,30,False
bot3,bot5,bot3,bot5,27,False
bot3,bot5,bot5,bot5,30,False
bot3,bot5,bot3,bot5,27,False
bot3,bot5,bot5,bot5,30,False
bot3,bot5,bot3,bot5,27,False
bot3,bot5,bot5,bot5,30,False
bot3,bot5,bot3,bot5,27,False
bot3,bot5,bot5,bot5,30,False
bot3,bot5,bot3,bot5,27,False
bot3,bot5,bot5,bot5,30,False
bot3,bot5,bot3,bot5,27,False
bot3,bot5,bot5,bot5,30,False
bot3,bot5,bot3,bot5,27,False
bot3,bot5,bot5,bot5,30,False
bot3,bot5,bot3,bot5,27,False
bot3,bot5,bot5,bot5,30,False
bot3,bot5,bot3,bot5,27,False
bot3,bot5,bot5,bot5,30,False
bot3,bot5,bot3,bot5,27,False
bot3,bot5,bot5,bot5,30,False
bot3,bot5,bot3,bot5,27,False
bot3,bot5,bot5,bot3,62,False
bot3,bot5,bot3,bot5,27,False
bot3,bot5,bot5,bot5,30,False
bot3,bot5,bot3,bot5,27,False
bot3,bot5,bot5,bot5,30,False
bot3,bot5,bot3,bot5,27,False
bot3,bot5,bot5,bot5,30,False
bot3,bot5,bot3,bot5,27,False
bot3,bot5,bot5,bot5,30,False
bot3,bot5,bot3,bot5,27,False
bot3,bot5,bot5,None,200,True
bot3,bot5,bot3,bot5,27,False
bot3,bot5,bot5,bot5,30,False
bot3,bot5,bot3,bot5,27,False
bot3,bot5,bot5,bot5,30,False
bot3,bot5,bot3,bot5,27,False
bot3,bot5,bot5,bot5,30,False
bot3,bot5,bot3,bot5,46,False
bot3,bot5,bot5,bot5,40,False
bot3,bot5,bot3,bot5,27,False
bot3,bot5,bot5,bot5,30,False
bot3,bot5,bot3,bot5,27,False
bot3,bot5,bot5,bot5,30,False
bot3,bot5,bot3,bot5,27,False
bot3,bot5,bot5,bot5,30,False
bot3,bot6,bot3,bot6,27,False
bot3,bot6,bot6,bot6,30,False
bot3,bot6,bot3,bot3,44,False
bot3,bot6,bot6,bot6,30,False
bot3,bot6,bot3,bot6,27,False
bot3,bot6,bot6,bot6,30,False
bot3,bot6,bot3,bot6,27,False
bot3,bot6,bot6,bot6,30,False
bot3,bot6,bot3,bot6,70,False
bot3,bot6,bot6,bot3,42,False
bot3,bot6,bot3,bot6,27,False
bot3,bot6,bot6,bot3,42,False
bot3,bot6,bot3,bot6,27,False
bot3,bot6,bot6,bot6,30,False
bot3,bot6,bot3,bot6,27,False
bot3,bot6,bot6,bot6,30,False
bot3,bot6,bot3,bot6,27,False
bot3,bot6,bot6,bot6,30,False
bot3,bot6,bot3,bot6,27,False
bot3,bot6,bot6,bot6,30,False
bot3,bot6,bot3,bot6,27,False
bot3,bot6,bot6,bot6,30,False
bot3,bot6,bot3,bot6,27,False
bot3,bot6,bot6,bot6,30,False
bot3,bot6,bot3,bot6,27,False
bot3,bot6,bot6,bot6,30,False
bot3,bot6,bot3,bot6,27,False
bot3,bot6,bot6,bot6,30,False
bot3,bot6,bot3,bot6,27,False
bot3,bot6,bot6,bot6,30,False
bot3,bot6,bot3,bot6,28,False
bot3,bot6,bot6,bot6,30,False
bot3,bot6,bot3,bot6,27,False
bot3,bot6,bot6,bot6,30,False
bot3,bot6,bot3,bot6,27,False
bot3,bot6,bot6,bot6,30,False
bot3,bot6,bot3,bot6,27,False
bot3,bot6,bot6,bot6,30,False
bot3,bot6,bot3,bot6,27,False
bot3,bot6,bot6,bot6,30,False
bot3,bot6,bot3,bot6,27,False
bot3,bot6,bot6,bot6,30,False
bot3,bot6,bot3,bot6,27,False
bot3,bot6,bot6,bot6,30,False
bot3,bot6,bot3,bot6,27,False
bot3,bot6,bot6,bot6,30,False
bot3,bot6,bot3,bot6,27,False
bot3,bot6,bot6,bot6,30,False
bot3,bot6,bot3,bot6,70,False
bot3,bot6,bot6,bot6,30,False
bot3,bot6,bot3,bot6,27,False
bot3,bot6,bot6,bot6,30,False
bot3,bot6,bot3,bot6,27,False
bot3,bot6,bot6,bot6,30,False
bot3,bot6,bot3,bot6,27,False
bot3,bot6,bot6,bot6,30,False
bot3,bot6,bot3,bot6,27,False
bot3,bot6,bot6,bot6,30,False
bot3,bot6,bot3,bot6,28,False
bot3,bot6,bot6,bot6,30,False
bot3,bot6,bot3,bot6,24,False
bot3,bot6,bot6,bot6,30,False
bot3,bot6,bot3,bot6,27,False
bot3,bot6,bot6,bot6,40,False
bot3,bot6,bot3,bot6,27,False
bot3,bot6,bot6,bot6,30,False
bot3,bot6,bot3,bot6,27,False
bot3,bot6,bot6,bot6,30,False
bot3,bot6,bot3,bot6,27,False
bot3,bot6,bot6,bot6,54,False
bot3,bot6,bot3,bot6,27,False
bot3,bot6,bot6,bot6,30,False
bot3,bot6,bot3,bot6,27,False
bot3,bot6,bot6,bot6,30,False
bot3,bot6,bot3,bot6,27,False
bot3,bot6,bot6,bot6,30,False
bot3,bot6,bot3,bot6,27,False
bot3,bot6,bot6,bot6,30,False
bot3,bot6,bot3,bot6,27,False
bot3,bot6,bot6,bot6,40,False
bot3,bot6,bot3,bot6,27,False
bot3,bot6,bot6,bot6,54,False
bot3,bot6,bot3,bot6,27,False
bot3,bot6,bot6,bot6,30,False
bot3,bot6,bot3,bot6,27,False
bot3,bot6,bot6,bot6,30,False
bot3,bot6,bot3,bot6,27,False
bot3,bot6,bot6,bot6,40,False
bot3,bot6,bot3,bot6,27,False
bot3,bot6,bot6,bot6,30,False
bot3,bot6,bot3,bot6,27,False
bot3,bot6,bot6,bot6,30,False
bot3,bot6,bot3,bot6,27,False
bot3,bot6,bot6,bot6,30,False
bot3,bot6,bot3,bot3,80,False
bot3,bot6,bot6,bot6,30,False
bot3,bot6,bot3,bot6,27,False
bot3,bot6,bot6,bot6,30,False
bot3,bot6,bot3,bot6,27,False
bot3,bot6,bot6,bot6,30,False
bot3,bot6,bot3,bot6,27,False
bot3,bot6,bot6,bot6,30,False
bot3,bot6,bot3,bot6,27,False
bot3,bot6,bot6,bot6,30,False
bot3,bot6,bot3,bot6,28,False
bot3,bot6,bot6,bot6,54,False
bot3,bot6,bot3,bot6,27,False
bot3,bot6,bot6,bot6,30,False
bot3,bot6,bot3,bot6,28,False
bot3,bot6,bot6,bot6,30,False
bot3,bot6,bot3,bot6,24,False
bot3,bot6,bot6,bot6,30,False
bot3,bot6,bot3,bot6,27,False
bot3,bot6,bot6,bot6,30,False
bot3,bot6,bot3,bot6,27,False
bot3,bot6,bot6,bot6,30,False
bot3,bot6,bot3,bot6,27,False
bot3,bot6,bot6,bot3,42,False
bot3,bot6,bot3,bot6,27,False
bot3,bot6,bot6,bot6,30,False
bot3,bot6,bot3,bot6,27,False
bot3,bot6,bot6,bot6,54,False
bot3,bot6,bot3,bot6,27,False
bot3,bot6,bot6,bot6,30,False
bot3,bot6,bot3,bot6,27,False
bot3,bot6,bot6,bot6,30,False
bot3,bot6,bot3,bot6,27,False
bot3,bot6,bot6,bot6,30,False
bot3,bot6,bot3,bot6,70,False
bot3,bot6,bot6,bot6,54,False
bot3,bot6,bot3,bot6,24,False
bot3,bot6,bot6,bot6,30,False
bot3,bot6,bot3,bot6,27,False
bot3,bot6,bot6,bot6,30,False
bot3,bot6,bot3,bot6,27,False
bot3,bot6,bot6,bot6,30,False
bot3,bot6,bot3,bot6,27,False
bot3,bot6,bot6,bot6,30,False
bot3,bot6,bot3,bot6,27,False
bot3,bot6,bot6,bot6,30,False
bot3,bot6,bot3,bot6,24,False
bot3,bot6,bot6,bot6,30,False
bot3,bot6,bot3,bot6,27,False
bot3,bot6,bot6,bot6,30,False
bot3,bot6,bot3,bot6,27,False
bot3,bot6,bot6,bot6,30,False
bot3,bot6,bot3,bot6,27,False
bot3,bot6,bot6,bot6,30,False
bot3,bot6,bot3,bot6,27,False
bot3,bot6,bot6,bot6,30,False
bot3,bot6,bot3,bot6,27,False
bot3,bot6,bot6,bot6,30,False
bot3,bot6,bot3,bot6,27,False
bot3,bot6,bot6,bot6,30,False
bot3,bot6,bot3,bot6,27,False
bot3,bot6,bot6,bot6,30,False
bot3,bot6,bot3,bot6,70,False
bot3,bot6,bot6,bot6,30,False
bot3,bot6,bot3,bot6,27,False
bot3,bot6,bot6,bot6,40,False
bot3,bot6,bot3,bot6,24,False
bot3,bot6,bot6,bot6,30,False
bot3,bot6,bot3,bot6,27,False
bot3,bot6,bot6,bot6,30,False
bot3,bot6,bot3,bot6,27,False
bot3,bot6,bot6,bot6,30,False
bot3,bot6,bot3,bot6,27,False
bot3,bot6,bot6,bot3,42,False
bot3,bot6,bot3,bot6,27,False
bot3,bot6,bot6,bot6,30,False
bot3,bot6,bot3,bot6,27,False
bot3,bot6,bot6,bot6,30,False
bot3,bot6,bot3,bot6,70,False
bot3,bot6,bot6,bot6,30,False
bot3,bot6,bot3,bot6,27,False
bot3,bot6,bot6,bot6,30,False
bot3,bot6,bot3,bot6,27,False
bot3,bot6,bot6,bot6,30,False
bot3,bot6,bot3,bot6,27,False
bot3,bot6,bot6,bot6,30,False
bot3,bot6,bot3,bot6,24,False
bot3,bot6,bot6,bot6,30,False
bot3,bot6,bot3,bot3,105,False
bot3,bot6,bot6,bot3,42,False
bot3,bot6,bot3,bot6,27,False
bot3,bot6,bot6,bot6,30,False
bot3,bot6,bot3,bot6,24,False
bot3,bot6,bot6,bot3,50,False
bot3,bot6,bot3,bot6,27,False
bot3,bot6,bot6,bot6,30,False
bot3,bot6,bot3,bot6,27,False
bot3,bot6,bot6,bot3,46,False
bot3,bot6,bot3,bot6,27,False
bot3,bot6,bot6,bot6,30,False
bot3,bot6,bot3,bot6,27,False
bot3,bot6,bot6,bot6,30,False
bot3,bot6,bot3,bot6,27,False
bot3,bot6,bot6,bot6,30,False
bot3,bot6,bot3,bot6,27,False
bot3,bot6,bot6,bot6,30,False
bot3,bot6,bot3,bot6,27,False
bot3,bot6,bot6,bot6,30,False
bot3,bot6,bot3,bot6,27,False
bot3,bot6,bot6,bot6,30,False
bot3,bot6,bot3,bot6,27,False
bot3,bot6,bot6,bot6,30,False
bot3,bot6,bot3,bot6,24,False
bot3,bot6,bot6,bot6,30,False
bot3,bot6,bot3,bot6,27,False
bot3,bot6,bot6,bot6,30,False
bot3,bot6,bot3,bot6,27,False
bot3,bot6,bot6,bot6,30,False
bot3,bot6,bot3,bot6,27,False
bot3,bot6,bot6,bot6,30,False
bot3,bot6,bot3,bot6,27,False
bot3,bot6,bot6,bot6,30,False
bot3,bot6,bot3,bot6,27,False
bot3,bot6,bot6,bot6,30,False
bot3,bot6,bot3,bot6,27,False
bot3,bot6,bot6,bot6,30,False
bot3,bot6,bot3,bot6,27,False
bot3,bot6,bot6,bot6,30,False
bot3,bot6,bot3,bot6,27,False
bot3,bot6,bot6,bot6,30,False
bot3,bot6,bot3,bot6,24,False
bot3,bot6,bot6,bot6,30,False
bot3,bot6,bot3,bot6,27,False
bot3,bot6,bot6,bot6,30,False
bot3,bot6,bot3,bot6,27,False
bot3,bot6,bot6,bot6,30,False
bot3,bot6,bot3,bot6,27,False
bot3,bot6,bot6,bot6,30,False
bot3,bot6,bot3,bot6,27,False
bot3,bot6,bot6,bot6,30,False
bot3,bot6,bot3,bot6,27,False
bot3,bot6,bot6,bot6,30,False
bot3,bot6,bot3,bot6,27,False
bot3,bot6,bot6,bot6,30,False
bot3,bot6,bot3,bot6,27,False
bot3,bot6,bot6,bot6,30,False
bot3,bot6,bot3,bot6,27,False
bot3,bot6,bot6,bot6,30,False
bot3,bot6,bot3,bot6,27,False
bot3,bot6,bot6,bot6,30,False
bot3,bot6,bot3,bot6,27,False
bot3,bot6,bot6,bot3,42,False
bot3,bot6,bot3,bot6,27,False
bot3,bot6,bot6,bot6,30,False
bot3,bot6,bot3,bot6,27,False
bot3,bot6,bot6,bot6,30,False
bot3,bot6,bot3,bot6,27,False
bot3,bot6,bot6,bot6,30,False
bot3,bot6,bot3,bot6,27,False
bot3,bot6,bot6,bot6,30,False
bot3,bot6,bot3,bot6,27,False
bot3,bot6,bot6,bot6,30,False
bot3,bot6,bot3,bot6,27,False
bot3,bot6,bot6,bot6,30,False
bot3,bot6,bot3,bot6,27,False
bot3,bot6,bot6,bot6,30,False
bot3,bot6,bot3,bot6,27,False
bot3,bot6,bot6,bot6,30,False
bot3,bot6,bot3,bot6,24,False
bot3,bot6,bot6,bot6,30,False
bot3,bot6,bot3,bot6,27,False
bot3,bot6,bot6,bot6,30,False
bot3,bot6,bot3,bot6,27,False
bot3,bot6,bot6,bot6,30,False
bot3,bot6,bot3,bot6,27,False
bot3,bot6,bot6,bot6,30,False
bot3,bot6,bot3,bot6,27,False
bot3,bot6,bot6,bot6,40,False
bot3,bot6,bot3,bot6,27,False
bot3,bot6,bot6,bot6,30,False
bot3,bot6,bot3,bot6,27,False
bot3,bot6,bot6,bot6,30,False
bot3,bot6,bot3,bot6,27,False
bot3,bot6,bot6,bot6,30,False
bot3,bot6,bot3,bot6,27,False
bot3,bot6,bot6,bot6,30,False
bot3,bot6,bot3,bot6,70,False
bot3,bot6,bot6,bot6,54,False
bot3,bot6,bot3,bot6,27,False
bot3,bot6,bot6,bot6,30,False
bot3,bot6,bot3,bot6,60,False
bot3,bot6,bot6,bot6,30,False
bot3,bot6,bot3,bot6,70,False
bot3,bot6,bot6,bot6,30,False
bot3,bot6,bot3,bot3,40,False
bot3,bot6,bot6,bot6,30,False
bot3,bot6,bot3,bot6,24,False
bot3,bot6,bot6,bot6,30,False
bot3,bot6,bot3,bot6,27,False
bot3,bot6,bot6,bot6,30,False
bot3,bot6,bot3,bot6,27,False
bot3,bot6,bot6,bot6,30,False
bot3,bot6,bot3,bot6,27,False
bot3,bot6,bot6,bot6,40,False
bot3,bot6,bot3,bot6,27,False
bot3,bot6,bot6,bot6,30,False
bot3,bot7,bot3,bot7,27,False
bot3,bot7,bot7,bot7,30,False
bot3,bot7,bot3,bot7,27,False
bot3,bot7,bot7,bot7,30,False
bot3,bot7,bot3,bot7,27,False
bot3,bot7,bot7,bot7,30,False
bot3,bot7,bot3,bot3,32,False
bot3,bot7,bot7,bot7,30,False
bot3,bot7,bot3,bot7,27,False
bot3,bot7,bot7,bot7,30,False
bot3,bot7,bot3,bot7,27,False
bot3,bot7,bot7,bot7,30,False
bot3,bot7,bot3,bot3,36,False
bot3,bot7,bot7,bot7,30,False
bot3,bot7,bot3,bot7,27,False
bot3,bot7,bot7,bot7,30,False
bot3,bot7,bot3,bot7,27,False
bot3,bot7,bot7,bot7,40,False
bot3,bot7,bot3,bot3,52,False
bot3,bot7,bot7,bot7,30,False
bot3,bot7,bot3,bot3,36,False
bot3,bot7,bot7,bot7,30,False
bot3,bot7,bot3,bot7,27,False
bot3,bot7,bot7,bot7,30,False
bot3,bot7,bot3,bot7,27,False
bot3,bot7,bot7,bot7,30,False
bot3,bot7,bot3,bot3,32,False
bot3,bot7,bot7,bot7,30,False
bot3,bot7,bot3,bot7,27,False
bot3,bot7,bot7,bot7,30,False
bot3,bot7,bot3,bot7,27,False
bot3,bot7,bot7,bot7,30,False
bot3,bot7,bot3,bot7,27,False
bot3,bot7,bot7,bot7,30,False
bot3,bot7,bot3,bot7,27,False
bot3,bot7,bot7,bot7,30,False
bot3,bot7,bot3,bot7,27,False
bot3,bot7,bot7,bot3,71,False
bot3,bot7,bot3,bot7,27,False
bot3,bot7,bot7,bot7,30,False
bot3,bot7,bot3,bot7,27,False
bot3,bot7,bot7,bot7,30,False
bot3,bot7,bot3,bot7,27,False
bot3,bot7,bot7,bot7,30,False
bot3,bot7,bot3,bot7,27,False
bot3,bot7,bot7,bot7,30,False
bot3,bot7,bot3,bot7,27,False
bot3,bot7,bot7,bot7,30,False
bot3,bot7,bot3,bot3,32,False
bot3,bot7,bot7,bot7,30,False
bot3,bot7,bot3,bot7,27,False
bot3,bot7,bot7,bot7,30,False
bot3,bot7,bot3,bot7,27,False
bot3,bot7,bot7,None,200,True
bot3,bot7,bot3,bot7,27,False
bot3,bot7,bot7,bot7,48,False
bot3,bot7,bot3,bot7,27,False
bot3,bot7,bot7,bot7,30,False
bot3,bot7,bot3,bot7,27,False
bot3,bot7,bot7,bot7,30,False
bot3,bot7,bot3,bot3,32,False
bot3,bot7,bot7,bot7,30,False
bot3,bot7,bot3,bot7,27,False
bot3,bot7,bot7,bot3,62,False
bot3,bot7,bot3,bot7,27,False
bot3,bot7,bot7,bot7,30,False
bot3,bot7,bot3,bot7,27,False
bot3,bot7,bot7,bot7,30,False
bot3,bot7,bot3,bot7,27,False
bot3,bot7,bot7,bot7,30,False
bot3,bot7,bot3,bot3,32,False
bot3,bot7,bot7,bot3,71,False
bot3,bot7,bot3,bot7,27,False
bot3,bot7,bot7,bot7,30,False
bot3,bot7,bot3,bot3,36,False
bot3,bot7,bot7,bot7,30,False
bot3,bot7,bot3,bot7,27,False
bot3,bot7,bot7,bot7,30,False
bot3,bot7,bot3,bot7,27,False
bot3,bot7,bot7,bot7,30,False
bot3,bot7,bot3,bot7,27,False
bot3,bot7,bot7,bot7,30,False
bot3,bot7,bot3,bot7,27,False
bot3,bot7,bot7,bot7,30,False
bot3,bot7,bot3,bot7,27,False
bot3,bot7,bot7,bot7,30,False
bot3,bot7,bot3,bot7,27,False
bot3,bot7,bot7,bot7,30,False
bot3,bot7,bot3,bot3,32,False
bot3,bot7,bot7,bot3,75,False
bot3,bot7,bot3,bot7,27,False
bot3,bot7,bot7,bot7,30,False
bot3,bot7,bot3,bot7,27,False
bot3,bot7,bot7,bot7,30,False
bot3,bot7,bot3,bot7,27,False
bot3,bot7,bot7,bot7,30,False
bot3,bot7,bot3,bot3,32,False
bot3,bot7,bot7,bot7,30,False
bot3,bot7,bot3,bot7,27,False
bot3,bot7,bot7,bot7,30,False
bot3,bot7,bot3,bot7,27,False
bot3,bot7,bot7,bot7,30,False
bot3,bot7,bot3,bot7,27,False
bot3,bot7,bot7,bot7,30,False
bot3,bot7,bot3,bot7,27,False
bot3,bot7,bot7,bot7,30,False
bot3,bot7,bot3,bot7,27,False
bot3,bot7,bot7,bot7,30,False
bot3,bot7,bot3,bot3,36,False
bot3,bot7,bot7,bot7,30,False
bot3,bot7,bot3,bot7,27,False
bot3,bot7,bot7,bot7,30,False
bot3,bot7,bot3,bot7,27,False
bot3,bot7,bot7,bot7,30,False
bot3,bot7,bot3,bot7,27,False
bot3,bot7,bot7,bot7,30,False
bot3,bot7,bot3,bot7,27,False
bot3,bot7,bot7,bot7,30,False
bot3,bot7,bot3,bot7,27,False
bot3,bot7,bot7,bot7,30,False
bot3,bot7,bot3,bot7,27,False
bot3,bot7,bot7,bot7,30,False
bot3,bot7,bot3,bot7,27,False
bot3,bot7,bot7,bot7,40,False
bot3,bot7,bot3,None,200,True
bot3,bot7,bot7,bot7,30,False
bot3,bot7,bot3,bot7,27,False
bot3,bot7,bot7,bot7,30,False
bot3,bot7,bot3,bot7,27,False
bot3,bot7,bot7,bot7,30,False
bot3,bot7,bot3,bot7,27,False
bot3,bot7,bot7,bot7,30,False
bot3,bot7,bot3,bot7,27,False
bot3,bot7,bot7,bot7,30,False
bot3,bot7,bot3,bot7,27,False
bot3,bot7,bot7,bot7,30,False
bot3,bot7,bot3,bot7,27,False
bot3,bot7,bot7,bot7,30,False
bot3,bot7,bot3,bot7,27,False
bot3,bot7,bot7,bot7,30,False
bot3,bot7,bot3,bot7,27,False
bot3,bot7,bot7,bot7,30,False
bot3,bot7,bot3,bot7,27,False
bot3,bot7,bot7,bot7,30,False
bot3,bot7,bot3,bot7,27,False
bot3,bot7,bot7,bot7,40,False
bot3,bot7,bot3,bot7,27,False
bot3,bot7,bot7,bot7,30,False
bot3,bot7,bot3,bot7,27,False
bot3,bot7,bot7,bot7,30,False
bot3,bot7,bot3,bot7,27,False
bot3,bot7,bot7,bot7,30,False
bot3,bot7,bot3,bot7,27,False
bot3,bot7,bot7,bot7,30,False
bot3,bot7,bot3,bot7,27,False
bot3,bot7,bot7,bot7,30,False
bot3,bot7,bot3,bot7,27,False
bot3,bot7,bot7,bot7,30,False
bot3,bot7,bot3,bot7,27,False
bot3,bot7,bot7,bot7,30,False
bot3,bot7,bot3,bot7,27,False
bot3,bot7,bot7,bot7,30,False
bot3,bot7,bot3,bot7,27,False
bot3,bot7,bot7,bot7,30,False
bot3,bot7,bot3,bot7,27,False
bot3,bot7,bot7,bot7,30,False
bot3,bot7,bot3,bot7,27,False
bot3,bot7,bot7,bot7,30,False
bot3,bot7,bot3,bot7,27,False
bot3,bot7,bot7,bot7,40,False
bot3,bot7,bot3,bot7,27,False
bot3,bot7,bot7,bot7,30,False
bot3,bot7,bot3,bot7,27,False
bot3,bot7,bot7,bot3,71,False
bot3,bot7,bot3,bot7,27,False
bot3,bot7,bot7,bot7,30,False
bot3,bot7,bot3,bot3,36,False
bot3,bot7,bot7,bot7,30,False
bot3,bot7,bot3,bot7,27,False
bot3,bot7,bot7,bot7,30,False
bot3,bot7,bot3,bot7,27,False
bot3,bot7,bot7,bot7,30,False
bot3,bot7,bot3,bot7,27,False
bot3,bot7,bot7,bot7,30,False
bot3,bot7,bot3,bot3,36,False
bot3,bot7,bot7,bot7,30,False
bot3,bot7,bot3,bot3,28,False
bot3,bot7,bot7,bot7,30,False
bot3,bot7,bot3,bot7,27,False
bot3,bot7,bot7,bot7,30,False
bot3,bot7,bot3,bot7,27,False
bot3,bot7,bot7,bot7,30,False
bot3,bot7,bot3,bot7,27,False
bot3,bot7,bot7,bot7,30,False
bot3,bot7,bot3,bot7,27,False
bot3,bot7,bot7,bot7,30,False
bot3,bot7,bot3,bot7,27,False
bot3,bot7,bot7,bot7,30,False
bot3,bot7,bot3,bot3,36,False
bot3,bot7,bot7,bot7,30,False
bot3,bot7,bot3,bot7,27,False
bot3,bot7,bot7,bot7,30,False
bot3,bot7,bot3,bot7,27,False
bot3,bot7,bot7,bot7,30,False
bot3,bot7,bot3,bot3,32,False
bot3,bot7,bot7,bot7,30,False
bot3,bot7,bot3,bot7,27,False
bot3,bot7,bot7,bot7,30,False
bot3,bot7,bot3,bot7,27,False
bot3,bot7,bot7,bot7,30,False
bot3,bot7,bot3,bot3,36,False
bot3,bot7,bot7,bot7,30,False
bot3,bot7,bot3,bot7,27,False
bot3,bot7,bot7,bot7,30,False
bot3,bot7,bot3,bot7,27,False
bot3,bot7,bot7,bot7,30,False
bot3,bot7,bot3,bot7,27,False
bot3,bot7,bot7,bot7,30,False
bot3,bot7,bot3,bot7,27,False
bot3,bot7,bot7,bot7,30,False
bot3,bot7,bot3,bot7,27,False
bot3,bot7,bot7,bot7,30,False
bot3,bot7,bot3,bot3,32,False
bot3,bot7,bot7,bot7,30,False
bot3,bot7,bot3,bot7,27,False
bot3,bot7,bot7,bot7,30,False
bot3,bot7,bot3,bot3,32,False
bot3,bot7,bot7,bot7,30,False
bot3,bot7,bot3,bot7,27,False
bot3,bot7,bot7,bot3,71,False
bot3,bot7,bot3,bot7,27,False
bot3,bot7,bot7,bot7,30,False
bot3,bot7,bot3,bot7,27,False
bot3,bot7,bot7,bot7,30,False
bot3,bot7,bot3,bot7,27,False
bot3,bot7,bot7,bot7,40,False
bot3,bot7,bot3,bot7,27,False
bot3,bot7,bot7,bot7,30,False
bot3,bot7,bot3,bot3,36,False
bot3,bot7,bot7,bot7,30,False
bot3,bot7,bot3,bot7,27,False
bot3,bot7,bot7,bot7,30,False
bot3,bot7,bot3,bot7,27,False
bot3,bot7,bot7,bot7,40,False
bot3,bot7,bot3,bot7,27,False
bot3,bot7,bot7,bot7,30,False
bot3,bot7,bot3,bot7,27,False
bot3,bot7,bot7,bot7,30,False
bot3,bot7,bot3,bot7,27,False
bot3,bot7,bot7,bot7,30,False
bot3,bot7,bot3,bot7,27,False
bot3,bot7,bot7,bot7,30,False
bot3,bot7,bot3,bot7,27,False
bot3,bot7,bot7,bot3,71,False
bot3,bot7,bot3,bot7,27,False
bot3,bot7,bot7,bot7,40,False
bot3,bot7,bot3,bot3,32,False
bot3,bot7,bot7,bot7,30,False
bot3,bot7,bot3,bot7,27,False
bot3,bot7,bot7,bot3,71,False
bot3,bot7,bot3,bot7,27,False
bot3,bot7,bot7,bot7,30,False
bot3,bot7,bot3,bot7,27,False
bot3,bot7,bot7,bot7,30,False
bot3,bot7,bot3,bot7,27,False
bot3,bot7,bot7,bot7,30,False
bot3,bot7,bot3,bot7,27,False
bot3,bot7,bot7,bot7,30,False
bot3,bot7,bot3,bot7,27,False
bot3,bot7,bot7,bot7,30,False
bot3,bot7,bot3,bot7,27,False
bot3,bot7,bot7,bot7,30,False
bot3,bot7,bot3,bot7,27,False
bot3,bot7,bot7,bot7,30,False
bot3,bot7,bot3,bot7,27,False
bot3,bot7,bot7,bot7,30,False
bot3,bot7,bot3,bot7,27,False
bot3,bot7,bot7,bot7,30,False
bot3,bot7,bot3,bot7,27,False
bot3,bot7,bot7,bot7,30,False
bot3,bot7,bot3,bot7,27,False
bot3,bot7,bot7,bot7,40,False
bot3,bot7,bot3,bot7,27,False
bot3,bot7,bot7,bot7,30,False
bot3,bot7,bot3,bot7,27,False
bot3,bot7,bot7,bot7,30,False
bot3,bot7,bot3,bot7,27,False
bot3,bot7,bot7,bot7,30,False
bot3,bot7,bot3,bot7,27,False
bot3,bot7,bot7,bot7,30,False
bot3,bot7,bot3,bot7,27,False
bot3,bot7,bot7,bot7,30,False
bot3,bot7,bot3,bot3,48,False
bot3,bot7,bot7,bot7,30,False
bot3,bot7,bot3,bot7,27,False
bot3,bot7,bot7,bot7,30,False
bot3,bot7,bot3,bot3,32,False
bot3,bot7,bot7,bot7,30,False
bot3,bot7,bot3,bot3,32,False
bot3,bot7,bot7,bot7,30,False
bot3,bot8,bot3,bot3,32,False
bot3,bot8,bot8,bot8,30,False
bot3,bot8,bot3,bot3,32,False
bot3,bot8,bot8,bot8,30,False
bot3,bot8,bot3,bot3,32,False
bot3,bot8,bot8,bot8,30,False
bot3,bot8,bot3,bot3,32,False
bot3,bot8,bot8,bot8,30,False
bot3,bot8,bot3,bot3,32,False
bot3,bot8,bot8,bot8,30,False
bot3,bot8,bot3,bot3,32,False
bot3,bot8,bot8,bot8,30,False
bot3,bot8,bot3,bot3,32,False
bot3,bot8,bot8,bot8,30,False
bot3,bot8,bot3,bot3,32,False
bot3,bot8,bot8,bot8,30,False
bot3,bot8,bot3,bot3,32,False
bot3,bot8,bot8,bot8,30,False
bot3,bot8,bot3,bot3,32,False
bot3,bot8,bot8,bot8,30,False
bot3,bot8,bot3,bot3,32,False
bot3,bot8,bot8,bot8,30,False
bot3,bot8,bot3,bot3,36,False
bot3,bot8,bot8,bot8,30,False
bot3,bot8,bot3,bot3,32,False
bot3,bot8,bot8,bot8,30,False
bot3,bot8,bot3,bot8,46,False
bot3,bot8,bot8,bot8,30,False
bot3,bot8,bot3,bot3,32,False
bot3,bot8,bot8,bot8,30,False
bot3,bot8,bot3,bot3,36,False
bot3,bot8,bot8,bot8,30,False
bot3,bot8,bot3,bot3,32,False
bot3,bot8,bot8,bot8,30,False
bot3,bot8,bot3,bot3,32,False
bot3,bot8,bot8,bot8,30,False
bot3,bot8,bot3,bot8,46,False
bot3,bot8,bot8,bot8,30,False
bot3,bot8,bot3,bot3,32,False
bot3,bot8,bot8,bot8,30,False
bot3,bot8,bot3,bot3,32,False
bot3,bot8,bot8,bot8,30,False
bot3,bot8,bot3,bot3,32,False
bot3,bot8,bot8,bot8,30,False
bot3,bot8,bot3,bot3,32,False
bot3,bot8,bot8,bot8,30,False
bot3,bot8,bot3,bot3,32,False
bot3,bot8,bot8,bot8,30,False
bot3,bot8,bot3,bot3,32,False
bot3,bot8,bot8,bot8,30,False
bot3,bot8,bot3,bot3,32,False
bot3,bot8,bot8,bot8,30,False
bot3,bot8,bot3,bot3,32,False
bot3,bot8,bot8,bot8,30,False
bot3,bot8,bot3,bot3,32,False
bot3,bot8,bot8,bot8,30,False
bot3,bot8,bot3,bot3,32,False
bot3,bot8,bot8,bot8,30,False
bot3,bot8,bot3,bot3,32,False
bot3,bot8,bot8,bot8,30,False
bot3,bot8,bot3,bot3,32,False
bot3,bot8,bot8,bot8,30,False
bot3,bot8,bot3,bot3,32,False
bot3,bot8,bot8,bot8,30,False
bot3,bot8,bot3,bot3,32,False
bot3,bot8,bot8,bot8,30,False
bot3,bot8,bot3,bot3,32,False
bot3,bot8,bot8,bot8,30,False
bot3,bot8,bot3,bot3,32,False
bot3,bot8,bot8,bot8,30,False
bot3,bot8,bot3,bot8,46,False
bot3,bot8,bot8,bot8,30,False
bot3,bot8,bot3,None,200,True
bot3,bot8,bot8,bot8,30,False
bot3,bot8,bot3,bot3,32,False
bot3,bot8,bot8,bot8,30,False
bot3,bot8,bot3,bot3,32,False
bot3,bot8,bot8,bot8,30,False
bot3,bot8,bot3,None,200,True
bot3,bot8,bot8,bot8,30,False
bot3,bot8,bot3,bot3,32,False
bot3,bot8,bot8,bot8,30,False
bot3,bot8,bot3,bot3,32,False
bot3,bot8,bot8,bot8,30,False
bot3,bot8,bot3,bot3,32,False
bot3,bot8,bot8,bot8,30,False
bot3,bot8,bot3,bot3,32,False
bot3,bot8,bot8,bot8,30,False
bot3,bot8,bot3,bot3,32,False
bot3,bot8,bot8,bot8,30,False
bot3,bot8,bot3,bot3,32,False
bot3,bot8,bot8,bot8,30,False
bot3,bot8,bot3,bot3,32,False
bot3,bot8,bot8,bot8,30,False
bot3,bot8,bot3,bot3,32,False
bot3,bot8,bot8,bot8,30,False
bot3,bot8,bot3,bot3,32,False
bot3,bot8,bot8,bot8,30,False
bot3,bot8,bot3,bot3,32,False
bot3,bot8,bot8,bot8,30,False
bot3,bot8,bot3,None,200,True
bot3,bot8,bot8,bot8,30,False
bot3,bot8,bot3,bot3,32,False
bot3,bot8,bot8,bot8,30,False
bot3,bot8,bot3,bot3,36,False
bot3,bot8,bot8,bot8,69,False
bot3,bot8,bot3,bot3,32,False
bot3,bot8,bot8,bot8,30,False
bot3,bot8,bot3,None,200,True
bot3,bot8,bot8,bot8,30,False
bot3,bot8,bot3,bot3,32,False
bot3,bot8,bot8,bot8,30,False
bot3,bot8,bot3,bot3,32,False
bot3,bot8,bot8,bot8,30,False
bot3,bot8,bot3,bot3,32,False
bot3,bot8,bot8,bot8,30,False
bot3,bot8,bot3,bot3,36,False
bot3,bot8,bot8,bot8,30,False
bot3,bot8,bot3,bot3,32,False
bot3,bot8,bot8,bot8,30,False
bot3,bot8,bot3,bot3,32,False
bot3,bot8,bot8,bot8,30,False
bot3,bot8,bot3,bot3,32,False
bot3,bot8,bot8,bot8,30,False
bot3,bot8,bot3,bot3,32,False
bot3,bot8,bot8,bot8,30,False
bot3,bot8,bot3,bot3,32,False
bot3,bot8,bot8,bot8,30,False
bot3,bot8,bot3,bot3,32,False
bot3,bot8,bot8,bot8,30,False
bot3,bot8,bot3,bot3,32,False
bot3,bot8,bot8,bot8,30,False
bot3,bot8,bot3,bot3,32,False
bot3,bot8,bot8,bot8,30,False
bot3,bot8,bot3,bot3,32,False
bot3,bot8,bot8,bot8,30,False
bot3,bot8,bot3,bot3,32,False
bot3,bot8,bot8,bot8,30,False
bot3,bot8,bot3,bot3,32,False
bot3,bot8,bot8,bot8,30,False
bot3,bot8,bot3,bot3,32,False
bot3,bot8,bot8,bot8,30,False
bot3,bot8,bot3,None,200,True
bot3,bot8,bot8,bot8,30,False
bot3,bot8,bot3,bot3,32,False
bot3,bot8,bot8,bot8,30,False
bot3,bot8,bot3,bot3,32,False
bot3,bot8,bot8,bot8,30,False
bot3,bot8,bot3,bot3,32,False
bot3,bot8,bot8,bot8,30,False
bot3,bot8,bot3,bot3,32,False
bot3,bot8,bot8,bot8,30,False
bot3,bot8,bot3,bot3,32,False
bot3,bot8,bot8,bot8,30,False
bot3,bot8,bot3,bot3,32,False
bot3,bot8,bot8,bot8,30,False
bot3,bot8,bot3,bot3,32,False
bot3,bot8,bot8,bot8,30,False
bot3,bot8,bot3,bot3,32,False
bot3,bot8,bot8,bot8,30,False
bot3,bot8,bot3,bot3,32,False
bot3,bot8,bot8,bot8,30,False
bot3,bot8,bot3,bot3,32,False
bot3,bot8,bot8,bot8,30,False
bot3,bot8,bot3,bot3,32,False
bot3,bot8,bot8,bot3,66,False
bot3,bot8,bot3,None,200,True
bot3,bot8,bot8,bot8,30,False
bot3,bot8,bot3,bot8,46,False
bot3,bot8,bot8,bot8,69,False
bot3,bot8,bot3,bot3,32,False
bot3,bot8,bot8,bot8,30,False
bot3,bot8,bot3,bot3,32,False
bot3,bot8,bot8,bot8,30,False
bot3,bot8,bot3,bot3,32,False
bot3,bot8,bot8,bot8,30,False
bot3,bot8,bot3,bot3,32,False
bot3,bot8,bot8,bot8,30,False
bot3,bot8,bot3,bot3,32,False
bot3,bot8,bot8,bot8,30,False
bot3,bot8,bot3,bot3,32,False
bot3,bot8,bot8,bot8,30,False
bot3,bot8,bot3,bot3,32,False
bot3,bot8,bot8,bot8,30,False
bot3,bot8,bot3,bot3,32,False
bot3,bot8,bot8,bot8,30,False
bot3,bot8,bot3,bot3,32,False
bot3,bot8,bot8,bot8,30,False
bot3,bot8,bot3,bot3,32,False
bot3,bot8,bot8,bot8,30,False
bot3,bot8,bot3,bot3,32,False
bot3,bot8,bot8,bot8,69,False
bot3,bot8,bot3,bot3,32,False
bot3,bot8,bot8,bot8,30,False
bot3,bot8,bot3,bot3,32,False
bot3,bot8,bot8,bot8,30,False
bot3,bot8,bot3,bot3,32,False
bot3,bot8,bot8,bot8,30,False
bot3,bot8,bot3,bot3,32,False
bot3,bot8,bot8,bot8,30,False
bot3,bot8,bot3,bot3,32,False
bot3,bot8,bot8,bot8,30,False
bot3,bot8,bot3,bot3,32,False
bot3,bot8,bot8,bot8,30,False
bot3,bot8,bot3,bot3,32,False
bot3,bot8,bot8,bot8,30,False
bot3,bot8,bot3,bot3,32,False
bot3,bot8,bot8,bot8,30,False
bot3,bot8,bot3,bot3,32,False
bot3,bot8,bot8,bot8,30,False
bot3,bot8,bot3,bot3,32,False
bot3,bot8,bot8,bot8,30,False
bot3,bot8,bot3,bot3,32,False
bot3,bot8,bot8,bot8,30,False
bot3,bot8,bot3,bot3,32,False
bot3,bot8,bot8,bot8,69,False
bot3,bot8,bot3,bot3,32,False
bot3,bot8,bot8,bot8,30,False
bot3,bot8,bot3,bot3,44,False
bot3,bot8,bot8,bot8,30,False
bot3,bot8,bot3,bot3,32,False
bot3,bot8,bot8,bot8,30,False
bot3,bot8,bot3,bot8,46,False
bot3,bot8,bot8,bot8,30,False
bot3,bot8,bot3,bot3,32,False
bot3,bot8,bot8,bot8,30,False
bot3,bot8,bot3,bot3,36,False
bot3,bot8,bot8,bot8,30,False
bot3,bot8,bot3,bot3,64,False
bot3,bot8,bot8,bot8,30,False
bot3,bot8,bot3,bot3,32,False
bot3,bot8,bot8,bot8,30,False
bot3,bot8,bot3,bot3,32,False
bot3,bot8,bot8,bot8,30,False
bot3,bot8,bot3,bot3,32,False
bot3,bot8,bot8,bot8,30,False
bot3,bot8,bot3,bot3,32,False
bot3,bot8,bot8,bot8,30,False
bot3,bot8,bot3,bot3,32,False
bot3,bot8,bot8,bot8,30,False
bot3,bot8,bot3,bot3,32,False
bot3,bot8,bot8,bot8,30,False
bot3,bot8,bot3,bot3,32,False
bot3,bot8,bot8,bot8,30,False
bot3,bot8,bot3,bot3,32,False
bot3,bot8,bot8,bot8,30,False
bot3,bot8,bot3,bot3,32,False
bot3,bot8,bot8,bot8,30,False
bot3,bot8,bot3,bot3,32,False
bot3,bot8,bot8,bot8,30,False
bot3,bot8,bot3,bot3,32,False
bot3,bot8,bot8,bot8,30,False
bot3,bot8,bot3,bot3,32,False
bot3,bot8,bot8,bot8,30,False
bot3,bot8,bot3,bot3,32,False
bot3,bot8,bot8,bot8,30,False
bot3,bot8,bot3,bot8,46,False
bot3,bot8,bot8,bot8,30,False
bot3,bot8,bot3,bot3,32,False
bot3,bot8,bot8,bot8,30,False
bot3,bot8,bot3,bot3,32,False
bot3,bot8,bot8,bot8,30,False
bot3,bot8,bot3,bot3,32,False
bot3,bot8,bot8,bot8,30,False
bot3,bot8,bot3,bot3,32,False
bot3,bot8,bot8,bot8,30,False
bot3,bot8,bot3,bot3,32,False
bot3,bot8,bot8,bot8,30,False
bot3,bot8,bot3,bot3,32,False
bot3,bot8,bot8,bot8,30,False
bot3,bot8,bot3,bot3,32,False
bot3,bot8,bot8,bot8,30,False
bot3,bot8,bot3,bot3,32,False
bot3,bot8,bot8,bot8,30,False
bot3,bot8,bot3,bot8,46,False
bot3,bot8,bot8,bot8,30,False
bot3,bot8,bot3,bot3,36,False
bot3,bot8,bot8,bot8,30,False
bot3,bot8,bot3,bot3,32,False
bot3,bot8,bot8,bot8,30,False
bot3,bot8,bot3,bot3,32,False
bot3,bot8,bot8,bot8,30,False
bot3,bot8,bot3,bot3,32,False
bot3,bot8,bot8,bot8,30,False
bot3,bot8,bot3,bot3,32,False
bot3,bot8,bot8,bot8,30,False
bot3,bot8,bot3,bot3,32,False
bot3,bot8,bot8,bot8,30,False
bot3,bot8,bot3,None,200,True
bot3,bot8,bot8,bot8,30,False
bot3,bot8,bot3,bot8,46,False
bot3,bot8,bot8,bot8,30,False
bot3,bot8,bot3,bot3,32,False
bot3,bot8,bot8,bot8,30,False
bot3,bot8,bot3,bot3,32,False
bot3,bot8,bot8,bot8,30,False
bot3,bot8,bot3,bot3,32,False
bot3,bot8,bot8,bot8,30,False
bot3,bot8,bot3,bot3,32,False
bot3,bot8,bot8,bot8,30,False
bot4,bot5,bot4,bot5,27,False
bot4,bot5,bot5,bot4,38,False
bot4,bot5,bot4,bot5,27,False
bot4,bot5,bot5,bot5,40,False
bot4,bot5,bot4,bot5,27,False
bot4,bot5,bot5,bot5,40,False
bot4,bot5,bot4,bot5,27,False
bot4,bot5,bot5,bot5,40,False
bot4,bot5,bot4,bot5,27,False
bot4,bot5,bot5,bot5,40,False
bot4,bot5,bot4,bot5,27,False
bot4,bot5,bot5,bot4,27,False
bot4,bot5,bot4,bot5,27,False
bot4,bot5,bot5,bot5,40,False
bot4,bot5,bot4,bot5,27,False
bot4,bot5,bot5,bot5,40,False
bot4,bot5,bot4,bot5,27,False
bot4,bot5,bot5,bot5,40,False
bot4,bot5,bot4,bot5,27,False
bot4,bot5,bot5,bot5,40,False
bot4,bot5,bot4,bot5,27,False
bot4,bot5,bot5,bot4,27,False
bot4,bot5,bot4,bot5,27,False
bot4,bot5,bot5,bot5,40,False
bot4,bot5,bot4,bot5,27,False
bot4,bot5,bot5,bot5,40,False
bot4,bot5,bot4,bot5,27,False
bot4,bot5,bot5,bot5,40,False
bot4,bot5,bot4,bot5,27,False
bot4,bot5,bot5,bot4,27,False
bot4,bot5,bot4,bot5,27,False
bot4,bot5,bot5,bot5,40,False
bot4,bot5,bot4,bot5,27,False
bot4,bot5,bot5,bot4,38,False
bot4,bot5,bot4,bot5,27,False
bot4,bot5,bot5,bot5,40,False
bot4,bot5,bot4,bot5,27,False
bot4,bot5,bot5,bot5,40,False
bot4,bot5,bot4,bot5,27,False
bot4,bot5,bot5,bot5,40,False
bot4,bot5,bot4,bot5,27,False
bot4,bot5,bot5,bot5,28,False
bot4,bot5,bot4,bot5,27,False
bot4,bot5,bot5,bot5,40,False
bot4,bot5,bot4,bot5,27,False
bot4,bot5,bot5,bot4,38,False
bot4,bot5,bot4,bot5,27,False
bot4,bot5,bot5,bot5,40,False
bot4,bot5,bot4,bot5,27,False
bot4,bot5,bot5,bot4,38,False
bot4,bot5,bot4,bot5,27,False
bot4,bot5,bot5,bot5,40,False
bot4,bot5,bot4,bot4,40,False
bot4,bot5,bot5,bot5,40,False
bot4,bot5,bot4,bot5,27,False
bot4,bot5,bot5,bot5,40,False
bot4,bot5,bot4,bot4,40,False
bot4,bot5,bot5,bot5,40,False
bot4,bot5,bot4,bot5,27,False
bot4,bot5,bot5,bot5,40,False
bot4,bot5,bot4,bot5,27,False
bot4,bot5,bot5,bot4,38,False
bot4,bot5,bot4,bot5,27,False
bot4,bot5,bot5,bot5,40,False
bot4,bot5,bot4,bot5,27,False
bot4,bot5,bot5,bot5,40,False
bot4,bot5,bot4,None,200,True
bot4,bot5,bot5,bot4,38,False
bot4,bot5,bot4,bot5,27,False
bot4,bot5,bot5,bot5,40,False
bot4,bot5,bot4,bot5,27,False
bot4,bot5,bot5,bot5,40,False
bot4,bot5,bot4,bot5,27,False
bot4,bot5,bot5,bot5,40,False
bot4,bot5,bot4,bot5,27,False
bot4,bot5,bot5,bot5,40,False
bot4,bot5,bot4,bot5,27,False
bot4,bot5,bot5,bot5,44,False
bot4,bot5,bot4,bot5,27,False
bot4,bot5,bot5,bot4,38,False
bot4,bot5,bot4,bot5,27,False
bot4,bot5,bot5,bot5,40,False
bot4,bot5,bot4,bot4,40,False
bot4,bot5,bot5,bot5,40,False
bot4,bot5,bot4,bot5,27,False
bot4,bot5,bot5,bot5,40,False
bot4,bot5,bot4,bot5,27,False
bot4,bot5,bot5,bot5,40,False
bot4,bot5,bot4,bot5,27,False
bot4,bot5,bot5,bot5,40,False
bot4,bot5,bot4,bot5,27,False
bot4,bot5,bot5,bot5,40,False
bot4,bot5,bot4,bot5,27,False
bot4,bot5,bot5,bot5,40,False
bot4,bot5,bot4,bot5,27,False
bot4,bot5,bot5,bot5,40,False
bot4,bot5,bot4,bot5,27,False
bot4,bot5,bot5,bot5,40,False
bot4,bot5,bot4,bot5,27,False
bot4,bot5,bot5,bot5,40,False
bot4,bot5,bot4,bot5,27,False
bot4,bot5,bot5,bot5,40,False
bot4,bot5,bot4,bot5,27,False
bot4,bot5,bot5,bot5,40,False
bot4,bot5,bot4,bot5,27,False
bot4,bot5,bot5,bot5,40,False
bot4,bot5,bot4,bot5,27,False
bot4,bot5,bot5,bot4,27,False
bot4,bot5,bot4,bot5,27,False
bot4,bot5,bot5,bot5,40,False
bot4,bot5,bot4,bot5,27,False
bot4,bot5,bot5,bot5,28,False
bot4,bot5,bot4,bot5,27,False
bot4,bot5,bot5,bot5,40,False
bot4,bot5,bot4,bot5,27,False
bot4,bot5,bot5,bot5,40,False
bot4,bot5,bot4,bot5,27,False
bot4,bot5,bot5,bot5,40,False
bot4,bot5,bot4,bot4,36,False
bot4,bot5,bot5,bot5,40,False
bot4,bot5,bot4,bot5,27,False
bot4,bot5,bot5,bot5,40,False
bot4,bot5,bot4,bot5,27,False
bot4,bot5,bot5,bot5,40,False
bot4,bot5,bot4,bot5,27,False
bot4,bot5,bot5,bot5,40,False
bot4,bot5,bot4,bot5,27,False
bot4,bot5,bot5,bot5,40,False
bot4,bot5,bot4,bot5,27,False
bot4,bot5,bot5,bot5,40,False
bot4,bot5,bot4,bot5,27,False
bot4,bot5,bot5,bot5,40,False
bot4,bot5,bot4,bot5,27,False
bot4,bot5,bot5,bot5,40,False
bot4,bot5,bot4,bot5,27,False
bot4,bot5,bot5,bot4,27,False
bot4,bot5,bot4,bot5,27,False
bot4,bot5,bot5,bot5,40,False
bot4,bot5,bot4,bot5,27,False
bot4,bot5,bot5,bot4,27,False
bot4,bot5,bot4,bot5,27,False
bot4,bot5,bot5,bot5,40,False
bot4,bot5,bot4,bot5,27,False
bot4,bot5,bot5,bot5,40,False
bot4,bot5,bot4,bot5,27,False
bot4,bot5,bot5,bot5,40,False
bot4,bot5,bot4,bot5,27,False
bot4,bot5,bot5,bot5,40,False
bot4,bot5,bot4,bot5,27,False
bot4,bot5,bot5,bot5,40,False
bot4,bot5,bot4,bot5,27,False
bot4,bot5,bot5,bot5,40,False
bot4,bot5,bot4,bot5,27,False
bot4,bot5,bot5,bot5,28,False
bot4,bot5,bot4,bot5,27,False
bot4,bot5,bot5,bot5,40,False
bot4,bot5,bot4,bot5,27,False
bot4,bot5,bot5,bot5,44,False
bot4,bot5,bot4,bot4,28,False
bot4,bot5,bot5,bot5,40,False
bot4,bot5,bot4,None,200,True
bot4,bot5,bot5,bot5,28,False
bot4,bot5,bot4,bot5,27,False
bot4,bot5,bot5,bot5,40,False
bot4,bot5,bot4,bot5,27,False
bot4,bot5,bot5,bot5,28,False
bot4,bot5,bot4,bot5,27,False
bot4,bot5,bot5,bot5,40,False
bot4,bot5,bot4,bot5,27,False
bot4,bot5,bot5,bot5,40,False
bot4,bot5,bot4,bot5,27,False
bot4,bot5,bot5,bot5,40,False
bot4,bot5,bot4,bot5,27,False
bot4,bot5,bot5,bot5,40,False
bot4,bot5,bot4,bot5,27,False
bot4,bot5,bot5,bot5,40,False
bot4,bot5,bot4,bot4,40,False
bot4,bot5,bot5,bot5,40,False
bot4,bot5,bot4,bot5,27,False
bot4,bot5,bot5,bot5,40,False
bot4,bot5,bot4,bot5,27,False
bot4,bot5,bot5,bot5,40,False
bot4,bot5,bot4,bot5,27,False
bot4,bot5,bot5,bot5,40,False
bot4,bot5,bot4,bot5,27,False
bot4,bot5,bot5,bot5,40,False
bot4,bot5,bot4,bot5,27,False
bot4,bot5,bot5,bot5,40,False
bot4,bot5,bot4,bot5,27,False
bot4,bot5,bot5,bot5,40,False
bot4,bot5,bot4,bot5,27,False
bot4,bot5,bot5,bot4,27,False
bot4,bot5,bot4,bot4,40,False
bot4,bot5,bot5,bot5,44,False
bot4,bot5,bot4,bot5,27,False
bot4,bot5,bot5,bot5,40,False
bot4,bot5,bot4,bot5,27,False
bot4,bot5,bot5,bot5,40,False
bot4,bot5,bot4,bot5,27,False
bot4,bot5,bot5,bot4,38,False
bot4,bot5,bot4,bot5,27,False
bot4,bot5,bot5,bot4,27,False
bot4,bot5,bot4,bot5,27,False
bot4,bot5,bot5,bot5,40,False
bot4,bot5,bot4,bot5,27,False
bot4,bot5,bot5,bot5,40,False
bot4,bot5,bot4,bot5,27,False
bot4,bot5,bot5,bot4,27,False
bot4,bot5,bot4,bot5,27,False
bot4,bot5,bot5,bot5,40,False
bot4,bot5,bot4,bot5,27,False
bot4,bot5,bot5,bot5,40,False
bot4,bot5,bot4,bot5,27,False
bot4,bot5,bot5,bot5,40,False
bot4,bot5,bot4,bot5,27,False
bot4,bot5,bot5,bot5,28,False
bot4,bot5,bot4,bot5,27,False
bot4,bot5,bot5,bot5,40,False
bot4,bot5,bot4,bot5,27,False
bot4,bot5,bot5,bot5,40,False
bot4,bot5,bot4,bot5,27,False
bot4,bot5,bot5,bot5,40,False
bot4,bot5,bot4,bot5,27,False
bot4,bot5,bot5,bot5,40,False
bot4,bot5,bot4,bot5,27,False
bot4,bot5,bot5,bot5,40,False
bot4,bot5,bot4,bot5,27,False
bot4,bot5,bot5,bot5,40,False
bot4,bot5,bot4,bot4,40,False
bot4,bot5,bot5,bot5,40,False
bot4,bot5,bot4,bot4,28,False
bot4,bot5,bot5,bot4,38,False
bot4,bot5,bot4,bot5,27,False
bot4,bot5,bot5,bot5,44,False
bot4,bot5,bot4,bot5,27,False
bot4,bot5,bot5,bot5,40,False
bot4,bot5,bot4,bot5,27,False
bot4,bot5,bot5,bot5,40,False
bot4,bot5,bot4,bot5,27,False
bot4,bot5,bot5,bot5,40,False
bot4,bot5,bot4,bot5,27,False
bot4,bot5,bot5,bot5,40,False
bot4,bot5,bot4,bot5,27,False
bot4,bot5,bot5,bot5,40,False
bot4,bot5,bot4,bot5,27,False
bot4,bot5,bot5,bot5,40,False
bot4,bot5,bot4,bot5,27,False
bot4,bot5,bot5,bot5,28,False
bot4,bot5,bot4,bot5,27,False
bot4,bot5,bot5,bot5,40,False
bot4,bot5,bot4,bot5,27,False
bot4,bot5,bot5,bot5,40,False
bot4,bot5,bot4,bot5,27,False
bot4,bot5,bot5,bot5,40,False
bot4,bot5,bot4,bot5,27,False
bot4,bot5,bot5,bot5,40,False
bot4,bot5,bot4,bot5,27,False
bot4,bot5,bot5,bot5,40,False
bot4,bot5,bot4,bot5,27,False
bot4,bot5,bot5,bot5,40,False
bot4,bot5,bot4,bot5,27,False
bot4,bot5,bot5,bot5,76,False
bot4,bot5,bot4,bot4,40,False
bot4,bot5,bot5,bot5,40,False
bot4,bot5,bot4,bot5,27,False
bot4,bot5,bot5,bot5,40,False
bot4,bot5,bot4,bot5,27,False
bot4,bot5,bot5,bot5,40,False
bot4,bot5,bot4,bot5,27,False
bot4,bot5,bot5,bot5,40,False
bot4,bot5,bot4,bot5,27,False
bot4,bot5,bot5,bot5,40,False
bot4,bot5,bot4,bot5,27,False
bot4,bot5,bot5,bot5,40,False
bot4,bot5,bot4,bot5,27,False
bot4,bot5,bot5,bot5,40,False
bot4,bot5,bot4,bot5,27,False
bot4,bot5,bot5,bot5,40,False
bot4,bot5,bot4,bot5,27,False
bot4,bot5,bot5,bot5,40,False
bot4,bot5,bot4,bot5,27,False
bot4,bot5,bot5,bot5,40,False
bot4,bot5,bot4,bot5,27,False
bot4,bot5,bot5,bot5,40,False
bot4,bot5,bot4,bot5,27,False
bot4,bot5,bot5,bot5,44,False
bot4,bot5,bot4,bot5,27,False
bot4,bot5,bot5,bot5,40,False
bot4,bot5,bot4,bot4,28,False
bot4,bot5,bot5,bot5,40,False
bot4,bot5,bot4,bot5,27,False
bot4,bot5,bot5,bot5,40,False
bot4,bot5,bot4,bot5,27,False
bot4,bot5,bot5,bot5,40,False
bot4,bot5,bot4,bot5,27,False
bot4,bot5,bot5,bot5,40,False
bot4,bot5,bot4,bot5,27,False
bot4,bot5,bot5,bot5,40,False
bot4,bot5,bot4,bot5,27,False
bot4,bot5,bot5,bot5,40,False
bot4,bot6,bot4,bot6,27,False
bot4,bot6,bot6,None,200,True
bot4,bot6,bot4,bot6,27,False
bot4,bot6,bot6,None,200,True
bot4,bot6,bot4,bot6,27,False
bot4,bot6,bot6,None,200,True
bot4,bot6,bot4,bot6,27,False
bot4,bot6,bot6,bot6,20,False
bot4,bot6,bot4,bot6,27,False
bot4,bot6,bot6,None,200,True
bot4,bot6,bot4,bot6,27,False
bot4,bot6,bot6,None,200,True
bot4,bot6,bot4,bot6,27,False
bot4,bot6,bot6,None,200,True
bot4,bot6,bot4,bot6,27,False
bot4,bot6,bot6,None,200,True
bot4,bot6,bot4,bot6,27,False
bot4,bot6,bot6,None,200,True
bot4,bot6,bot4,bot6,27,False
bot4,bot6,bot6,bot6,40,False
bot4,bot6,bot4,bot6,27,False
bot4,bot6,bot6,bot6,72,False
bot4,bot6,bot4,bot6,27,False
bot4,bot6,bot6,bot6,20,False
bot4,bot6,bot4,bot4,24,False
bot4,bot6,bot6,bot6,32,False
bot4,bot6,bot4,bot6,27,False
bot4,bot6,bot6,None,200,True
bot4,bot6,bot4,bot6,27,False
bot4,bot6,bot6,bot6,20,False
bot4,bot6,bot4,bot6,27,False
bot4,bot6,bot6,bot6,40,False
bot4,bot6,bot4,bot6,27,False
bot4,bot6,bot6,bot6,52,False
bot4,bot6,bot4,bot6,27,False
bot4,bot6,bot6,bot6,106,False
bot4,bot6,bot4,bot6,27,False
bot4,bot6,bot6,None,200,True
bot4,bot6,bot4,bot4,24,False
bot4,bot6,bot6,bot6,68,False
bot4,bot6,bot4,bot6,27,False
bot4,bot6,bot6,bot6,36,False
bot4,bot6,bot4,bot6,27,False
bot4,bot6,bot6,bot4,130,False
bot4,bot6,bot4,bot6,27,False
bot4,bot6,bot6,None,200,True
bot4,bot6,bot4,bot6,27,False
bot4,bot6,bot6,bot6,72,False
bot4,bot6,bot4,bot4,40,False
bot4,bot6,bot6,None,200,True
bot4,bot6,bot4,bot6,27,False
bot4,bot6,bot6,None,200,True
bot4,bot6,bot4,bot6,27,False
bot4,bot6,bot6,bot6,32,False
bot4,bot6,bot4,bot6,27,False
bot4,bot6,bot6,None,200,True
bot4,bot6,bot4,bot6,27,False
bot4,bot6,bot6,None,200,True
bot4,bot6,bot4,bot4,24,False
bot4,bot6,bot6,None,200,True
bot4,bot6,bot4,bot4,84,False
bot4,bot6,bot6,bot6,68,False
bot4,bot6,bot4,bot6,27,False
bot4,bot6,bot6,None,200,True
bot4,bot6,bot4,bot6,27,False
bot4,bot6,bot6,bot6,32,False
bot4,bot6,bot4,bot6,27,False
bot4,bot6,bot6,None,200,True
bot4,bot6,bot4,bot6,27,False
bot4,bot6,bot6,None,200,True
bot4,bot6,bot4,bot6,27,False
bot4,bot6,bot6,bot6,24,False
bot4,bot6,bot4,bot6,27,False
bot4,bot6,bot6,None,200,True
bot4,bot6,bot4,bot4,40,False
bot4,bot6,bot6,None,200,True
bot4,bot6,bot4,bot6,27,False
bot4,bot6,bot6,None,200,True
bot4,bot6,bot4,bot6,27,False
bot4,bot6,bot6,None,200,True
bot4,bot6,bot4,bot4,24,False
bot4,bot6,bot6,bot6,32,False
bot4,bot6,bot4,bot4,24,False
bot4,bot6,bot6,bot6,36,False
bot4,bot6,bot4,bot6,27,False
bot4,bot6,bot6,bot6,20,False
bot4,bot6,bot4,bot6,27,False
bot4,bot6,bot6,None,200,True
bot4,bot6,bot4,bot6,27,False
bot4,bot6,bot6,None,200,True
bot4,bot6,bot4,bot6,27,False
bot4,bot6,bot6,bot6,32,False
bot4,bot6,bot4,bot4,56,False
bot4,bot6,bot6,bot6,32,False
bot4,bot6,bot4,bot6,27,False
bot4,bot6,bot6,bot6,24,False
bot4,bot6,bot4,bot6,27,False
bot4,bot6,bot6,bot6,32,False
bot4,bot6,bot4,bot6,27,False
bot4,bot6,bot6,bot6,44,False
bot4,bot6,bot4,bot6,27,False
bot4,bot6,bot6,None,200,True
bot4,bot6,bot4,bot4,40,False
bot4,bot6,bot6,None,200,True
bot4,bot6,bot4,bot6,27,False
bot4,bot6,bot6,None,200,True
bot4,bot6,bot4,bot6,27,False
bot4,bot6,bot6,bot6,28,False
bot4,bot6,bot4,bot6,27,False
bot4,bot6,bot6,None,200,True
bot4,bot6,bot4,bot6,27,False
bot4,bot6,bot6,bot6,36,False
bot4,bot6,bot4,bot6,27,False
bot4,bot6,bot6,None,200,True
bot4,bot6,bot4,bot6,27,False
bot4,bot6,bot6,None,200,True
bot4,bot6,bot4,bot6,27,False
bot4,bot6,bot6,None,200,True
bot4,bot6,bot4,bot6,27,False
bot4,bot6,bot6,bot6,44,False
bot4,bot6,bot4,bot6,27,False
bot4,bot6,bot6,None,200,True
bot4,bot6,bot4,bot6,38,False
bot4,bot6,bot6,None,200,True
bot4,bot6,bot4,bot6,27,False
bot4,bot6,bot6,bot6,32,False
bot4,bot6,bot4,bot6,27,False
bot4,bot6,bot6,bot6,80,False
bot4,bot6,bot4,bot6,27,False
bot4,bot6,bot6,None,200,True
bot4,bot6,bot4,bot6,27,False
bot4,bot6,bot6,bot6,68,False
bot4,bot6,bot4,bot6,27,False
bot4,bot6,bot6,None,200,True
bot4,bot6,bot4,bot6,27,False
bot4,bot6,bot6,bot6,32,False
bot4,bot6,bot4,bot6,27,False
bot4,bot6,bot6,None,200,True
bot4,bot6,bot4,bot6,27,False
bot4,bot6,bot6,None,200,True
bot4,bot6,bot4,bot6,27,False
bot4,bot6,bot6,None,200,True
bot4,bot6,bot4,bot4,40,False
bot4,bot6,bot6,None,200,True
bot4,bot6,bot4,bot6,27,False
bot4,bot6,bot6,bot6,72,False
bot4,bot6,bot4,bot4,40,False
bot4,bot6,bot6,None,200,True
bot4,bot6,bot4,bot6,27,False
bot4,bot6,bot6,bot6,40,False
bot4,bot6,bot4,bot6,27,False
bot4,bot6,bot6,None,200,True
bot4,bot6,bot4,bot6,27,False
bot4,bot6,bot6,bot6,24,False
bot4,bot6,bot4,bot6,27,False
bot4,bot6,bot6,None,200,True
bot4,bot6,bot4,bot6,27,False
bot4,bot6,bot6,bot6,32,False
bot4,bot6,bot4,bot6,27,False
bot4,bot6,bot6,None,200,True
bot4,bot6,bot4,bot6,27,False
bot4,bot6,bot6,bot6,40,False
bot4,bot6,bot4,bot6,27,False
bot4,bot6,bot6,None,200,True
bot4,bot6,bot4,bot6,27,False
bot4,bot6,bot6,None,200,True
bot4,bot6,bot4,bot6,27,False
bot4,bot6,bot6,None,200,True
bot4,bot6,bot4,bot4,40,False
bot4,bot6,bot6,bot6,36,False
bot4,bot6,bot4,bot6,27,False
bot4,bot6,bot6,None,200,True
bot4,bot6,bot4,bot6,27,False
bot4,bot6,bot6,None,200,True
bot4,bot6,bot4,bot6,27,False
bot4,bot6,bot6,bot4,66,False
bot4,bot6,bot4,bot6,27,False
bot4,bot6,bot6,None,200,True
bot4,bot6,bot4,bot6,27,False
bot4,bot6,bot6,None,200,True
bot4,bot6,bot4,bot6,27,False
bot4,bot6,bot6,bot6,80,False
bot4,bot6,bot4,bot6,27,False
bot4,bot6,bot6,bot6,64,False
bot4,bot6,bot4,bot6,27,False
bot4,bot6,bot6,bot6,166,False
bot4,bot6,bot4,bot4,52,False
bot4,bot6,bot6,None,200,True
bot4,bot6,bot4,bot6,27,False
bot4,bot6,bot6,None,200,True
bot4,bot6,bot4,bot6,27,False
bot4,bot6,bot6,None,200,True
bot4,bot6,bot4,bot6,27,False
bot4,bot6,bot6,bot6,36,False
bot4,bot6,bot4,bot6,27,False
bot4,bot6,bot6,None,200,True
bot4,bot6,bot4,bot6,27,False
bot4,bot6,bot6,bot6,64,False
bot4,bot6,bot4,bot6,27,False
bot4,bot6,bot6,None,200,True
bot4,bot6,bot4,bot6,27,False
bot4,bot6,bot6,None,200,True
bot4,bot6,bot4,bot6,27,False
bot4,bot6,bot6,None,200,True
bot4,bot6,bot4,bot6,27,False
bot4,bot6,bot6,bot6,36,False
bot4,bot6,bot4,bot6,27,False
bot4,bot6,bot6,bot6,129,False
bot4,bot6,bot4,bot6,27,False
bot4,bot6,bot6,None,200,True
bot4,bot6,bot4,bot6,27,False
bot4,bot6,bot6,None,200,True
bot4,bot6,bot4,bot6,27,False
bot4,bot6,bot6,bot6,32,False
bot4,bot6,bot4,bot6,27,False
bot4,bot6,bot6,None,200,True
bot4,bot6,bot4,bot4,28,False
bot4,bot6,bot6,bot6,52,False
bot4,bot6,bot4,bot4,24,False
bot4,bot6,bot6,None,200,True
bot4,bot6,bot4,bot6,27,False
bot4,bot6,bot6,None,200,True
bot4,bot6,bot4,bot6,27,False
bot4,bot6,bot6,None,200,True
bot4,bot6,bot4,bot6,27,False
bot4,bot6,bot6,bot6,52,False
bot4,bot6,bot4,bot4,52,False
bot4,bot6,bot6,bot6,36,False
bot4,bot6,bot4,bot6,27,False
bot4,bot6,bot6,None,200,True
bot4,bot6,bot4,bot4,28,False
bot4,bot6,bot6,bot4,130,False
bot4,bot6,bot4,bot6,27,False
bot4,bot6,bot6,None,200,True
bot4,bot6,bot4,bot6,27,False
bot4,bot6,bot6,None,200,True
bot4,bot6,bot4,bot6,27,False
bot4,bot6,bot6,bot6,105,False
bot4,bot6,bot4,bot6,27,False
bot4,bot6,bot6,None,200,True
bot4,bot6,bot4,bot6,27,False
bot4,bot6,bot6,bot4,130,False
bot4,bot6,bot4,bot6,27,False
bot4,bot6,bot6,bot4,132,False
bot4,bot6,bot4,bot6,27,False
bot4,bot6,bot6,bot4,66,False
bot4,bot6,bot4,bot6,27,False
bot4,bot6,bot6,bot6,68,False
bot4,bot6,bot4,bot6,27,False
bot4,bot6,bot6,None,200,True
bot4,bot6,bot4,bot4,24,False
bot4,bot6,bot6,None,200,True
bot4,bot6,bot4,bot6,27,False
bot4,bot6,bot6,None,200,True
bot4,bot6,bot4,bot6,27,False
bot4,bot6,bot6,bot6,20,False
bot4,bot6,bot4,bot6,27,False
bot4,bot6,bot6,bot6,36,False
bot4,bot6,bot4,bot6,27,False
bot4,bot6,bot6,bot6,20,False
bot4,bot6,bot4,bot6,27,False
bot4,bot6,bot6,bot6,20,False
bot4,bot6,bot4,bot4,24,False
bot4,bot6,bot6,bot6,40,False
bot4,bot6,bot4,bot6,27,False
bot4,bot6,bot6,None,200,True
bot4,bot6,bot4,bot6,27,False
bot4,bot6,bot6,bot6,32,False
bot4,bot6,bot4,bot6,27,False
bot4,bot6,bot6,None,200,True
bot4,bot6,bot4,bot6,27,False
bot4,bot6,bot6,None,200,True
bot4,bot6,bot4,bot6,27,False
bot4,bot6,bot6,None,200,True
bot4,bot6,bot4,bot6,27,False
bot4,bot6,bot6,None,200,True
bot4,bot6,bot4,bot6,27,False
bot4,bot6,bot6,bot6,146,False
bot4,bot6,bot4,bot6,27,False
bot4,bot6,bot6,bot4,75,False
bot4,bot6,bot4,bot6,27,False
bot4,bot6,bot6,bot6,80,False
bot4,bot6,bot4,bot6,27,False
bot4,bot6,bot6,None,200,True
bot4,bot6,bot4,bot6,27,False
bot4,bot6,bot6,None,200,True
bot4,bot6,bot4,bot4,40,False
bot4,bot6,bot6,None,200,True
bot4,bot6,bot4,bot6,27,False
bot4,bot6,bot6,None,200,True
bot4,bot6,bot4,bot6,27,False
bot4,bot6,bot6,None,200,True
bot4,bot6,bot4,bot4,52,False
bot4,bot6,bot6,bot4,86,False
bot4,bot6,bot4,bot6,27,False
bot4,bot6,bot6,None,200,True
bot4,bot6,bot4,bot4,40,False
bot4,bot6,bot6,bot6,32,False
bot4,bot6,bot4,bot6,27,False
bot4,bot6,bot6,bot6,40,False
bot4,bot7,bot4,bot7,27,False
bot4,bot7,bot7,bot7,44,False
bot4,bot7,bot4,bot7,27,False
bot4,bot7,bot7,None,200,True
bot4,bot7,bot4,bot7,27,False
bot4,bot7,bot7,None,200,True
bot4,bot7,bot4,bot7,27,False
bot4,bot7,bot7,bot7,82,False
bot4,bot7,bot4,bot7,27,False
bot4,bot7,bot7,None,200,True
bot4,bot7,bot4,bot7,27,False
bot4,bot7,bot7,bot4,98,False
bot4,bot7,bot4,bot7,27,False
bot4,bot7,bot7,bot4,75,False
bot4,bot7,bot4,bot7,27,False
bot4,bot7,bot7,bot4,98,False
bot4,bot7,bot4,bot7,27,False
bot4,bot7,bot7,bot7,58,False
bot4,bot7,bot4,bot7,27,False
bot4,bot7,bot7,bot4,75,False
bot4,bot7,bot4,bot7,27,False
bot4,bot7,bot7,bot4,47,False
bot4,bot7,bot4,bot7,27,False
bot4,bot7,bot7,bot7,44,False
bot4,bot7,bot4,bot7,27,False
bot4,bot7,bot7,None,200,True
bot4,bot7,bot4,bot7,27,False
bot4,bot7,bot7,bot7,68,False
bot4,bot7,bot4,bot7,27,False
bot4,bot7,bot7,bot7,44,False
bot4,bot7,bot4,bot7,27,False
bot4,bot7,bot7,None,200,True
bot4,bot7,bot4,bot7,27,False
bot4,bot7,bot7,bot7,36,False
bot4,bot7,bot4,bot4,36,False
bot4,bot7,bot7,bot4,47,False
bot4,bot7,bot4,bot7,27,False
bot4,bot7,bot7,bot7,28,False
bot4,bot7,bot4,bot7,27,False
bot4,bot7,bot7,bot7,157,False
bot4,bot7,bot4,bot7,27,False
bot4,bot7,bot7,bot7,178,False
bot4,bot7,bot4,bot7,27,False
bot4,bot7,bot7,bot7,44,False
bot4,bot7,bot4,bot7,27,False
bot4,bot7,bot7,bot7,98,False
bot4,bot7,bot4,bot7,27,False
bot4,bot7,bot7,bot4,75,False
bot4,bot7,bot4,bot7,27,False
bot4,bot7,bot7,bot4,75,False
bot4,bot7,bot4,bot7,27,False
bot4,bot7,bot7,None,200,True
bot4,bot7,bot4,bot7,27,False
bot4,bot7,bot7,bot7,40,False
bot4,bot7,bot4,bot7,27,False
bot4,bot7,bot7,bot4,166,False
bot4,bot7,bot4,bot7,27,False
bot4,bot7,bot7,None,200,True
bot4,bot7,bot4,bot7,27,False
bot4,bot7,bot7,bot4,75,False
bot4,bot7,bot4,bot7,27,False
bot4,bot7,bot7,bot4,46,False
bot4,bot7,bot4,bot7,27,False
bot4,bot7,bot7,bot7,68,False
bot4,bot7,bot4,bot4,28,False
bot4,bot7,bot7,bot4,98,False
bot4,bot7,bot4,bot7,27,False
bot4,bot7,bot7,bot7,24,False
bot4,bot7,bot4,bot7,27,False
bot4,bot7,bot7,bot7,68,False
bot4,bot7,bot4,bot7,27,False
bot4,bot7,bot7,bot7,168,False
bot4,bot7,bot4,bot7,27,False
bot4,bot7,bot7,bot7,36,False
bot4,bot7,bot4,bot7,27,False
bot4,bot7,bot7,bot7,24,False
bot4,bot7,bot4,bot7,27,False
bot4,bot7,bot7,bot4,27,False
bot4,bot7,bot4,bot7,27,False
bot4,bot7,bot7,bot7,165,False
bot4,bot7,bot4,bot7,27,False
bot4,bot7,bot7,bot4,87,False
bot4,bot7,bot4,bot7,27,False
bot4,bot7,bot7,bot4,87,False
bot4,bot7,bot4,bot7,27,False
bot4,bot7,bot7,None,200,True
bot4,bot7,bot4,bot7,27,False
bot4,bot7,bot7,bot4,47,False
bot4,bot7,bot4,bot4,28,False
bot4,bot7,bot7,bot4,46,False
bot4,bot7,bot4,bot7,27,False
bot4,bot7,bot7,bot7,32,False
bot4,bot7,bot4,bot7,27,False
bot4,bot7,bot7,bot7,200,False
bot4,bot7,bot4,bot7,27,False
bot4,bot7,bot7,bot7,82,False
bot4,bot7,bot4,bot7,27,False
bot4,bot7,bot7,None,200,True
bot4,bot7,bot4,bot7,27,False
bot4,bot7,bot7,None,200,True
bot4,bot7,bot4,bot7,27,False
bot4,bot7,bot7,bot7,20,False
bot4,bot7,bot4,bot7,27,False
bot4,bot7,bot7,bot7,52,False
bot4,bot7,bot4,bot7,27,False
bot4,bot7,bot7,bot4,194,False
bot4,bot7,bot4,bot7,27,False
bot4,bot7,bot7,bot7,98,False
bot4,bot7,bot4,bot7,27,False
bot4,bot7,bot7,bot4,47,False
bot4,bot7,bot4,bot7,27,False
bot4,bot7,bot7,bot4,98,False
bot4,bot7,bot4,bot7,27,False
bot4,bot7,bot7,bot7,44,False
bot4,bot7,bot4,bot7,27,False
bot4,bot7,bot7,bot7,20,False
bot4,bot7,bot4,bot7,27,False
bot4,bot7,bot7,bot7,154,False
bot4,bot7,bot4,bot7,27,False
bot4,bot7,bot7,bot7,24,False
bot4,bot7,bot4,bot7,27,False
bot4,bot7,bot7,bot7,68,False
bot4,bot7,bot4,bot7,27,False
bot4,bot7,bot7,bot7,68,False
bot4,bot7,bot4,bot7,27,False
bot4,bot7,bot7,bot7,36,False
bot4,bot7,bot4,bot7,27,False
bot4,bot7,bot7,bot7,68,False
bot4,bot7,bot4,bot7,27,False
bot4,bot7,bot7,bot4,166,False
bot4,bot7,bot4,bot7,27,False
bot4,bot7,bot7,bot7,20,False
bot4,bot7,bot4,bot7,27,False
bot4,bot7,bot7,bot7,132,False
bot4,bot7,bot4,bot7,27,False
bot4,bot7,bot7,bot7,96,False
bot4,bot7,bot4,bot7,27,False
bot4,bot7,bot7,bot7,132,False
bot4,bot7,bot4,bot7,27,False
bot4,bot7,bot7,bot7,58,False
bot4,bot7,bot4,bot7,27,False
bot4,bot7,bot7,bot7,157,False
bot4,bot7,bot4,bot7,27,False
bot4,bot7,bot7,bot7,173,False
bot4,bot7,bot4,bot7,27,False
bot4,bot7,bot7,None,200,True
bot4,bot7,bot4,bot7,27,False
bot4,bot7,bot7,bot7,112,False
bot4,bot7,bot4,bot7,27,False
bot4,bot7,bot7,bot7,68,False
bot4,bot7,bot4,bot7,27,False
bot4,bot7,bot7,bot7,28,False
bot4,bot7,bot4,bot7,27,False
bot4,bot7,bot7,bot7,44,False
bot4,bot7,bot4,bot7,27,False
bot4,bot7,bot7,bot7,132,False
bot4,bot7,bot4,bot7,27,False
bot4,bot7,bot7,bot7,44,False
bot4,bot7,bot4,bot4,28,False
bot4,bot7,bot7,bot7,36,False
bot4,bot7,bot4,bot7,27,False
bot4,bot7,bot7,bot7,94,False
bot4,bot7,bot4,bot7,27,False
bot4,bot7,bot7,bot7,36,False
bot4,bot7,bot4,bot4,48,False
bot4,bot7,bot7,bot4,75,False
bot4,bot7,bot4,bot4,32,False
bot4,bot7,bot7,bot7,152,False
bot4,bot7,bot4,bot7,27,False
bot4,bot7,bot7,None,200,True
bot4,bot7,bot4,bot7,27,False
bot4,bot7,bot7,bot7,96,False
bot4,bot7,bot4,bot7,27,False
bot4,bot7,bot7,bot7,98,False
bot4,bot7,bot4,bot7,27,False
bot4,bot7,bot7,bot7,28,False
bot4,bot7,bot4,bot7,27,False
bot4,bot7,bot7,bot7,64,False
bot4,bot7,bot4,bot7,27,False
bot4,bot7,bot7,None,200,True
bot4,bot7,bot4,bot7,27,False
bot4,bot7,bot7,bot7,68,False
bot4,bot7,bot4,bot7,27,False
bot4,bot7,bot7,bot7,137,False
bot4,bot7,bot4,bot7,27,False
bot4,bot7,bot7,bot7,28,False
bot4,bot7,bot4,bot7,27,False
bot4,bot7,bot7,bot7,173,False
bot4,bot7,bot4,bot7,27,False
bot4,bot7,bot7,bot7,28,False
bot4,bot7,bot4,bot7,27,False
bot4,bot7,bot7,None,200,True
bot4,bot7,bot4,bot7,27,False
bot4,bot7,bot7,bot7,137,False
bot4,bot7,bot4,bot7,27,False
bot4,bot7,bot7,bot7,138,False
bot4,bot7,bot4,bot7,27,False
bot4,bot7,bot7,bot7,20,False
bot4,bot7,bot4,bot7,27,False
bot4,bot7,bot7,bot7,36,False
bot4,bot7,bot4,bot7,27,False
bot4,bot7,bot7,bot7,96,False
bot4,bot7,bot4,bot7,27,False
bot4,bot7,bot7,bot7,68,False
bot4,bot7,bot4,bot7,27,False
bot4,bot7,bot7,bot7,28,False
bot4,bot7,bot4,bot7,27,False
bot4,bot7,bot7,bot4,98,False
bot4,bot7,bot4,bot7,27,False
bot4,bot7,bot7,bot7,20,False
bot4,bot7,bot4,bot7,27,False
bot4,bot7,bot7,None,200,True
bot4,bot7,bot4,bot7,27,False
bot4,bot7,bot7,bot7,24,False
bot4,bot7,bot4,bot7,27,False
bot4,bot7,bot7,bot7,138,False
bot4,bot7,bot4,bot7,27,False
bot4,bot7,bot7,bot7,44,False
bot4,bot7,bot4,bot7,27,False
bot4,bot7,bot7,bot7,68,False
bot4,bot7,bot4,bot7,27,False
bot4,bot7,bot7,bot7,165,False
bot4,bot7,bot4,bot7,27,False
bot4,bot7,bot7,None,200,True
bot4,bot7,bot4,bot4,32,False
bot4,bot7,bot7,bot4,75,False
bot4,bot7,bot4,bot7,27,False
bot4,bot7,bot7,bot4,46,False
bot4,bot7,bot4,bot7,27,False
bot4,bot7,bot7,None,200,True
bot4,bot7,bot4,bot7,27,False
bot4,bot7,bot7,bot4,140,False
bot4,bot7,bot4,bot7,27,False
bot4,bot7,bot7,bot4,98,False
bot4,bot7,bot4,bot7,27,False
bot4,bot7,bot7,bot7,28,False
bot4,bot7,bot4,bot7,27,False
bot4,bot7,bot7,bot7,28,False
bot4,bot7,bot4,bot7,27,False
bot4,bot7,bot7,None,200,True
bot4,bot7,bot4,bot7,27,False
bot4,bot7,bot7,bot7,58,False
bot4,bot7,bot4,bot7,27,False
bot4,bot7,bot7,bot7,82,False
bot4,bot7,bot4,bot7,27,False
bot4,bot7,bot7,None,200,True
bot4,bot7,bot4,bot7,27,False
bot4,bot7,bot7,bot7,44,False
bot4,bot7,bot4,bot7,27,False
bot4,bot7,bot7,None,200,True
bot4,bot7,bot4,bot7,27,False
bot4,bot7,bot7,bot7,154,False
bot4,bot7,bot4,bot7,27,False
bot4,bot7,bot7,bot7,28,False
bot4,bot7,bot4,bot7,27,False
bot4,bot7,bot7,None,200,True
bot4,bot7,bot4,bot4,28,False
bot4,bot7,bot7,bot7,98,False
bot4,bot7,bot4,bot7,27,False
bot4,bot7,bot7,bot7,173,False
bot4,bot7,bot4,bot4,28,False
bot4,bot7,bot7,None,200,True
bot4,bot7,bot4,bot7,27,False
bot4,bot7,bot7,bot7,154,False
bot4,bot7,bot4,bot4,48,False
bot4,bot7,bot7,bot4,75,False
bot4,bot7,bot4,bot7,27,False
bot4,bot7,bot7,None,200,True
bot4,bot7,bot4,bot7,27,False
bot4,bot7,bot7,bot7,98,False
bot4,bot7,bot4,bot7,27,False
bot4,bot7,bot7,None,200,True
bot4,bot7,bot4,bot7,27,False
bot4,bot7,bot7,bot4,75,False
bot4,bot7,bot4,bot7,27,False
bot4,bot7,bot7,bot7,197,False
bot4,bot7,bot4,bot7,27,False
bot4,bot7,bot7,bot7,20,False
bot4,bot7,bot4,bot7,27,False
bot4,bot7,bot7,bot7,68,False
bot4,bot7,bot4,bot7,27,False
bot4,bot7,bot7,bot4,174,False
bot4,bot7,bot4,bot7,27,False
bot4,bot7,bot7,bot7,68,False
bot4,bot7,bot4,bot4,28,False
bot4,bot7,bot7,bot7,52,False
bot4,bot7,bot4,bot7,27,False
bot4,bot7,bot7,bot7,132,False
bot4,bot7,bot4,bot7,27,False
bot4,bot7,bot7,bot7,20,False
bot4,bot7,bot4,bot7,27,False
bot4,bot7,bot7,bot7,44,False
bot4,bot7,bot4,bot7,27,False
bot4,bot7,bot7,bot7,40,False
bot4,bot7,bot4,bot7,27,False
bot4,bot7,bot7,bot7,181,False
bot4,bot7,bot4,bot7,27,False
bot4,bot7,bot7,bot7,44,False
bot4,bot7,bot4,bot7,27,False
bot4,bot7,bot7,None,200,True
bot4,bot8,bot4,bot4,69,False
bot4,bot8,bot8,bot8,101,False
bot4,bot8,bot4,bot4,64,False
bot4,bot8,bot8,bot8,32,False
bot4,bot8,bot4,bot4,69,False
bot4,bot8,bot8,bot8,28,False
bot4,bot8,bot4,bot4,69,False
bot4,bot8,bot8,bot4,38,False
bot4,bot8,bot4,bot4,69,False
bot4,bot8,bot8,bot8,105,False
bot4,bot8,bot4,bot4,69,False
bot4,bot8,bot8,bot8,101,False
bot4,bot8,bot4,bot4,69,False
bot4,bot8,bot8,bot8,104,False
bot4,bot8,bot4,bot4,69,False
bot4,bot8,bot8,bot8,101,False
bot4,bot8,bot4,bot4,69,False
bot4,bot8,bot8,bot8,58,False
bot4,bot8,bot4,bot4,69,False
bot4,bot8,bot8,bot4,123,False
bot4,bot8,bot4,bot4,69,False
bot4,bot8,bot8,bot8,101,False
bot4,bot8,bot4,bot4,69,False
bot4,bot8,bot8,bot8,60,False
bot4,bot8,bot4,bot4,69,False
bot4,bot8,bot8,bot8,68,False
bot4,bot8,bot4,bot4,32,False
bot4,bot8,bot8,bot4,94,False
bot4,bot8,bot4,bot4,150,False
bot4,bot8,bot8,bot8,64,False
bot4,bot8,bot4,bot4,69,False
bot4,bot8,bot8,bot8,101,False
bot4,bot8,bot4,bot4,69,False
bot4,bot8,bot8,bot8,101,False
bot4,bot8,bot4,bot4,69,False
bot4,bot8,bot8,bot8,42,False
bot4,bot8,bot4,bot4,69,False
bot4,bot8,bot8,bot8,68,False
bot4,bot8,bot4,bot4,69,False
bot4,bot8,bot8,bot8,101,False
bot4,bot8,bot4,bot4,32,False
bot4,bot8,bot8,bot8,28,False
bot4,bot8,bot4,bot4,69,False
bot4,bot8,bot8,bot8,101,False
bot4,bot8,bot4,bot4,32,False
bot4,bot8,bot8,bot8,101,False
bot4,bot8,bot4,bot4,69,False
bot4,bot8,bot8,bot8,93,False
bot4,bot8,bot4,bot8,135,False
bot4,bot8,bot8,bot8,104,False
bot4,bot8,bot4,bot4,69,False
bot4,bot8,bot8,bot8,44,False
bot4,bot8,bot4,bot4,28,False
bot4,bot8,bot8,bot4,38,False
bot4,bot8,bot4,bot4,69,False
bot4,bot8,bot8,bot4,114,False
bot4,bot8,bot4,bot4,32,False
bot4,bot8,bot8,bot8,101,False
bot4,bot8,bot4,bot4,69,False
bot4,bot8,bot8,bot8,101,False
bot4,bot8,bot4,bot8,115,False
bot4,bot8,bot8,bot8,44,False
bot4,bot8,bot4,None,200,True
bot4,bot8,bot8,bot8,64,False
bot4,bot8,bot4,bot4,69,False
bot4,bot8,bot8,bot4,38,False
bot4,bot8,bot4,bot4,32,False
bot4,bot8,bot8,bot8,44,False
bot4,bot8,bot4,bot4,69,False
bot4,bot8,bot8,bot8,101,False
bot4,bot8,bot4,None,200,True
bot4,bot8,bot8,bot8,36,False
bot4,bot8,bot4,bot4,69,False
bot4,bot8,bot8,bot8,101,False
bot4,bot8,bot4,bot4,169,False
bot4,bot8,bot8,bot4,94,False
bot4,bot8,bot4,bot4,69,False
bot4,bot8,bot8,bot8,101,False
bot4,bot8,bot4,bot4,69,False
bot4,bot8,bot8,bot8,46,False
bot4,bot8,bot4,bot4,69,False
bot4,bot8,bot8,bot8,101,False
bot4,bot8,bot4,bot4,69,False
bot4,bot8,bot8,bot8,105,False
bot4,bot8,bot4,bot4,28,False
bot4,bot8,bot8,bot8,60,False
bot4,bot8,bot4,bot4,69,False
bot4,bot8,bot8,bot8,101,False
bot4,bot8,bot4,bot4,69,False
bot4,bot8,bot8,None,200,True
bot4,bot8,bot4,bot4,69,False
bot4,bot8,bot8,bot4,47,False
bot4,bot8,bot4,bot4,69,False
bot4,bot8,bot8,bot8,101,False
bot4,bot8,bot4,bot4,69,False
bot4,bot8,bot8,bot4,87,False
bot4,bot8,bot4,bot4,69,False
bot4,bot8,bot8,bot8,44,False
bot4,bot8,bot4,bot4,69,False
bot4,bot8,bot8,bot8,101,False
bot4,bot8,bot4,bot4,69,False
bot4,bot8,bot8,bot8,101,False
bot4,bot8,bot4,bot4,64,False
bot4,bot8,bot8,bot8,64,False
bot4,bot8,bot4,bot4,69,False
bot4,bot8,bot8,bot4,38,False
bot4,bot8,bot4,bot4,69,False
bot4,bot8,bot8,bot8,101,False
bot4,bot8,bot4,bot4,69,False
bot4,bot8,bot8,bot8,181,False
bot4,bot8,bot4,bot4,64,False
bot4,bot8,bot8,bot8,101,False
bot4,bot8,bot4,bot4,69,False
bot4,bot8,bot8,bot8,101,False
bot4,bot8,bot4,bot4,69,False
bot4,bot8,bot8,bot8,24,False
bot4,bot8,bot4,bot4,28,False
bot4,bot8,bot8,bot8,32,False
bot4,bot8,bot4,bot4,69,False
bot4,bot8,bot8,bot8,157,False
bot4,bot8,bot4,bot8,150,False
bot4,bot8,bot8,bot8,101,False
bot4,bot8,bot4,bot8,115,False
bot4,bot8,bot8,bot8,44,False
bot4,bot8,bot4,bot4,69,False
bot4,bot8,bot8,bot8,101,False
bot4,bot8,bot4,bot4,69,False
bot4,bot8,bot8,bot8,149,False
bot4,bot8,bot4,bot4,69,False
bot4,bot8,bot8,bot8,101,False
bot4,bot8,bot4,bot4,32,False
bot4,bot8,bot8,bot8,46,False
bot4,bot8,bot4,bot4,69,False
bot4,bot8,bot8,bot8,101,False
bot4,bot8,bot4,bot4,69,False
bot4,bot8,bot8,bot8,28,False
bot4,bot8,bot4,bot4,28,False
bot4,bot8,bot8,bot4,127,False
bot4,bot8,bot4,bot4,28,False
bot4,bot8,bot8,bot8,156,False
bot4,bot8,bot4,bot8,40,False
bot4,bot8,bot8,bot8,46,False
bot4,bot8,bot4,bot4,69,False
bot4,bot8,bot8,bot4,47,False
bot4,bot8,bot4,bot4,69,False
bot4,bot8,bot8,bot8,101,False
bot4,bot8,bot4,bot4,69,False
bot4,bot8,bot8,bot8,60,False
bot4,bot8,bot4,bot4,69,False
bot4,bot8,bot8,bot8,42,False
bot4,bot8,bot4,bot4,69,False
bot4,bot8,bot8,bot8,44,False
bot4,bot8,bot4,bot4,69,False
bot4,bot8,bot8,bot8,101,False
bot4,bot8,bot4,bot4,69,False
bot4,bot8,bot8,bot8,46,False
bot4,bot8,bot4,bot4,69,False
bot4,bot8,bot8,bot8,101,False
bot4,bot8,bot4,None,200,True
bot4,bot8,bot8,bot8,64,False
bot4,bot8,bot4,bot4,69,False
bot4,bot8,bot8,bot8,46,False
bot4,bot8,bot4,bot4,69,False
bot4,bot8,bot8,bot8,101,False
bot4,bot8,bot4,bot4,69,False
bot4,bot8,bot8,bot8,156,False
bot4,bot8,bot4,bot4,69,False
bot4,bot8,bot8,bot8,42,False
bot4,bot8,bot4,bot4,69,False
bot4,bot8,bot8,bot8,104,False
bot4,bot8,bot4,bot4,69,False
bot4,bot8,bot8,bot8,101,False
bot4,bot8,bot4,bot4,69,False
bot4,bot8,bot8,bot8,64,False
bot4,bot8,bot4,bot4,69,False
bot4,bot8,bot8,bot8,101,False
bot4,bot8,bot4,bot4,69,False
bot4,bot8,bot8,bot8,36,False
bot4,bot8,bot4,bot4,32,False
bot4,bot8,bot8,bot4,123,False
bot4,bot8,bot4,bot4,69,False
bot4,bot8,bot8,bot4,114,False
bot4,bot8,bot4,bot4,32,False
bot4,bot8,bot8,bot8,46,False
bot4,bot8,bot4,bot4,69,False
bot4,bot8,bot8,bot4,114,False
bot4,bot8,bot4,bot4,69,False
bot4,bot8,bot8,bot8,68,False
bot4,bot8,bot4,bot4,69,False
bot4,bot8,bot8,bot8,101,False
bot4,bot8,bot4,bot4,69,False
bot4,bot8,bot8,bot8,101,False
bot4,bot8,bot4,bot4,69,False
bot4,bot8,bot8,bot8,32,False
bot4,bot8,bot4,bot4,69,False
bot4,bot8,bot8,bot8,101,False
bot4,bot8,bot4,bot4,69,False
bot4,bot8,bot8,bot4,87,False
bot4,bot8,bot4,bot4,69,False
bot4,bot8,bot8,bot8,101,False
bot4,bot8,bot4,bot4,28,False
bot4,bot8,bot8,bot8,101,False
bot4,bot8,bot4,bot4,69,False
bot4,bot8,bot8,bot8,28,False
bot4,bot8,bot4,bot4,69,False
bot4,bot8,bot8,bot4,46,False
bot4,bot8,bot4,bot4,32,False
bot4,bot8,bot8,bot8,101,False
bot4,bot8,bot4,bot4,69,False
bot4,bot8,bot8,bot8,28,False
bot4,bot8,bot4,bot4,69,False
bot4,bot8,bot8,bot4,46,False
bot4,bot8,bot4,bot4,69,False
bot4,bot8,bot8,bot8,101,False
bot4,bot8,bot4,bot4,69,False
bot4,bot8,bot8,bot8,101,False
bot4,bot8,bot4,bot4,69,False
bot4,bot8,bot8,bot8,46,False
bot4,bot8,bot4,bot4,32,False
bot4,bot8,bot8,bot8,40,False
bot4,bot8,bot4,bot4,69,False
bot4,bot8,bot8,bot8,44,False
bot4,bot8,bot4,bot4,69,False
bot4,bot8,bot8,bot8,64,False
bot4,bot8,bot4,bot4,69,False
bot4,bot8,bot8,bot8,68,False
bot4,bot8,bot4,bot8,55,False
bot4,bot8,bot8,bot8,93,False
bot4,bot8,bot4,bot4,69,False
bot4,bot8,bot8,bot4,123,False
bot4,bot8,bot4,bot4,69,False
bot4,bot8,bot8,bot4,114,False
bot4,bot8,bot4,bot4,69,False
bot4,bot8,bot8,bot8,42,False
bot4,bot8,bot4,bot4,32,False
bot4,bot8,bot8,bot8,44,False
bot4,bot8,bot4,bot4,69,False
bot4,bot8,bot8,bot8,32,False
bot4,bot8,bot4,bot4,28,False
bot4,bot8,bot8,bot8,101,False
bot4,bot8,bot4,bot4,69,False
bot4,bot8,bot8,bot8,97,False
bot4,bot8,bot4,bot4,69,False
bot4,bot8,bot8,bot8,105,False
bot4,bot8,bot4,bot8,147,False
bot4,bot8,bot8,bot4,75,False
bot4,bot8,bot4,bot4,69,False
bot4,bot8,bot8,bot8,64,False
bot4,bot8,bot4,bot4,69,False
bot4,bot8,bot8,bot8,44,False
bot4,bot8,bot4,None,200,True
bot4,bot8,bot8,bot8,44,False
bot4,bot8,bot4,bot4,69,False
bot4,bot8,bot8,None,200,True
bot4,bot8,bot4,bot4,69,False
bot4,bot8,bot8,bot8,28,False
bot4,bot8,bot4,bot4,28,False
bot4,bot8,bot8,bot8,46,False
bot4,bot8,bot4,bot4,69,False
bot4,bot8,bot8,bot8,101,False
bot4,bot8,bot4,bot4,69,False
bot4,bot8,bot8,bot4,38,False
bot4,bot8,bot4,bot4,69,False
bot4,bot8,bot8,bot4,94,False
bot4,bot8,bot4,bot4,69,False
bot4,bot8,bot8,bot8,68,False
bot4,bot8,bot4,None,200,True
bot4,bot8,bot8,bot8,101,False
bot4,bot8,bot4,bot4,69,False
bot4,bot8,bot8,bot8,136,False
bot4,bot8,bot4,bot4,69,False
bot4,bot8,bot8,bot8,93,False
bot4,bot8,bot4,bot4,69,False
bot4,bot8,bot8,bot8,101,False
bot4,bot8,bot4,bot4,69,False
bot4,bot8,bot8,bot8,68,False
bot4,bot8,bot4,bot4,32,False
bot4,bot8,bot8,bot4,123,False
bot4,bot8,bot4,bot4,69,False
bot4,bot8,bot8,bot4,123,False
bot4,bot8,bot4,None,200,True
bot4,bot8,bot8,bot8,101,False
bot4,bot8,bot4,None,200,True
bot4,bot8,bot8,bot8,28,False
bot4,bot8,bot4,bot4,69,False
bot4,bot8,bot8,bot8,101,False
bot4,bot8,bot4,bot4,69,False
bot4,bot8,bot8,bot8,64,False
bot4,bot8,bot4,bot4,32,False
bot4,bot8,bot8,bot8,46,False
bot4,bot8,bot4,bot8,40,False
bot4,bot8,bot8,bot8,101,False
bot4,bot8,bot4,bot4,69,False
bot4,bot8,bot8,bot8,101,False
bot4,bot8,bot4,bot4,32,False
bot4,bot8,bot8,bot8,101,False
bot4,bot8,bot4,bot4,69,False
bot4,bot8,bot8,bot8,101,False
bot4,bot8,bot4,bot4,32,False
bot4,bot8,bot8,bot8,42,False
bot5,bot6,bot5,bot6,27,False
bot5,bot6,bot6,bot6,36,False
bot5,bot6,bot5,bot6,27,False
bot5,bot6,bot6,bot6,36,False
bot5,bot6,bot5,bot5,40,False
bot5,bot6,bot6,bot6,36,False
bot5,bot6,bot5,bot6,27,False
bot5,bot6,bot6,bot6,28,False
bot5,bot6,bot5,bot6,27,False
bot5,bot6,bot6,bot6,36,False
bot5,bot6,bot5,bot6,27,False
bot5,bot6,bot6,bot5,27,False
bot5,bot6,bot5,bot6,27,False
bot5,bot6,bot6,bot6,36,False
bot5,bot6,bot5,bot6,27,False
bot5,bot6,bot6,bot6,36,False
bot5,bot6,bot5,bot6,27,False
bot5,bot6,bot6,bot6,36,False
bot5,bot6,bot5,bot6,27,False
bot5,bot6,bot6,bot6,36,False
bot5,bot6,bot5,bot5,40,False
bot5,bot6,bot6,bot6,36,False
bot5,bot6,bot5,bot6,27,False
bot5,bot6,bot6,bot5,27,False
bot5,bot6,bot5,bot6,27,False
bot5,bot6,bot6,bot6,36,False
bot5,bot6,bot5,bot6,27,False
bot5,bot6,bot6,bot6,36,False
bot5,bot6,bot5,bot6,27,False
bot5,bot6,bot6,bot6,36,False
bot5,bot6,bot5,bot6,27,False
bot5,bot6,bot6,bot6,36,False
bot5,bot6,bot5,bot6,27,False
bot5,bot6,bot6,bot6,36,False
bot5,bot6,bot5,bot6,27,False
bot5,bot6,bot6,bot6,36,False
bot5,bot6,bot5,bot6,27,False
bot5,bot6,bot6,bot6,32,False
bot5,bot6,bot5,bot6,27,False
bot5,bot6,bot6,bot6,36,False
bot5,bot6,bot5,bot6,27,False
bot5,bot6,bot6,bot6,36,False
bot5,bot6,bot5,bot6,27,False
bot5,bot6,bot6,bot6,36,False
bot5,bot6,bot5,bot6,27,False
bot5,bot6,bot6,bot6,36,False
bot5,bot6,bot5,bot6,27,False
bot5,bot6,bot6,bot6,32,False
bot5,bot6,bot5,bot6,27,False
bot5,bot6,bot6,bot6,36,False
bot5,bot6,bot5,bot6,27,False
bot5,bot6,bot6,bot6,36,False
bot5,bot6,bot5,bot6,27,False
bot5,bot6,bot6,bot6,32,False
bot5,bot6,bot5,bot6,27,False
bot5,bot6,bot6,bot6,36,False
bot5,bot6,bot5,bot6,27,False
bot5,bot6,bot6,bot6,36,False
bot5,bot6,bot5,bot6,27,False
bot5,bot6,bot6,bot6,36,False
bot5,bot6,bot5,bot6,27,False
bot5,bot6,bot6,bot6,36,False
bot5,bot6,bot5,bot6,27,False
bot5,bot6,bot6,bot6,36,False
bot5,bot6,bot5,bot6,27,False
bot5,bot6,bot6,bot6,36,False
bot5,bot6,bot5,bot6,27,False
bot5,bot6,bot6,bot6,36,False
bot5,bot6,bot5,bot6,27,False
bot5,bot6,bot6,bot5,36,False
bot5,bot6,bot5,bot6,27,False
bot5,bot6,bot6,bot6,36,False
bot5,bot6,bot5,bot6,27,False
bot5,bot6,bot6,bot6,36,False
bot5,bot6,bot5,bot6,27,False
bot5,bot6,bot6,bot6,36,False
bot5,bot6,bot5,bot6,27,False
bot5,bot6,bot6,bot6,45,False
bot5,bot6,bot5,bot6,27,False
bot5,bot6,bot6,bot6,36,False
bot5,bot6,bot5,bot6,27,False
bot5,bot6,bot6,bot6,28,False
bot5,bot6,bot5,bot6,27,False
bot5,bot6,bot6,bot6,36,False
bot5,bot6,bot5,bot6,27,False
bot5,bot6,bot6,bot6,28,False
bot5,bot6,bot5,bot6,27,False
bot5,bot6,bot6,bot6,36,False
bot5,bot6,bot5,bot6,27,False
bot5,bot6,bot6,bot6,36,False
bot5,bot6,bot5,bot6,27,False
bot5,bot6,bot6,bot6,36,False
bot5,bot6,bot5,bot6,24,False
bot5,bot6,bot6,bot6,36,False
bot5,bot6,bot5,bot6,27,False
bot5,bot6,bot6,bot6,28,False
bot5,bot6,bot5,bot6,27,False
bot5,bot6,bot6,bot6,36,False
bot5,bot6,bot5,bot6,27,False
bot5,bot6,bot6,bot6,45,False
bot5,bot6,bot5,bot6,27,False
bot5,bot6,bot6,bot6,36,False
bot5,bot6,bot5,bot6,27,False
bot5,bot6,bot6,bot6,36,False
bot5,bot6,bot5,bot6,27,False
bot5,bot6,bot6,bot6,36,False
bot5,bot6,bot5,bot5,24,False
bot5,bot6,bot6,bot6,36,False
bot5,bot6,bot5,bot6,27,False
bot5,bot6,bot6,bot6,36,False
bot5,bot6,bot5,bot6,27,False
bot5,bot6,bot6,bot6,36,False
bot5,bot6,bot5,bot6,27,False
bot5,bot6,bot6,bot6,36,False
bot5,bot6,bot5,bot6,27,False
bot5,bot6,bot6,bot6,36,False
bot5,bot6,bot5,bot6,27,False
bot5,bot6,bot6,bot6,36,False
bot5,bot6,bot5,bot6,27,False
bot5,bot6,bot6,bot6,36,False
bot5,bot6,bot5,bot6,27,False
bot5,bot6,bot6,bot6,36,False
bot5,bot6,bot5,bot6,27,False
bot5,bot6,bot6,bot6,36,False
bot5,bot6,bot5,bot6,27,False
bot5,bot6,bot6,bot6,36,False
bot5,bot6,bot5,bot6,27,False
bot5,bot6,bot6,bot6,36,False
bot5,bot6,bot5,bot5,64,False
bot5,bot6,bot6,bot6,36,False
bot5,bot6,bot5,bot5,40,False
bot5,bot6,bot6,bot6,36,False
bot5,bot6,bot5,bot6,27,False
bot5,bot6,bot6,bot6,36,False
bot5,bot6,bot5,bot6,27,False
bot5,bot6,bot6,bot6,36,False
bot5,bot6,bot5,bot6,27,False
bot5,bot6,bot6,bot6,36,False
bot5,bot6,bot5,bot6,27,False
bot5,bot6,bot6,bot6,36,False
bot5,bot6,bot5,bot5,24,False
bot5,bot6,bot6,bot6,36,False
bot5,bot6,bot5,bot6,27,False
bot5,bot6,bot6,bot6,36,False
bot5,bot6,bot5,bot6,27,False
bot5,bot6,bot6,bot6,36,False
bot5,bot6,bot5,bot6,27,False
bot5,bot6,bot6,bot6,36,False
bot5,bot6,bot5,bot6,27,False
bot5,bot6,bot6,bot6,36,False
bot5,bot6,bot5,bot6,27,False
bot5,bot6,bot6,bot6,36,False
bot5,bot6,bot5,bot6,27,False
bot5,bot6,bot6,bot6,36,False
bot5,bot6,bot5,bot6,27,False
bot5,bot6,bot6,bot6,45,False
bot5,bot6,bot5,bot6,27,False
bot5,bot6,bot6,bot6,36,False
bot5,bot6,bot5,bot6,27,False
bot5,bot6,bot6,bot6,36,False
bot5,bot6,bot5,bot6,27,False
bot5,bot6,bot6,bot6,36,False
bot5,bot6,bot5,bot6,27,False
bot5,bot6,bot6,bot6,36,False
bot5,bot6,bot5,bot6,27,False
bot5,bot6,bot6,bot6,36,False
bot5,bot6,bot5,bot6,27,False
bot5,bot6,bot6,bot6,36,False
bot5,bot6,bot5,bot5,24,False
bot5,bot6,bot6,bot6,36,False
bot5,bot6,bot5,bot6,27,False
bot5,bot6,bot6,bot6,32,False
bot5,bot6,bot5,bot6,27,False
bot5,bot6,bot6,bot6,36,False
bot5,bot6,bot5,bot6,27,False
bot5,bot6,bot6,bot6,36,False
bot5,bot6,bot5,bot6,27,False
bot5,bot6,bot6,bot6,36,False
bot5,bot6,bot5,bot6,27,False
bot5,bot6,bot6,bot5,39,False
bot5,bot6,bot5,bot5,40,False
bot5,bot6,bot6,bot6,32,False
bot5,bot6,bot5,bot6,27,False
bot5,bot6,bot6,bot6,36,False
bot5,bot6,bot5,bot6,27,False
bot5,bot6,bot6,bot6,36,False
bot5,bot6,bot5,bot6,27,False
bot5,bot6,bot6,bot6,36,False
bot5,bot6,bot5,bot6,27,False
bot5,bot6,bot6,bot6,36,False
bot5,bot6,bot5,bot6,27,False
bot5,bot6,bot6,bot6,36,False
bot5,bot6,bot5,bot5,24,False
bot5,bot6,bot6,bot6,36,False
bot5,bot6,bot5,bot6,27,False
bot5,bot6,bot6,bot6,45,False
bot5,bot6,bot5,bot6,27,False
bot5,bot6,bot6,bot6,36,False
bot5,bot6,bot5,bot6,27,False
bot5,bot6,bot6,bot6,32,False
bot5,bot6,bot5,bot6,27,False
bot5,bot6,bot6,bot6,44,False
bot5,bot6,bot5,bot6,27,False
bot5,bot6,bot6,bot6,36,False
bot5,bot6,bot5,bot6,27,False
bot5,bot6,bot6,bot6,36,False
bot5,bot6,bot5,bot6,27,False
bot5,bot6,bot6,bot5,36,False
bot5,bot6,bot5,bot6,27,False
bot5,bot6,bot6,None,200,True
bot5,bot6,bot5,bot6,27,False
bot5,bot6,bot6,bot6,32,False
bot5,bot6,bot5,bot6,27,False
bot5,bot6,bot6,bot6,36,False
bot5,bot6,bot5,bot6,27,False
bot5,bot6,bot6,bot6,36,False
bot5,bot6,bot5,bot6,27,False
bot5,bot6,bot6,bot6,32,False
bot5,bot6,bot5,bot6,27,False
bot5,bot6,bot6,bot6,36,False
bot5,bot6,bot5,bot6,27,False
bot5,bot6,bot6,bot6,36,False
bot5,bot6,bot5,bot6,27,False
bot5,bot6,bot6,bot6,36,False
bot5,bot6,bot5,bot6,27,False
bot5,bot6,bot6,bot6,36,False
bot5,bot6,bot5,bot6,27,False
bot5,bot6,bot6,bot6,36,False
bot5,bot6,bot5,bot6,27,False
bot5,bot6,bot6,bot6,36,False
bot5,bot6,bot5,bot6,27,False
bot5,bot6,bot6,bot6,36,False
bot5,bot6,bot5,bot6,27,False
bot5,bot6,bot6,bot6,36,False
bot5,bot6,bot5,bot6,27,False
bot5,bot6,bot6,bot6,32,False
bot5,bot6,bot5,bot6,27,False
bot5,bot6,bot6,bot6,36,False
bot5,bot6,bot5,bot6,27,False
bot5,bot6,bot6,bot6,36,False
bot5,bot6,bot5,bot6,27,False
bot5,bot6,bot6,bot6,36,False
bot5,bot6,bot5,bot6,27,False
bot5,bot6,bot6,bot6,28,False
bot5,bot6,bot5,bot6,27,False
bot5,bot6,bot6,bot6,36,False
bot5,bot6,bot5,bot6,27,False
bot5,bot6,bot6,bot5,27,False
bot5,bot6,bot5,bot6,27,False
bot5,bot6,bot6,bot6,36,False
bot5,bot6,bot5,bot6,27,False
bot5,bot6,bot6,bot6,36,False
bot5,bot6,bot5,bot6,27,False
bot5,bot6,bot6,bot6,36,False
bot5,bot6,bot5,bot6,27,False
bot5,bot6,bot6,bot6,36,False
bot5,bot6,bot5,bot6,27,False
bot5,bot6,bot6,bot6,32,False
bot5,bot6,bot5,bot6,27,False
bot5,bot6,bot6,bot6,36,False
bot5,bot6,bot5,bot6,27,False
bot5,bot6,bot6,bot6,36,False
bot5,bot6,bot5,bot6,27,False
bot5,bot6,bot6,bot6,45,False
bot5,bot6,bot5,bot6,27,False
bot5,bot6,bot6,bot6,32,False
bot5,bot6,bot5,bot6,27,False
bot5,bot6,bot6,bot6,45,False
bot5,bot6,bot5,bot6,27,False
bot5,bot6,bot6,bot6,36,False
bot5,bot6,bot5,bot6,27,False
bot5,bot6,bot6,bot6,36,False
bot5,bot6,bot5,bot6,27,False
bot5,bot6,bot6,bot6,36,False
bot5,bot6,bot5,bot6,27,False
bot5,bot6,bot6,bot6,36,False
bot5,bot6,bot5,bot6,27,False
bot5,bot6,bot6,bot6,36,False
bot5,bot6,bot5,bot6,27,False
bot5,bot6,bot6,bot6,36,False
bot5,bot6,bot5,bot6,27,False
bot5,bot6,bot6,None,200,True
bot5,bot6,bot5,bot6,27,False
bot5,bot6,bot6,bot6,36,False
bot5,bot6,bot5,bot6,27,False
bot5,bot6,bot6,bot6,36,False
bot5,bot6,bot5,bot6,27,False
bot5,bot6,bot6,bot6,36,False
bot5,bot6,bot5,bot6,27,False
bot5,bot6,bot6,bot6,45,False
bot5,bot6,bot5,bot6,27,False
bot5,bot6,bot6,bot5,46,False
bot5,bot6,bot5,bot6,27,False
bot5,bot6,bot6,bot6,36,False
bot5,bot6,bot5,bot6,27,False
bot5,bot6,bot6,bot6,36,False
bot5,bot6,bot5,bot6,27,False
bot5,bot6,bot6,bot6,36,False
bot5,bot6,bot5,bot5,24,False
bot5,bot6,bot6,bot6,36,False
bot5,bot7,bot5,bot5,48,False
bot5,bot7,bot7,bot7,36,False
bot5,bot7,bot5,bot7,27,False
bot5,bot7,bot7,bot7,36,False
bot5,bot7,bot5,bot7,27,False
bot5,bot7,bot7,bot7,36,False
bot5,bot7,bot5,bot7,27,False
bot5,bot7,bot7,bot7,45,False
bot5,bot7,bot5,bot7,27,False
bot5,bot7,bot7,bot5,27,False
bot5,bot7,bot5,bot7,27,False
bot5,bot7,bot7,bot7,36,False
bot5,bot7,bot5,bot7,27,False
bot5,bot7,bot7,bot7,36,False
bot5,bot7,bot5,bot7,27,False
bot5,bot7,bot7,bot7,36,False
bot5,bot7,bot5,bot7,27,False
bot5,bot7,bot7,bot7,36,False
bot5,bot7,bot5,bot7,27,False
bot5,bot7,bot7,bot7,36,False
bot5,bot7,bot5,bot7,27,False
bot5,bot7,bot7,None,200,True
bot5,bot7,bot5,bot7,27,False
bot5,bot7,bot7,bot7,28,False
bot5,bot7,bot5,bot7,27,False
bot5,bot7,bot7,bot5,27,False
bot5,bot7,bot5,bot7,27,False
bot5,bot7,bot7,bot7,36,False
bot5,bot7,bot5,bot7,27,False
bot5,bot7,bot7,bot7,36,False
bot5,bot7,bot5,bot7,27,False
bot5,bot7,bot7,bot7,36,False
bot5,bot7,bot5,bot7,27,False
bot5,bot7,bot7,bot7,28,False
bot5,bot7,bot5,bot7,27,False
bot5,bot7,bot7,bot7,36,False
bot5,bot7,bot5,bot7,27,False
bot5,bot7,bot7,bot7,36,False
bot5,bot7,bot5,bot7,27,False
bot5,bot7,bot7,bot7,36,False
bot5,bot7,bot5,bot7,27,False
bot5,bot7,bot7,bot7,36,False
bot5,bot7,bot5,bot7,27,False
bot5,bot7,bot7,bot5,27,False
bot5,bot7,bot5,bot7,27,False
bot5,bot7,bot7,bot7,36,False
bot5,bot7,bot5,bot5,48,False
bot5,bot7,bot7,bot7,36,False
bot5,bot7,bot5,bot5,28,False
bot5,bot7,bot7,bot7,36,False
bot5,bot7,bot5,bot7,27,False
bot5,bot7,bot7,bot7,36,False
bot5,bot7,bot5,bot7,27,False
bot5,bot7,bot7,bot5,46,False
bot5,bot7,bot5,bot7,27,False
bot5,bot7,bot7,bot7,36,False
bot5,bot7,bot5,bot7,27,False
bot5,bot7,bot7,bot7,36,False
bot5,bot7,bot5,bot5,48,False
bot5,bot7,bot7,bot7,36,False
bot5,bot7,bot5,bot7,27,False
bot5,bot7,bot7,None,200,True
bot5,bot7,bot5,bot7,27,False
bot5,bot7,bot7,bot7,36,False
bot5,bot7,bot5,bot7,27,False
bot5,bot7,bot7,bot7,36,False
bot5,bot7,bot5,bot7,27,False
bot5,bot7,bot7,bot7,36,False
bot5,bot7,bot5,bot7,27,False
bot5,bot7,bot7,bot7,28,False
bot5,bot7,bot5,bot7,27,False
bot5,bot7,bot7,bot7,36,False
bot5,bot7,bot5,bot7,27,False
bot5,bot7,bot7,bot7,28,False
bot5,bot7,bot5,bot7,27,False
bot5,bot7,bot7,bot7,36,False
bot5,bot7,bot5,bot7,27,False
bot5,bot7,bot7,None,200,True
bot5,bot7,bot5,bot7,27,False
bot5,bot7,bot7,bot7,28,False
bot5,bot7,bot5,bot7,27,False
bot5,bot7,bot7,bot7,36,False
bot5,bot7,bot5,bot7,27,False
bot5,bot7,bot7,bot7,36,False
bot5,bot7,bot5,bot7,27,False
bot5,bot7,bot7,bot7,36,False
bot5,bot7,bot5,bot5,28,False
bot5,bot7,bot7,bot7,36,False
bot5,bot7,bot5,bot7,27,False
bot5,bot7,bot7,bot7,36,False
bot5,bot7,bot5,bot7,27,False
bot5,bot7,bot7,bot7,36,False
bot5,bot7,bot5,bot5,28,False
bot5,bot7,bot7,bot7,64,False
bot5,bot7,bot5,bot7,27,False
bot5,bot7,bot7,bot7,36,False
bot5,bot7,bot5,bot7,27,False
bot5,bot7,bot7,bot7,36,False
bot5,bot7,bot5,bot5,28,False
bot5,bot7,bot7,bot7,36,False
bot5,bot7,bot5,bot7,27,False
bot5,bot7,bot7,bot7,36,False
bot5,bot7,bot5,bot7,27,False
bot5,bot7,bot7,bot7,36,False
bot5,bot7,bot5,bot7,27,False
bot5,bot7,bot7,bot7,28,False
bot5,bot7,bot5,bot7,27,False
bot5,bot7,bot7,bot7,28,False
bot5,bot7,bot5,bot7,27,False
bot5,bot7,bot7,bot7,36,False
bot5,bot7,bot5,bot7,27,False
bot5,bot7,bot7,bot7,36,False
bot5,bot7,bot5,bot7,27,False
bot5,bot7,bot7,bot7,45,False
bot5,bot7,bot5,bot7,27,False
bot5,bot7,bot7,bot7,36,False
bot5,bot7,bot5,bot7,27,False
bot5,bot7,bot7,bot7,36,False
bot5,bot7,bot5,bot7,27,False
bot5,bot7,bot7,bot7,36,False
bot5,bot7,bot5,bot5,28,False
bot5,bot7,bot7,bot7,36,False
bot5,bot7,bot5,bot7,27,False
bot5,bot7,bot7,bot7,36,False
bot5,bot7,bot5,bot7,27,False
bot5,bot7,bot7,bot7,36,False
bot5,bot7,bot5,bot7,27,False
bot5,bot7,bot7,bot7,36,False
bot5,bot7,bot5,bot7,27,False
bot5,bot7,bot7,bot7,36,False
bot5,bot7,bot5,bot7,27,False
bot5,bot7,bot7,bot7,36,False
bot5,bot7,bot5,bot7,27,False
bot5,bot7,bot7,bot7,36,False
bot5,bot7,bot5,bot7,27,False
bot5,bot7,bot7,bot7,40,False
bot5,bot7,bot5,bot7,27,False
bot5,bot7,bot7,bot7,28,False
bot5,bot7,bot5,bot7,27,False
bot5,bot7,bot7,bot7,36,False
bot5,bot7,bot5,bot7,27,False
bot5,bot7,bot7,bot7,52,False
bot5,bot7,bot5,bot7,27,False
bot5,bot7,bot7,bot5,27,False
bot5,bot7,bot5,bot5,28,False
bot5,bot7,bot7,bot7,36,False
bot5,bot7,bot5,bot7,27,False
bot5,bot7,bot7,bot5,27,False
bot5,bot7,bot5,bot7,27,False
bot5,bot7,bot7,bot5,27,False
bot5,bot7,bot5,bot7,27,False
bot5,bot7,bot7,bot7,28,False
bot5,bot7,bot5,bot7,27,False
bot5,bot7,bot7,bot7,36,False
bot5,bot7,bot5,bot7,27,False
bot5,bot7,bot7,bot7,36,False
bot5,bot7,bot5,bot7,27,False
bot5,bot7,bot7,bot7,36,False
bot5,bot7,bot5,bot7,27,False
bot5,bot7,bot7,bot7,36,False
bot5,bot7,bot5,bot7,27,False
bot5,bot7,bot7,bot7,28,False
bot5,bot7,bot5,bot7,27,False
bot5,bot7,bot7,bot7,28,False
bot5,bot7,bot5,bot7,27,False
bot5,bot7,bot7,bot7,36,False
bot5,bot7,bot5,bot7,27,False
bot5,bot7,bot7,bot7,36,False
bot5,bot7,bot5,bot7,27,False
bot5,bot7,bot7,bot7,36,False
bot5,bot7,bot5,bot7,27,False
bot5,bot7,bot7,bot7,36,False
bot5,bot7,bot5,bot7,27,False
bot5,bot7,bot7,bot7,36,False
bot5,bot7,bot5,bot7,27,False
bot5,bot7,bot7,bot7,36,False
bot5,bot7,bot5,bot7,27,False
bot5,bot7,bot7,bot7,36,False
bot5,bot7,bot5,bot5,48,False
bot5,bot7,bot7,bot7,36,False
bot5,bot7,bot5,bot7,27,False
bot5,bot7,bot7,bot7,45,False
bot5,bot7,bot5,bot7,27,False
bot5,bot7,bot7,bot7,36,False
bot5,bot7,bot5,bot7,27,False
bot5,bot7,bot7,bot7,28,False
bot5,bot7,bot5,bot7,27,False
bot5,bot7,bot7,bot7,36,False
bot5,bot7,bot5,bot7,27,False
bot5,bot7,bot7,bot7,36,False
bot5,bot7,bot5,bot7,27,False
bot5,bot7,bot7,bot7,45,False
bot5,bot7,bot5,bot7,27,False
bot5,bot7,bot7,bot5,44,False
bot5,bot7,bot5,bot7,27,False
bot5,bot7,bot7,bot7,36,False
bot5,bot7,bot5,bot7,27,False
bot5,bot7,bot7,bot7,36,False
bot5,bot7,bot5,bot7,27,False
bot5,bot7,bot7,bot7,36,False
bot5,bot7,bot5,bot7,27,False
bot5,bot7,bot7,bot7,45,False
bot5,bot7,bot5,bot7,27,False
bot5,bot7,bot7,bot7,36,False
bot5,bot7,bot5,bot7,27,False
bot5,bot7,bot7,None,200,True
bot5,bot7,bot5,bot7,27,False
bot5,bot7,bot7,bot7,36,False
bot5,bot7,bot5,bot5,48,False
bot5,bot7,bot7,bot7,36,False
bot5,bot7,bot5,bot7,27,False
bot5,bot7,bot7,bot7,28,False
bot5,bot7,bot5,bot5,28,False
bot5,bot7,bot7,bot7,36,False
bot5,bot7,bot5,bot7,27,False
bot5,bot7,bot7,bot7,36,False
bot5,bot7,bot5,bot7,27,False
bot5,bot7,bot7,bot7,36,False
bot5,bot7,bot5,bot7,27,False
bot5,bot7,bot7,bot7,36,False
bot5,bot7,bot5,bot7,27,False
bot5,bot7,bot7,bot7,36,False
bot5,bot7,bot5,bot7,27,False
bot5,bot7,bot7,bot7,36,False
bot5,bot7,bot5,bot7,27,False
bot5,bot7,bot7,bot7,36,False
bot5,bot7,bot5,bot7,27,False
bot5,bot7,bot7,bot7,36,False
bot5,bot7,bot5,bot7,27,False
bot5,bot7,bot7,bot7,36,False
bot5,bot7,bot5,bot7,27,False
bot5,bot7,bot7,None,200,True
bot5,bot7,bot5,bot7,27,False
bot5,bot7,bot7,bot7,36,False
bot5,bot7,bot5,bot7,27,False
bot5,bot7,bot7,bot7,36,False
bot5,bot7,bot5,bot7,27,False
bot5,bot7,bot7,bot7,36,False
bot5,bot7,bot5,bot7,27,False
bot5,bot7,bot7,bot7,36,False
bot5,bot7,bot5,bot7,27,False
bot5,bot7,bot7,bot7,36,False
bot5,bot7,bot5,bot7,27,False
bot5,bot7,bot7,bot7,36,False
bot5,bot7,bot5,bot7,27,False
bot5,bot7,bot7,bot7,28,False
bot5,bot7,bot5,bot5,48,False
bot5,bot7,bot7,bot7,36,False
bot5,bot7,bot5,bot7,27,False
bot5,bot7,bot7,bot7,36,False
bot5,bot7,bot5,bot7,27,False
bot5,bot7,bot7,bot7,36,False
bot5,bot7,bot5,bot7,27,False
bot5,bot7,bot7,bot7,45,False
bot5,bot7,bot5,bot7,27,False
bot5,bot7,bot7,bot7,36,False
bot5,bot7,bot5,bot7,27,False
bot5,bot7,bot7,bot7,36,False
bot5,bot7,bot5,bot7,27,False
bot5,bot7,bot7,bot5,27,False
bot5,bot7,bot5,bot7,27,False
bot5,bot7,bot7,bot7,36,False
bot5,bot7,bot5,bot7,27,False
bot5,bot7,bot7,bot7,36,False
bot5,bot7,bot5,bot7,27,False
bot5,bot7,bot7,bot7,36,False
bot5,bot7,bot5,bot5,48,False
bot5,bot7,bot7,bot7,32,False
bot5,bot7,bot5,bot7,27,False
bot5,bot7,bot7,bot7,36,False
bot5,bot7,bot5,bot7,27,False
bot5,bot7,bot7,bot5,27,False
bot5,bot7,bot5,bot7,27,False
bot5,bot7,bot7,bot5,27,False
bot5,bot7,bot5,bot7,27,False
bot5,bot7,bot7,bot7,36,False
bot5,bot7,bot5,bot7,27,False
bot5,bot7,bot7,bot7,36,False
bot5,bot7,bot5,bot7,27,False
bot5,bot7,bot7,bot7,36,False
bot5,bot7,bot5,bot7,27,False
bot5,bot7,bot7,bot5,27,False
bot5,bot7,bot5,bot7,27,False
bot5,bot7,bot7,bot7,36,False
bot5,bot7,bot5,bot7,27,False
bot5,bot7,bot7,bot7,36,False
bot5,bot7,bot5,bot7,27,False
bot5,bot7,bot7,bot7,36,False
bot5,bot7,bot5,bot7,27,False
bot5,bot7,bot7,bot7,36,False
bot5,bot7,bot5,bot7,27,False
bot5,bot7,bot7,bot7,36,False
bot5,bot7,bot5,bot7,27,False
bot5,bot7,bot7,bot7,36,False
bot5,bot7,bot5,bot7,27,False
bot5,bot7,bot7,bot7,36,False
bot5,bot7,bot5,bot7,27,False
bot5,bot7,bot7,bot7,36,False
bot5,bot7,bot5,bot7,27,False
bot5,bot7,bot7,bot7,36,False
bot5,bot8,bot5,bot8,100,False
bot5,bot8,bot8,bot5,27,False
bot5,bot8,bot5,bot8,100,False
bot5,bot8,bot8,bot8,48,False
bot5,bot8,bot5,bot8,100,False
bot5,bot8,bot8,bot8,32,False
bot5,bot8,bot5,bot8,100,False
bot5,bot8,bot8,bot8,48,False
bot5,bot8,bot5,bot8,100,False
bot5,bot8,bot8,bot8,48,False
bot5,bot8,bot5,bot5,101,False
bot5,bot8,bot8,bot8,48,False
bot5,bot8,bot5,bot5,32,False
bot5,bot8,bot8,bot8,48,False
bot5,bot8,bot5,bot8,100,False
bot5,bot8,bot8,bot8,100,False
bot5,bot8,bot5,bot8,100,False
bot5,bot8,bot8,bot8,48,False
bot5,bot8,bot5,bot8,100,False
bot5,bot8,bot8,bot8,44,False
bot5,bot8,bot5,bot5,69,False
bot5,bot8,bot8,bot8,48,False
bot5,bot8,bot5,bot8,100,False
bot5,bot8,bot8,bot8,48,False
bot5,bot8,bot5,bot8,100,False
bot5,bot8,bot8,bot8,48,False
bot5,bot8,bot5,bot5,69,False
bot5,bot8,bot8,bot8,28,False
bot5,bot8,bot5,bot8,100,False
bot5,bot8,bot8,bot8,48,False
bot5,bot8,bot5,bot8,100,False
bot5,bot8,bot8,bot8,28,False
bot5,bot8,bot5,bot8,100,False
bot5,bot8,bot8,bot8,48,False
bot5,bot8,bot5,bot8,66,False
bot5,bot8,bot8,bot5,27,False
bot5,bot8,bot5,bot8,100,False
bot5,bot8,bot8,bot8,48,False
bot5,bot8,bot5,bot8,90,False
bot5,bot8,bot8,bot8,48,False
bot5,bot8,bot5,bot5,68,False
bot5,bot8,bot8,bot8,48,False
bot5,bot8,bot5,bot8,90,False
bot5,bot8,bot8,bot8,48,False
bot5,bot8,bot5,bot8,100,False
bot5,bot8,bot8,bot8,48,False
bot5,bot8,bot5,bot8,100,False
bot5,bot8,bot8,bot8,48,False
bot5,bot8,bot5,bot5,68,False
bot5,bot8,bot8,bot8,48,False
bot5,bot8,bot5,bot5,64,False
bot5,bot8,bot8,bot8,48,False
bot5,bot8,bot5,bot8,95,False
bot5,bot8,bot8,bot5,27,False
bot5,bot8,bot5,bot8,100,False
bot5,bot8,bot8,bot8,32,False
bot5,bot8,bot5,bot8,100,False
bot5,bot8,bot8,bot8,48,False
bot5,bot8,bot5,bot8,100,False
bot5,bot8,bot8,bot8,48,False
bot5,bot8,bot5,bot8,100,False
bot5,bot8,bot8,bot8,100,False
bot5,bot8,bot5,bot8,100,False
bot5,bot8,bot8,bot8,48,False
bot5,bot8,bot5,bot8,100,False
bot5,bot8,bot8,bot8,46,False
bot5,bot8,bot5,bot8,100,False
bot5,bot8,bot8,bot8,48,False
bot5,bot8,bot5,bot8,100,False
bot5,bot8,bot8,bot8,48,False
bot5,bot8,bot5,bot8,90,False
bot5,bot8,bot8,bot8,48,False
bot5,bot8,bot5,bot5,28,False
bot5,bot8,bot8,bot8,48,False
bot5,bot8,bot5,bot8,100,False
bot5,bot8,bot8,bot8,48,False
bot5,bot8,bot5,bot8,106,False
bot5,bot8,bot8,bot8,48,False
bot5,bot8,bot5,bot5,32,False
bot5,bot8,bot8,bot8,48,False
bot5,bot8,bot5,bot8,106,False
bot5,bot8,bot8,bot8,48,False
bot5,bot8,bot5,bot8,100,False
bot5,bot8,bot8,bot8,100,False
bot5,bot8,bot5,bot8,100,False
bot5,bot8,bot8,bot8,48,False
bot5,bot8,bot5,bot5,32,False
bot5,bot8,bot8,bot8,48,False
bot5,bot8,bot5,bot8,100,False
bot5,bot8,bot8,bot8,46,False
bot5,bot8,bot5,bot8,100,False
bot5,bot8,bot8,bot8,28,False
bot5,bot8,bot5,bot8,100,False
bot5,bot8,bot8,bot8,48,False
bot5,bot8,bot5,bot5,64,False
bot5,bot8,bot8,bot8,48,False
bot5,bot8,bot5,bot5,28,False
bot5,bot8,bot8,bot8,44,False
bot5,bot8,bot5,bot8,100,False
bot5,bot8,bot8,bot8,46,False
bot5,bot8,bot5,bot5,32,False
bot5,bot8,bot8,bot8,48,False
bot5,bot8,bot5,bot8,100,False
bot5,bot8,bot8,bot8,100,False
bot5,bot8,bot5,bot8,100,False
bot5,bot8,bot8,bot8,44,False
bot5,bot8,bot5,bot8,100,False
bot5,bot8,bot8,bot8,28,False
bot5,bot8,bot5,bot8,64,False
bot5,bot8,bot8,bot8,48,False
bot5,bot8,bot5,bot5,32,False
bot5,bot8,bot8,bot8,100,False
bot5,bot8,bot5,bot5,68,False
bot5,bot8,bot8,bot8,48,False
bot5,bot8,bot5,bot8,100,False
bot5,bot8,bot8,bot5,46,False
bot5,bot8,bot5,bot8,100,False
bot5,bot8,bot8,bot8,48,False
bot5,bot8,bot5,bot8,100,False
bot5,bot8,bot8,bot5,27,False
bot5,bot8,bot5,bot8,100,False
bot5,bot8,bot8,bot8,48,False
bot5,bot8,bot5,bot8,100,False
bot5,bot8,bot8,bot5,46,False
bot5,bot8,bot5,bot8,100,False
bot5,bot8,bot8,bot8,28,False
bot5,bot8,bot5,bot8,100,False
bot5,bot8,bot8,bot8,48,False
bot5,bot8,bot5,bot5,32,False
bot5,bot8,bot8,bot8,48,False
bot5,bot8,bot5,bot8,100,False
bot5,bot8,bot8,bot8,36,False
bot5,bot8,bot5,bot5,32,False
bot5,bot8,bot8,bot8,48,False
bot5,bot8,bot5,bot8,100,False
bot5,bot8,bot8,bot8,48,False
bot5,bot8,bot5,bot8,100,False
bot5,bot8,bot8,bot8,48,False
bot5,bot8,bot5,bot5,28,False
bot5,bot8,bot8,bot8,48,False
bot5,bot8,bot5,bot5,60,False
bot5,bot8,bot8,bot5,27,False
bot5,bot8,bot5,bot8,115,False
bot5,bot8,bot8,bot8,48,False
bot5,bot8,bot5,bot8,100,False
bot5,bot8,bot8,bot8,48,False
bot5,bot8,bot5,bot8,100,False
bot5,bot8,bot8,bot8,48,False
bot5,bot8,bot5,bot5,32,False
bot5,bot8,bot8,bot8,48,False
bot5,bot8,bot5,bot8,100,False
bot5,bot8,bot8,bot8,48,False
bot5,bot8,bot5,bot8,100,False
bot5,bot8,bot8,bot8,48,False
bot5,bot8,bot5,bot5,68,False
bot5,bot8,bot8,bot8,32,False
bot5,bot8,bot5,bot8,100,False
bot5,bot8,bot8,bot5,27,False
bot5,bot8,bot5,bot5,64,False
bot5,bot8,bot8,bot8,48,False
bot5,bot8,bot5,bot8,100,False
bot5,bot8,bot8,bot8,48,False
bot5,bot8,bot5,bot8,100,False
bot5,bot8,bot8,bot8,48,False
bot5,bot8,bot5,bot8,100,False
bot5,bot8,bot8,bot8,28,False
bot5,bot8,bot5,bot5,68,False
bot5,bot8,bot8,bot8,44,False
bot5,bot8,bot5,bot8,115,False
bot5,bot8,bot8,bot5,27,False
bot5,bot8,bot5,bot8,100,False
bot5,bot8,bot8,bot8,48,False
bot5,bot8,bot5,bot8,100,False
bot5,bot8,bot8,bot8,32,False
bot5,bot8,bot5,bot8,100,False
bot5,bot8,bot8,bot8,48,False
bot5,bot8,bot5,bot5,32,False
bot5,bot8,bot8,bot8,48,False
bot5,bot8,bot5,bot8,112,False
bot5,bot8,bot8,bot8,48,False
bot5,bot8,bot5,bot8,100,False
bot5,bot8,bot8,None,200,True
bot5,bot8,bot5,bot5,32,False
bot5,bot8,bot8,bot8,48,False
bot5,bot8,bot5,bot8,95,False
bot5,bot8,bot8,bot8,48,False
bot5,bot8,bot5,bot5,68,False
bot5,bot8,bot8,bot8,48,False
bot5,bot8,bot5,bot8,100,False
bot5,bot8,bot8,bot8,44,False
bot5,bot8,bot5,bot8,90,False
bot5,bot8,bot8,bot8,48,False
bot5,bot8,bot5,bot5,69,False
bot5,bot8,bot8,bot8,48,False
bot5,bot8,bot5,bot8,100,False
bot5,bot8,bot8,bot8,48,False
bot5,bot8,bot5,bot8,95,False
bot5,bot8,bot8,bot8,48,False
bot5,bot8,bot5,bot8,100,False
bot5,bot8,bot8,bot8,48,False
bot5,bot8,bot5,bot5,32,False
bot5,bot8,bot8,bot8,48,False
bot5,bot8,bot5,bot8,100,False
bot5,bot8,bot8,bot8,48,False
bot5,bot8,bot5,bot5,32,False
bot5,bot8,bot8,bot8,44,False
bot5,bot8,bot5,bot8,100,False
bot5,bot8,bot8,bot8,48,False
bot5,bot8,bot5,bot8,100,False
bot5,bot8,bot8,bot8,44,False
bot5,bot8,bot5,bot5,68,False
bot5,bot8,bot8,bot8,28,False
bot5,bot8,bot5,bot8,100,False
bot5,bot8,bot8,bot8,48,False
bot5,bot8,bot5,bot8,100,False
bot5,bot8,bot8,bot8,48,False
bot5,bot8,bot5,bot8,95,False
bot5,bot8,bot8,bot8,32,False
bot5,bot8,bot5,bot8,100,False
bot5,bot8,bot8,bot8,48,False
bot5,bot8,bot5,bot8,95,False
bot5,bot8,bot8,bot8,44,False
bot5,bot8,bot5,bot8,100,False
bot5,bot8,bot8,bot5,27,False
bot5,bot8,bot5,bot5,64,False
bot5,bot8,bot8,bot8,48,False
bot5,bot8,bot5,bot5,64,False
bot5,bot8,bot8,bot8,32,False
bot5,bot8,bot5,bot8,100,False
bot5,bot8,bot8,bot8,48,False
bot5,bot8,bot5,bot8,66,False
bot5,bot8,bot8,bot8,48,False
bot5,bot8,bot5,bot8,100,False
bot5,bot8,bot8,bot8,46,False
bot5,bot8,bot5,bot5,32,False
bot5,bot8,bot8,bot8,48,False
bot5,bot8,bot5,bot8,95,False
bot5,bot8,bot8,bot8,48,False
bot5,bot8,bot5,bot8,100,False
bot5,bot8,bot8,bot8,48,False
bot5,bot8,bot5,bot8,100,False
bot5,bot8,bot8,bot8,46,False
bot5,bot8,bot5,bot8,100,False
bot5,bot8,bot8,bot8,48,False
bot5,bot8,bot5,bot8,100,False
bot5,bot8,bot8,bot8,32,False
bot5,bot8,bot5,bot5,68,False
bot5,bot8,bot8,bot8,48,False
bot5,bot8,bot5,bot5,32,False
bot5,bot8,bot8,bot8,48,False
bot5,bot8,bot5,bot8,100,False
bot5,bot8,bot8,bot8,32,False
bot5,bot8,bot5,bot8,100,False
bot5,bot8,bot8,bot8,48,False
bot5,bot8,bot5,bot5,69,False
bot5,bot8,bot8,bot8,48,False
bot5,bot8,bot5,bot5,32,False
bot5,bot8,bot8,bot8,48,False
bot5,bot8,bot5,bot8,106,False
bot5,bot8,bot8,bot8,48,False
bot5,bot8,bot5,bot8,100,False
bot5,bot8,bot8,bot8,48,False
bot5,bot8,bot5,bot8,106,False
bot5,bot8,bot8,bot8,48,False
bot5,bot8,bot5,bot5,32,False
bot5,bot8,bot8,bot8,48,False
bot5,bot8,bot5,bot5,28,False
bot5,bot8,bot8,bot8,48,False
bot5,bot8,bot5,bot8,100,False
bot5,bot8,bot8,bot8,48,False
bot5,bot8,bot5,bot5,68,False
bot5,bot8,bot8,bot8,28,False
bot5,bot8,bot5,bot8,90,False
bot5,bot8,bot8,bot8,48,False
bot5,bot8,bot5,bot8,100,False
bot5,bot8,bot8,bot8,48,False
bot5,bot8,bot5,bot5,69,False
bot5,bot8,bot8,None,200,True
bot5,bot8,bot5,bot8,100,False
bot5,bot8,bot8,bot8,48,False
bot5,bot8,bot5,bot8,100,False
bot5,bot8,bot8,bot8,48,False
bot5,bot8,bot5,bot5,32,False
bot5,bot8,bot8,bot8,44,False
bot5,bot8,bot5,bot8,100,False
bot5,bot8,bot8,bot8,48,False
bot5,bot8,bot5,bot8,100,False
bot5,bot8,bot8,bot8,46,False
bot5,bot8,bot5,bot8,100,False
bot5,bot8,bot8,bot8,48,False
bot5,bot8,bot5,bot8,100,False
bot5,bot8,bot8,bot8,28,False
bot5,bot8,bot5,bot8,172,False
bot5,bot8,bot8,bot8,48,False
bot5,bot8,bot5,bot8,100,False
bot5,bot8,bot8,bot8,48,False
bot5,bot8,bot5,bot8,106,False
bot5,bot8,bot8,bot5,27,False
bot5,bot8,bot5,bot8,100,False
bot5,bot8,bot8,bot8,48,False
bot6,bot7,bot6,bot6,32,False
bot6,bot7,bot7,bot7,44,False
bot6,bot7,bot6,bot6,28,False
bot6,bot7,bot7,bot7,44,False
bot6,bot7,bot6,bot6,24,False
bot6,bot7,bot7,bot7,28,False
bot6,bot7,bot6,bot6,24,False
bot6,bot7,bot7,bot7,40,False
bot6,bot7,bot6,bot6,66,False
bot6,bot7,bot7,bot7,44,False
bot6,bot7,bot6,bot6,24,False
bot6,bot7,bot7,bot7,32,False
bot6,bot7,bot6,bot6,36,False
bot6,bot7,bot7,bot7,44,False
bot6,bot7,bot6,bot6,28,False
bot6,bot7,bot7,bot7,44,False
bot6,bot7,bot6,bot6,24,False
bot6,bot7,bot7,bot7,28,False
bot6,bot7,bot6,bot6,24,False
bot6,bot7,bot7,bot7,44,False
bot6,bot7,bot6,bot6,24,False
bot6,bot7,bot7,bot7,112,False
bot6,bot7,bot6,bot6,24,False
bot6,bot7,bot7,bot7,72,False
bot6,bot7,bot6,bot6,32,False
bot6,bot7,bot7,bot7,24,False
bot6,bot7,bot6,bot6,32,False
bot6,bot7,bot7,bot7,44,False
bot6,bot7,bot6,bot6,24,False
bot6,bot7,bot7,None,200,True
bot6,bot7,bot6,bot6,32,False
bot6,bot7,bot7,bot7,44,False
bot6,bot7,bot6,bot6,24,False
bot6,bot7,bot7,bot6,27,False
bot6,bot7,bot6,bot6,24,False
bot6,bot7,bot7,bot7,44,False
bot6,bot7,bot6,bot6,24,False
bot6,bot7,bot7,bot7,44,False
bot6,bot7,bot6,bot6,24,False
bot6,bot7,bot7,bot7,44,False
bot6,bot7,bot6,bot6,28,False
bot6,bot7,bot7,bot6,98,False
bot6,bot7,bot6,bot6,32,False
bot6,bot7,bot7,bot7,36,False
bot6,bot7,bot6,bot6,24,False
bot6,bot7,bot7,bot7,44,False
bot6,bot7,bot6,bot6,24,False
bot6,bot7,bot7,bot7,44,False
bot6,bot7,bot6,bot6,24,False
bot6,bot7,bot7,bot7,116,False
bot6,bot7,bot6,bot6,32,False
bot6,bot7,bot7,bot7,24,False
bot6,bot7,bot6,bot6,32,False
bot6,bot7,bot7,bot7,44,False
bot6,bot7,bot6,bot6,28,False
bot6,bot7,bot7,bot7,32,False
bot6,bot7,bot6,bot6,24,False
bot6,bot7,bot7,bot7,36,False
bot6,bot7,bot6,bot7,27,False
bot6,bot7,bot7,bot7,56,False
bot6,bot7,bot6,bot6,24,False
bot6,bot7,bot7,bot7,28,False
bot6,bot7,bot6,bot6,24,False
bot6,bot7,bot7,bot7,28,False
bot6,bot7,bot6,bot6,24,False
bot6,bot7,bot7,bot7,28,False
bot6,bot7,bot6,bot6,24,False
bot6,bot7,bot7,bot7,40,False
bot6,bot7,bot6,bot6,24,False
bot6,bot7,bot7,bot7,56,False
bot6,bot7,bot6,bot6,32,False
bot6,bot7,bot7,bot7,44,False
bot6,bot7,bot6,bot6,32,False
bot6,bot7,bot7,bot7,44,False
bot6,bot7,bot6,bot6,24,False
bot6,bot7,bot7,bot7,44,False
bot6,bot7,bot6,bot6,24,False
bot6,bot7,bot7,bot7,36,False
bot6,bot7,bot6,bot6,24,False
bot6,bot7,bot7,bot7,24,False
bot6,bot7,bot6,bot6,24,False
bot6,bot7,bot7,bot7,40,False
bot6,bot7,bot6,bot6,24,False
bot6,bot7,bot7,bot7,44,False
bot6,bot7,bot6,bot6,24,False
bot6,bot7,bot7,bot7,44,False
bot6,bot7,bot6,bot6,24,False
bot6,bot7,bot7,bot7,44,False
bot6,bot7,bot6,bot6,24,False
bot6,bot7,bot7,bot7,44,False
bot6,bot7,bot6,bot6,24,False
bot6,bot7,bot7,bot7,44,False
bot6,bot7,bot6,bot6,24,False
bot6,bot7,bot7,bot7,44,False
bot6,bot7,bot6,bot6,48,False
bot6,bot7,bot7,bot7,44,False
bot6,bot7,bot6,bot6,24,False
bot6,bot7,bot7,bot6,27,False
bot6,bot7,bot6,bot6,24,False
bot6,bot7,bot7,bot7,44,False
bot6,bot7,bot6,bot6,24,False
bot6,bot7,bot7,bot7,44,False
bot6,bot7,bot6,bot6,24,False
bot6,bot7,bot7,bot7,44,False
bot6,bot7,bot6,bot6,24,False
bot6,bot7,bot7,bot7,44,False
bot6,bot7,bot6,bot6,48,False
bot6,bot7,bot7,bot7,24,False
bot6,bot7,bot6,bot6,24,False
bot6,bot7,bot7,bot7,44,False
bot6,bot7,bot6,bot6,24,False
bot6,bot7,bot7,bot7,44,False
bot6,bot7,bot6,bot6,24,False
bot6,bot7,bot7,bot7,44,False
bot6,bot7,bot6,bot6,24,False
bot6,bot7,bot7,bot7,44,False
bot6,bot7,bot6,bot6,24,False
bot6,bot7,bot7,bot7,44,False
bot6,bot7,bot6,bot6,32,False
bot6,bot7,bot7,bot7,44,False
bot6,bot7,bot6,bot6,24,False
bot6,bot7,bot7,bot7,40,False
bot6,bot7,bot6,bot6,24,False
bot6,bot7,bot7,bot7,44,False
bot6,bot7,bot6,bot6,24,False
bot6,bot7,bot7,bot7,44,False
bot6,bot7,bot6,bot6,28,False
bot6,bot7,bot7,bot6,110,False
bot6,bot7,bot6,bot6,24,False
bot6,bot7,bot7,bot7,44,False
bot6,bot7,bot6,bot6,24,False
bot6,bot7,bot7,bot7,52,False
bot6,bot7,bot6,bot6,24,False
bot6,bot7,bot7,bot7,44,False
bot6,bot7,bot6,bot6,24,False
bot6,bot7,bot7,bot7,44,False
bot6,bot7,bot6,bot6,24,False
bot6,bot7,bot7,bot7,44,False
bot6,bot7,bot6,bot6,24,False
bot6,bot7,bot7,bot7,44,False
bot6,bot7,bot6,bot6,24,False
bot6,bot7,bot7,bot7,32,False
bot6,bot7,bot6,bot6,32,False
bot6,bot7,bot7,bot7,52,False
bot6,bot7,bot6,bot6,24,False
bot6,bot7,bot7,bot6,27,False
bot6,bot7,bot6,bot6,24,False
bot6,bot7,bot7,bot7,44,False
bot6,bot7,bot6,bot6,24,False
bot6,bot7,bot7,bot7,44,False
bot6,bot7,bot6,bot6,24,False
bot6,bot7,bot7,bot7,28,False
bot6,bot7,bot6,bot6,24,False
bot6,bot7,bot7,bot7,44,False
bot6,bot7,bot6,bot6,28,False
bot6,bot7,bot7,bot7,44,False
bot6,bot7,bot6,bot6,28,False
bot6,bot7,bot7,bot7,44,False
bot6,bot7,bot6,bot6,24,False
bot6,bot7,bot7,None,200,True
bot6,bot7,bot6,bot6,24,False
bot6,bot7,bot7,bot6,27,False
bot6,bot7,bot6,bot6,24,False
bot6,bot7,bot7,bot7,44,False
bot6,bot7,bot6,bot6,24,False
bot6,bot7,bot7,bot7,44,False
bot6,bot7,bot6,bot6,24,False
bot6,bot7,bot7,bot7,44,False
bot6,bot7,bot6,bot6,24,False
bot6,bot7,bot7,bot7,44,False
bot6,bot7,bot6,bot6,48,False
bot6,bot7,bot7,bot7,44,False
bot6,bot7,bot6,bot6,24,False
bot6,bot7,bot7,bot7,98,False
bot6,bot7,bot6,bot6,24,False
bot6,bot7,bot7,bot7,44,False
bot6,bot7,bot6,bot6,32,False
bot6,bot7,bot7,bot7,44,False
bot6,bot7,bot6,bot6,24,False
bot6,bot7,bot7,bot7,44,False
bot6,bot7,bot6,bot6,24,False
bot6,bot7,bot7,bot7,56,False
bot6,bot7,bot6,bot6,24,False
bot6,bot7,bot7,bot7,52,False
bot6,bot7,bot6,bot6,24,False
bot6,bot7,bot7,bot7,52,False
bot6,bot7,bot6,bot6,32,False
bot6,bot7,bot7,bot7,44,False
bot6,bot7,bot6,bot6,24,False
bot6,bot7,bot7,bot7,44,False
bot6,bot7,bot6,bot6,24,False
bot6,bot7,bot7,bot7,44,False
bot6,bot7,bot6,bot6,24,False
bot6,bot7,bot7,bot7,44,False
bot6,bot7,bot6,bot6,24,False
bot6,bot7,bot7,bot7,44,False
bot6,bot7,bot6,bot6,24,False
bot6,bot7,bot7,bot7,36,False
bot6,bot7,bot6,bot6,24,False
bot6,bot7,bot7,bot6,27,False
bot6,bot7,bot6,bot6,24,False
bot6,bot7,bot7,bot7,44,False
bot6,bot7,bot6,bot6,24,False
bot6,bot7,bot7,bot7,44,False
bot6,bot7,bot6,bot6,24,False
bot6,bot7,bot7,bot7,32,False
bot6,bot7,bot6,bot6,24,False
bot6,bot7,bot7,bot7,44,False
bot6,bot7,bot6,bot6,24,False
bot6,bot7,bot7,bot7,44,False
bot6,bot7,bot6,bot6,32,False
bot6,bot7,bot7,bot7,36,False
bot6,bot7,bot6,bot6,24,False
bot6,bot7,bot7,bot7,28,False
bot6,bot7,bot6,bot6,24,False
bot6,bot7,bot7,bot7,32,False
bot6,bot7,bot6,bot6,24,False
bot6,bot7,bot7,None,200,True
bot6,bot7,bot6,bot6,24,False
bot6,bot7,bot7,bot7,44,False
bot6,bot7,bot6,bot6,24,False
bot6,bot7,bot7,bot7,44,False
bot6,bot7,bot6,bot6,24,False
bot6,bot7,bot7,bot7,44,False
bot6,bot7,bot6,bot6,32,False
bot6,bot7,bot7,bot7,28,False
bot6,bot7,bot6,bot6,32,False
bot6,bot7,bot7,bot7,44,False
bot6,bot7,bot6,bot6,24,False
bot6,bot7,bot7,bot7,44,False
bot6,bot7,bot6,bot6,24,False
bot6,bot7,bot7,bot7,36,False
bot6,bot7,bot6,bot6,24,False
bot6,bot7,bot7,bot7,44,False
bot6,bot7,bot6,bot6,24,False
bot6,bot7,bot7,bot7,44,False
bot6,bot7,bot6,bot6,24,False
bot6,bot7,bot7,bot7,44,False
bot6,bot7,bot6,bot7,27,False
bot6,bot7,bot7,bot7,36,False
bot6,bot7,bot6,bot6,48,False
bot6,bot7,bot7,bot7,44,False
bot6,bot7,bot6,bot6,24,False
bot6,bot7,bot7,bot7,44,False
bot6,bot7,bot6,bot6,32,False
bot6,bot7,bot7,bot7,28,False
bot6,bot7,bot6,bot6,24,False
bot6,bot7,bot7,bot7,44,False
bot6,bot7,bot6,bot6,24,False
bot6,bot7,bot7,bot7,68,False
bot6,bot7,bot6,bot6,24,False
bot6,bot7,bot7,bot7,44,False
bot6,bot7,bot6,bot6,24,False
bot6,bot7,bot7,bot6,56,False
bot6,bot7,bot6,bot6,24,False
bot6,bot7,bot7,bot7,44,False
bot6,bot7,bot6,bot6,24,False
bot6,bot7,bot7,bot7,36,False
bot6,bot7,bot6,bot6,24,False
bot6,bot7,bot7,bot7,44,False
bot6,bot7,bot6,bot6,24,False
bot6,bot7,bot7,bot7,36,False
bot6,bot7,bot6,bot6,28,False
bot6,bot7,bot7,bot7,24,False
bot6,bot7,bot6,bot6,24,False
bot6,bot7,bot7,bot7,44,False
bot6,bot7,bot6,bot6,24,False
bot6,bot7,bot7,bot7,40,False
bot6,bot7,bot6,bot6,24,False
bot6,bot7,bot7,bot7,44,False
bot6,bot7,bot6,bot6,48,False
bot6,bot7,bot7,bot7,44,False
bot6,bot7,bot6,bot6,32,False
bot6,bot7,bot7,bot7,44,False
bot6,bot7,bot6,bot6,24,False
bot6,bot7,bot7,bot7,44,False
bot6,bot7,bot6,bot6,24,False
bot6,bot7,bot7,bot7,44,False
bot6,bot7,bot6,bot6,24,False
bot6,bot7,bot7,bot7,44,False
bot6,bot7,bot6,bot6,32,False
bot6,bot7,bot7,bot7,60,False
bot6,bot7,bot6,bot6,24,False
bot6,bot7,bot7,bot7,44,False
bot6,bot7,bot6,bot7,27,False
bot6,bot7,bot7,bot6,131,False
bot6,bot7,bot6,bot6,24,False
bot6,bot7,bot7,bot7,52,False
bot6,bot7,bot6,bot6,24,False
bot6,bot7,bot7,bot7,24,False
bot6,bot7,bot6,bot6,24,False
bot6,bot7,bot7,bot7,28,False
bot6,bot7,bot6,bot6,24,False
bot6,bot7,bot7,bot7,44,False
bot6,bot7,bot6,bot6,28,False
bot6,bot7,bot7,bot7,32,False
bot6,bot7,bot6,bot6,24,False
bot6,bot7,bot7,None,200,True
bot6,bot7,bot6,bot6,24,False
bot6,bot7,bot7,bot7,44,False
bot6,bot8,bot6,bot8,42,False
bot6,bot8,bot8,bot8,44,False
bot6,bot8,bot6,bot8,42,False
bot6,bot8,bot8,bot8,28,False
bot6,bot8,bot6,bot8,42,False
bot6,bot8,bot8,bot8,44,False
bot6,bot8,bot6,bot8,42,False
bot6,bot8,bot8,bot8,44,False
bot6,bot8,bot6,bot8,42,False
bot6,bot8,bot8,bot8,44,False
bot6,bot8,bot6,bot6,64,False
bot6,bot8,bot8,bot8,44,False
bot6,bot8,bot6,bot8,42,False
bot6,bot8,bot8,bot8,44,False
bot6,bot8,bot6,bot6,32,False
bot6,bot8,bot8,bot8,36,False
bot6,bot8,bot6,bot8,42,False
bot6,bot8,bot8,bot8,44,False
bot6,bot8,bot6,bot8,42,False
bot6,bot8,bot8,bot8,44,False
bot6,bot8,bot6,bot8,42,False
bot6,bot8,bot8,bot8,40,False
bot6,bot8,bot6,bot8,42,False
bot6,bot8,bot8,bot8,44,False
bot6,bot8,bot6,bot8,42,False
bot6,bot8,bot8,bot8,44,False
bot6,bot8,bot6,bot8,42,False
bot6,bot8,bot8,bot8,44,False
bot6,bot8,bot6,bot8,42,False
bot6,bot8,bot8,bot8,44,False
bot6,bot8,bot6,bot8,42,False
bot6,bot8,bot8,bot8,44,False
bot6,bot8,bot6,bot8,42,False
bot6,bot8,bot8,bot8,44,False
bot6,bot8,bot6,bot8,42,False
bot6,bot8,bot8,bot8,28,False
bot6,bot8,bot6,bot8,42,False
bot6,bot8,bot8,bot8,44,False
bot6,bot8,bot6,bot6,32,False
bot6,bot8,bot8,bot8,97,False
bot6,bot8,bot6,bot6,32,False
bot6,bot8,bot8,bot6,27,False
bot6,bot8,bot6,bot8,42,False
bot6,bot8,bot8,bot8,44,False
bot6,bot8,bot6,bot8,42,False
bot6,bot8,bot8,bot8,92,False
bot6,bot8,bot6,bot8,42,False
bot6,bot8,bot8,bot8,48,False
bot6,bot8,bot6,bot6,73,False
bot6,bot8,bot8,bot8,44,False
bot6,bot8,bot6,bot8,42,False
bot6,bot8,bot8,bot8,44,False
bot6,bot8,bot6,bot8,42,False
bot6,bot8,bot8,bot8,44,False
bot6,bot8,bot6,bot8,42,False
bot6,bot8,bot8,bot8,68,False
bot6,bot8,bot6,bot8,42,False
bot6,bot8,bot8,bot8,44,False
bot6,bot8,bot6,bot8,42,False
bot6,bot8,bot8,bot8,44,False
bot6,bot8,bot6,bot8,42,False
bot6,bot8,bot8,bot8,44,False
bot6,bot8,bot6,bot8,42,False
bot6,bot8,bot8,bot8,44,False
bot6,bot8,bot6,bot8,42,False
bot6,bot8,bot8,bot8,44,False
bot6,bot8,bot6,bot8,42,False
bot6,bot8,bot8,bot8,44,False
bot6,bot8,bot6,bot6,32,False
bot6,bot8,bot8,bot8,48,False
bot6,bot8,bot6,bot8,42,False
bot6,bot8,bot8,bot8,32,False
bot6,bot8,bot6,bot6,32,False
bot6,bot8,bot8,bot8,28,False
bot6,bot8,bot6,bot8,42,False
bot6,bot8,bot8,bot8,44,False
bot6,bot8,bot6,bot8,42,False
bot6,bot8,bot8,bot8,44,False
bot6,bot8,bot6,bot8,42,False
bot6,bot8,bot8,bot8,44,False
bot6,bot8,bot6,bot8,163,False
bot6,bot8,bot8,bot8,44,False
bot6,bot8,bot6,bot8,42,False
bot6,bot8,bot8,bot8,44,False
bot6,bot8,bot6,None,200,True
bot6,bot8,bot8,bot6,27,False
bot6,bot8,bot6,bot8,42,False
bot6,bot8,bot8,bot8,44,False
bot6,bot8,bot6,bot8,42,False
bot6,bot8,bot8,None,200,True
bot6,bot8,bot6,bot8,42,False
bot6,bot8,bot8,bot8,24,False
bot6,bot8,bot6,bot8,42,False
bot6,bot8,bot8,bot8,44,False
bot6,bot8,bot6,bot8,42,False
bot6,bot8,bot8,bot8,68,False
bot6,bot8,bot6,bot8,42,False
bot6,bot8,bot8,bot8,44,False
bot6,bot8,bot6,bot8,42,False
bot6,bot8,bot8,bot8,28,False
bot6,bot8,bot6,bot8,42,False
bot6,bot8,bot8,bot8,68,False
bot6,bot8,bot6,bot8,42,False
bot6,bot8,bot8,bot8,44,False
bot6,bot8,bot6,bot8,42,False
bot6,bot8,bot8,bot8,44,False
bot6,bot8,bot6,bot8,42,False
bot6,bot8,bot8,bot8,44,False
bot6,bot8,bot6,bot8,42,False
bot6,bot8,bot8,bot8,44,False
bot6,bot8,bot6,bot6,32,False
bot6,bot8,bot8,bot8,44,False
bot6,bot8,bot6,bot8,42,False
bot6,bot8,bot8,bot8,44,False
bot6,bot8,bot6,None,200,True
bot6,bot8,bot8,bot8,44,False
bot6,bot8,bot6,bot6,32,False
bot6,bot8,bot8,bot8,44,False
bot6,bot8,bot6,bot8,42,False
bot6,bot8,bot8,bot8,44,False
bot6,bot8,bot6,bot8,42,False
bot6,bot8,bot8,bot8,44,False
bot6,bot8,bot6,bot8,42,False
bot6,bot8,bot8,bot6,27,False
bot6,bot8,bot6,bot8,42,False
bot6,bot8,bot8,bot8,48,False
bot6,bot8,bot6,bot6,32,False
bot6,bot8,bot8,bot8,24,False
bot6,bot8,bot6,bot8,42,False
bot6,bot8,bot8,bot8,52,False
bot6,bot8,bot6,bot8,42,False
bot6,bot8,bot8,bot8,44,False
bot6,bot8,bot6,bot6,32,False
bot6,bot8,bot8,bot8,44,False
bot6,bot8,bot6,bot8,42,False
bot6,bot8,bot8,bot8,24,False
bot6,bot8,bot6,bot8,42,False
bot6,bot8,bot8,bot8,44,False
bot6,bot8,bot6,bot8,42,False
bot6,bot8,bot8,bot8,44,False
bot6,bot8,bot6,bot8,42,False
bot6,bot8,bot8,bot8,44,False
bot6,bot8,bot6,bot8,42,False
bot6,bot8,bot8,bot8,44,False
bot6,bot8,bot6,bot8,42,False
bot6,bot8,bot8,bot8,44,False
bot6,bot8,bot6,bot6,60,False
bot6,bot8,bot8,bot8,44,False
bot6,bot8,bot6,bot8,42,False
bot6,bot8,bot8,bot8,40,False
bot6,bot8,bot6,bot6,32,False
bot6,bot8,bot8,bot8,40,False
bot6,bot8,bot6,bot8,42,False
bot6,bot8,bot8,bot8,44,False
bot6,bot8,bot6,bot8,42,False
bot6,bot8,bot8,bot6,27,False
bot6,bot8,bot6,bot8,42,False
bot6,bot8,bot8,bot8,24,False
bot6,bot8,bot6,bot8,42,False
bot6,bot8,bot8,bot8,44,False
bot6,bot8,bot6,bot8,42,False
bot6,bot8,bot8,bot8,44,False
bot6,bot8,bot6,bot8,42,False
bot6,bot8,bot8,bot8,48,False
bot6,bot8,bot6,bot8,42,False
bot6,bot8,bot8,bot8,44,False
bot6,bot8,bot6,bot8,42,False
bot6,bot8,bot8,bot8,44,False
bot6,bot8,bot6,bot8,42,False
bot6,bot8,bot8,bot6,27,False
bot6,bot8,bot6,bot8,123,False
bot6,bot8,bot8,bot8,44,False
bot6,bot8,bot6,bot8,42,False
bot6,bot8,bot8,bot8,44,False
bot6,bot8,bot6,bot8,42,False
bot6,bot8,bot8,bot8,44,False
bot6,bot8,bot6,bot8,42,False
bot6,bot8,bot8,bot6,27,False
bot6,bot8,bot6,bot6,32,False
bot6,bot8,bot8,bot8,28,False
bot6,bot8,bot6,bot8,42,False
bot6,bot8,bot8,bot8,44,False
bot6,bot8,bot6,bot6,60,False
bot6,bot8,bot8,bot8,44,False
bot6,bot8,bot6,bot8,42,False
bot6,bot8,bot8,bot8,32,False
bot6,bot8,bot6,bot8,42,False
bot6,bot8,bot8,bot8,44,False
bot6,bot8,bot6,bot8,42,False
bot6,bot8,bot8,bot8,44,False
bot6,bot8,bot6,bot8,42,False
bot6,bot8,bot8,bot8,44,False
bot6,bot8,bot6,bot8,42,False
bot6,bot8,bot8,bot8,44,False
bot6,bot8,bot6,bot8,42,False
bot6,bot8,bot8,bot8,44,False
bot6,bot8,bot6,bot8,42,False
bot6,bot8,bot8,bot8,24,False
bot6,bot8,bot6,bot8,42,False
bot6,bot8,bot8,bot8,44,False
bot6,bot8,bot6,bot8,42,False
bot6,bot8,bot8,bot8,32,False
bot6,bot8,bot6,bot8,42,False
bot6,bot8,bot8,bot8,44,False
bot6,bot8,bot6,bot8,46,False
bot6,bot8,bot8,bot8,44,False
bot6,bot8,bot6,bot6,32,False
bot6,bot8,bot8,bot8,44,False
bot6,bot8,bot6,bot8,42,False
bot6,bot8,bot8,bot8,44,False
bot6,bot8,bot6,bot8,42,False
bot6,bot8,bot8,bot8,48,False
bot6,bot8,bot6,bot8,42,False
bot6,bot8,bot8,bot8,44,False
bot6,bot8,bot6,bot8,42,False
bot6,bot8,bot8,bot8,44,False
bot6,bot8,bot6,bot8,36,False
bot6,bot8,bot8,bot8,44,False
bot6,bot8,bot6,bot8,42,False
bot6,bot8,bot8,bot8,44,False
bot6,bot8,bot6,bot6,32,False
bot6,bot8,bot8,bot8,44,False
bot6,bot8,bot6,bot6,60,False
bot6,bot8,bot8,bot8,44,False
bot6,bot8,bot6,bot8,42,False
bot6,bot8,bot8,bot8,24,False
bot6,bot8,bot6,bot8,42,False
bot6,bot8,bot8,bot8,44,False
bot6,bot8,bot6,bot8,42,False
bot6,bot8,bot8,bot8,44,False
bot6,bot8,bot6,bot6,32,False
bot6,bot8,bot8,bot8,44,False
bot6,bot8,bot6,bot8,42,False
bot6,bot8,bot8,bot8,44,False
bot6,bot8,bot6,bot8,155,False
bot6,bot8,bot8,bot8,44,False
bot6,bot8,bot6,bot8,42,False
bot6,bot8,bot8,bot8,44,False
bot6,bot8,bot6,bot6,32,False
bot6,bot8,bot8,bot8,44,False
bot6,bot8,bot6,bot8,42,False
bot6,bot8,bot8,bot8,44,False
bot6,bot8,bot6,bot6,32,False
bot6,bot8,bot8,bot8,44,False
bot6,bot8,bot6,bot8,42,False
bot6,bot8,bot8,bot8,44,False
bot6,bot8,bot6,bot8,42,False
bot6,bot8,bot8,bot8,32,False
bot6,bot8,bot6,None,200,True
bot6,bot8,bot8,bot8,44,False
bot6,bot8,bot6,bot8,42,False
bot6,bot8,bot8,bot8,44,False
bot6,bot8,bot6,None,200,True
bot6,bot8,bot8,bot8,44,False
bot6,bot8,bot6,bot8,42,False
bot6,bot8,bot8,bot8,24,False
bot6,bot8,bot6,bot8,131,False
bot6,bot8,bot8,bot8,40,False
bot6,bot8,bot6,bot8,42,False
bot6,bot8,bot8,bot8,24,False
bot6,bot8,bot6,bot6,32,False
bot6,bot8,bot8,bot6,38,False
bot6,bot8,bot6,bot8,42,False
bot6,bot8,bot8,bot8,44,False
bot6,bot8,bot6,bot8,42,False
bot6,bot8,bot8,bot6,27,False
bot6,bot8,bot6,bot8,42,False
bot6,bot8,bot8,bot8,44,False
bot6,bot8,bot6,bot6,32,False
bot6,bot8,bot8,bot8,44,False
bot6,bot8,bot6,bot8,42,False
bot6,bot8,bot8,bot8,44,False
bot6,bot8,bot6,bot8,42,False
bot6,bot8,bot8,bot8,40,False
bot6,bot8,bot6,bot8,42,False
bot6,bot8,bot8,bot8,72,False
bot6,bot8,bot6,bot8,42,False
bot6,bot8,bot8,bot8,44,False
bot6,bot8,bot6,bot8,42,False
bot6,bot8,bot8,bot8,44,False
bot6,bot8,bot6,bot8,42,False
bot6,bot8,bot8,bot8,68,False
bot6,bot8,bot6,bot8,42,False
bot6,bot8,bot8,bot8,44,False
bot6,bot8,bot6,bot8,42,False
bot6,bot8,bot8,bot8,48,False
bot6,bot8,bot6,bot8,42,False
bot6,bot8,bot8,bot8,68,False
bot6,bot8,bot6,bot8,42,False
bot6,bot8,bot8,bot8,44,False
bot6,bot8,bot6,bot6,32,False
bot6,bot8,bot8,bot8,44,False
bot6,bot8,bot6,bot6,32,False
bot6,bot8,bot8,bot8,44,False
bot6,bot8,bot6,bot8,42,False
bot6,bot8,bot8,bot8,44,False
bot6,bot8,bot6,bot8,42,False
bot6,bot8,bot8,bot8,44,False
bot6,bot8,bot6,bot6,32,False
bot6,bot8,bot8,bot8,44,False
bot7,bot8,bot7,None,200,True
bot7,bot8,bot8,bot8,32,False
bot7,bot8,bot7,None,200,True
bot7,bot8,bot8,bot8,32,False
bot7,bot8,bot7,bot7,124,False
bot7,bot8,bot8,bot8,32,False
bot7,bot8,bot7,None,200,True
bot7,bot8,bot8,bot8,32,False
bot7,bot8,bot7,None,200,True
bot7,bot8,bot8,bot8,32,False
bot7,bot8,bot7,bot8,83,False
bot7,bot8,bot8,bot8,32,False
bot7,bot8,bot7,None,200,True
bot7,bot8,bot8,bot8,32,False
bot7,bot8,bot7,None,200,True
bot7,bot8,bot8,bot8,32,False
bot7,bot8,bot7,None,200,True
bot7,bot8,bot8,bot8,36,False
bot7,bot8,bot7,bot7,145,False
bot7,bot8,bot8,bot8,32,False
bot7,bot8,bot7,None,200,True
bot7,bot8,bot8,bot8,32,False
bot7,bot8,bot7,bot7,101,False
bot7,bot8,bot8,bot8,32,False
bot7,bot8,bot7,None,200,True
bot7,bot8,bot8,bot8,32,False
bot7,bot8,bot7,None,200,True
bot7,bot8,bot8,bot8,32,False
bot7,bot8,bot7,None,200,True
bot7,bot8,bot8,bot8,32,False
bot7,bot8,bot7,None,200,True
bot7,bot8,bot8,bot8,32,False
bot7,bot8,bot7,None,200,True
bot7,bot8,bot8,bot8,32,False
bot7,bot8,bot7,None,200,True
bot7,bot8,bot8,bot8,28,False
bot7,bot8,bot7,None,200,True
bot7,bot8,bot8,bot8,32,False
bot7,bot8,bot7,bot7,28,False
bot7,bot8,bot8,bot8,32,False
bot7,bot8,bot7,None,200,True
bot7,bot8,bot8,bot8,32,False
bot7,bot8,bot7,None,200,True
bot7,bot8,bot8,bot8,32,False
bot7,bot8,bot7,None,200,True
bot7,bot8,bot8,bot8,32,False
bot7,bot8,bot7,None,200,True
bot7,bot8,bot8,bot8,36,False
bot7,bot8,bot7,bot8,38,False
bot7,bot8,bot8,bot8,32,False
bot7,bot8,bot7,bot7,97,False
bot7,bot8,bot8,bot8,32,False
bot7,bot8,bot7,bot7,64,False
bot7,bot8,bot8,bot8,48,False
bot7,bot8,bot7,None,200,True
bot7,bot8,bot8,bot8,32,False
bot7,bot8,bot7,bot7,69,False
bot7,bot8,bot8,bot8,32,False
bot7,bot8,bot7,bot7,32,False
bot7,bot8,bot8,bot8,32,False
bot7,bot8,bot7,bot7,140,False
bot7,bot8,bot8,bot8,32,False
bot7,bot8,bot7,None,200,True
bot7,bot8,bot8,bot7,27,False
bot7,bot8,bot7,None,200,True
bot7,bot8,bot8,bot8,44,False
bot7,bot8,bot7,None,200,True
bot7,bot8,bot8,bot8,32,False
bot7,bot8,bot7,None,200,True
bot7,bot8,bot8,bot8,32,False
bot7,bot8,bot7,bot7,32,False
bot7,bot8,bot8,bot8,44,False
bot7,bot8,bot7,bot8,114,False
bot7,bot8,bot8,bot8,24,False
bot7,bot8,bot7,None,200,True
bot7,bot8,bot8,bot8,32,False
bot7,bot8,bot7,None,200,True
bot7,bot8,bot8,bot8,48,False
bot7,bot8,bot7,None,200,True
bot7,bot8,bot8,bot8,36,False
bot7,bot8,bot7,bot7,93,False
bot7,bot8,bot8,bot8,32,False
bot7,bot8,bot7,bot8,83,False
bot7,bot8,bot8,bot8,32,False
bot7,bot8,bot7,bot7,32,False
bot7,bot8,bot8,bot8,32,False
bot7,bot8,bot7,None,200,True
bot7,bot8,bot8,bot8,32,False
bot7,bot8,bot7,bot7,173,False
bot7,bot8,bot8,bot8,36,False
bot7,bot8,bot7,None,200,True
bot7,bot8,bot8,bot8,32,False
bot7,bot8,bot7,bot8,83,False
bot7,bot8,bot8,bot8,32,False
bot7,bot8,bot7,None,200,True
bot7,bot8,bot8,bot8,32,False
bot7,bot8,bot7,None,200,True
bot7,bot8,bot8,bot8,32,False
bot7,bot8,bot7,None,200,True
bot7,bot8,bot8,bot7,27,False
bot7,bot8,bot7,bot7,32,False
bot7,bot8,bot8,bot8,48,False
bot7,bot8,bot7,None,200,True
bot7,bot8,bot8,bot8,32,False
bot7,bot8,bot7,bot8,38,False
bot7,bot8,bot8,bot8,32,False
bot7,bot8,bot7,None,200,True
bot7,bot8,bot8,bot8,32,False
bot7,bot8,bot7,None,200,True
bot7,bot8,bot8,bot8,32,False
bot7,bot8,bot7,None,200,True
bot7,bot8,bot8,bot8,32,False
bot7,bot8,bot7,None,200,True
bot7,bot8,bot8,bot8,32,False
bot7,bot8,bot7,None,200,True
bot7,bot8,bot8,bot8,44,False
bot7,bot8,bot7,None,200,True
bot7,bot8,bot8,bot8,32,False
bot7,bot8,bot7,None,200,True
bot7,bot8,bot8,bot8,32,False
bot7,bot8,bot7,None,200,True
bot7,bot8,bot8,bot8,32,False
bot7,bot8,bot7,None,200,True
bot7,bot8,bot8,bot8,32,False
bot7,bot8,bot7,None,200,True
bot7,bot8,bot8,bot8,32,False
bot7,bot8,bot7,bot7,32,False
bot7,bot8,bot8,bot8,32,False
bot7,bot8,bot7,bot7,28,False
bot7,bot8,bot8,bot8,32,False
bot7,bot8,bot7,bot7,124,False
bot7,bot8,bot8,bot8,32,False
bot7,bot8,bot7,None,200,True
bot7,bot8,bot8,bot8,48,False
bot7,bot8,bot7,None,200,True
bot7,bot8,bot8,bot8,32,False
bot7,bot8,bot7,None,200,True
bot7,bot8,bot8,bot8,28,False
bot7,bot8,bot7,bot8,83,False
bot7,bot8,bot8,bot8,32,False
bot7,bot8,bot7,bot7,32,False
bot7,bot8,bot8,bot8,32,False
bot7,bot8,bot7,bot8,46,False
bot7,bot8,bot8,bot7,27,False
bot7,bot8,bot7,bot7,32,False
bot7,bot8,bot8,bot8,32,False
bot7,bot8,bot7,None,200,True
bot7,bot8,bot8,bot8,32,False
bot7,bot8,bot7,None,200,True
bot7,bot8,bot8,bot8,32,False
bot7,bot8,bot7,None,200,True
bot7,bot8,bot8,bot8,32,False
bot7,bot8,bot7,bot7,32,False
bot7,bot8,bot8,bot8,32,False
bot7,bot8,bot7,bot8,38,False
bot7,bot8,bot8,bot8,32,False
bot7,bot8,bot7,None,200,True
bot7,bot8,bot8,bot8,32,False
bot7,bot8,bot7,None,200,True
bot7,bot8,bot8,bot8,32,False
bot7,bot8,bot7,bot7,64,False
bot7,bot8,bot8,bot8,32,False
bot7,bot8,bot7,None,200,True
bot7,bot8,bot8,bot8,32,False
bot7,bot8,bot7,bot7,28,False
bot7,bot8,bot8,bot8,32,False
bot7,bot8,bot7,None,200,True
bot7,bot8,bot8,bot8,32,False
bot7,bot8,bot7,None,200,True
bot7,bot8,bot8,bot8,48,False
bot7,bot8,bot7,None,200,True
bot7,bot8,bot8,bot8,32,False
bot7,bot8,bot7,None,200,True
bot7,bot8,bot8,bot8,32,False
bot7,bot8,bot7,None,200,True
bot7,bot8,bot8,bot8,32,False
bot7,bot8,bot7,None,200,True
bot7,bot8,bot8,bot8,32,False
bot7,bot8,bot7,bot7,64,False
bot7,bot8,bot8,bot8,48,False
bot7,bot8,bot7,bot8,83,False
bot7,bot8,bot8,bot8,32,False
bot7,bot8,bot7,bot7,32,False
bot7,bot8,bot8,bot8,32,False
bot7,bot8,bot7,bot8,55,False
bot7,bot8,bot8,bot8,32,False
bot7,bot8,bot7,None,200,True
bot7,bot8,bot8,bot8,32,False
bot7,bot8,bot7,None,200,True
bot7,bot8,bot8,bot8,24,False
bot7,bot8,bot7,bot7,65,False
bot7,bot8,bot8,bot8,44,False
bot7,bot8,bot7,None,200,True
bot7,bot8,bot8,bot8,32,False
bot7,bot8,bot7,bot7,69,False
bot7,bot8,bot8,bot8,32,False
bot7,bot8,bot7,None,200,True
bot7,bot8,bot8,bot8,32,False
bot7,bot8,bot7,bot7,64,False
bot7,bot8,bot8,bot8,32,False
bot7,bot8,bot7,None,200,True
bot7,bot8,bot8,bot8,32,False
bot7,bot8,bot7,bot7,32,False
bot7,bot8,bot8,bot8,32,False
bot7,bot8,bot7,None,200,True
bot7,bot8,bot8,bot7,27,False
bot7,bot8,bot7,None,200,True
bot7,bot8,bot8,bot8,32,False
bot7,bot8,bot7,bot7,114,False
bot7,bot8,bot8,bot8,32,False
bot7,bot8,bot7,None,200,True
bot7,bot8,bot8,bot8,32,False
bot7,bot8,bot7,None,200,True
bot7,bot8,bot8,bot8,32,False
bot7,bot8,bot7,None,200,True
bot7,bot8,bot8,bot8,32,False
bot7,bot8,bot7,None,200,True
bot7,bot8,bot8,bot8,32,False
bot7,bot8,bot7,bot7,84,False
bot7,bot8,bot8,bot8,32,False
bot7,bot8,bot7,bot7,28,False
bot7,bot8,bot8,bot8,32,False
bot7,bot8,bot7,bot7,32,False
bot7,bot8,bot8,bot8,48,False
bot7,bot8,bot7,bot7,69,False
bot7,bot8,bot8,bot8,32,False
bot7,bot8,bot7,bot7,108,False
bot7,bot8,bot8,bot8,32,False
bot7,bot8,bot7,None,200,True
bot7,bot8,bot8,bot8,32,False
bot7,bot8,bot7,bot7,114,False
bot7,bot8,bot8,bot8,32,False
bot7,bot8,bot7,None,200,True
bot7,bot8,bot8,bot8,36,False
bot7,bot8,bot7,bot7,73,False
bot7,bot8,bot8,bot8,32,False
bot7,bot8,bot7,bot7,28,False
bot7,bot8,bot8,bot8,32,False
bot7,bot8,bot7,None,200,True
bot7,bot8,bot8,bot8,32,False
bot7,bot8,bot7,bot7,173,False
bot7,bot8,bot8,bot8,32,False
bot7,bot8,bot7,None,200,True
bot7,bot8,bot8,bot8,24,False
bot7,bot8,bot7,None,200,True
bot7,bot8,bot8,bot8,44,False
bot7,bot8,bot7,None,200,True
bot7,bot8,bot8,bot8,32,False
bot7,bot8,bot7,None,200,True
bot7,bot8,bot8,bot8,32,False
bot7,bot8,bot7,bot7,114,False
bot7,bot8,bot8,bot8,48,False
bot7,bot8,bot7,bot8,175,False
bot7,bot8,bot8,bot8,32,False
bot7,bot8,bot7,None,200,True
bot7,bot8,bot8,bot8,32,False
bot7,bot8,bot7,None,200,True
bot7,bot8,bot8,bot8,48,False
bot7,bot8,bot7,bot7,32,False
bot7,bot8,bot8,bot7,27,False
bot7,bot8,bot7,bot7,32,False
bot7,bot8,bot8,bot8,32,False
bot7,bot8,bot7,None,200,True
bot7,bot8,bot8,bot8,32,False
bot7,bot8,bot7,bot7,64,False
bot7,bot8,bot8,bot8,28,False
bot7,bot8,bot7,None,200,True
bot7,bot8,bot8,bot8,32,False
bot7,bot8,bot7,None,200,True
bot7,bot8,bot8,bot8,32,False
bot7,bot8,bot7,None,200,True
bot7,bot8,bot8,bot8,28,False
bot7,bot8,bot7,None,200,True
bot7,bot8,bot8,bot8,32,False
bot7,bot8,bot7,bot7,105,False
bot7,bot8,bot8,bot8,48,False
bot7,bot8,bot7,None,200,True
bot7,bot8,bot8,bot8,32,False
bot7,bot8,bot7,None,200,True
bot7,bot8,bot8,bot8,32,False
bot7,bot8,bot7,bot7,118,False
bot7,bot8,bot8,bot8,32,False
bot7,bot8,bot7,bot7,32,False
bot7,bot8,bot8,bot8,32,False
bot7,bot8,bot7,bot7,32,False
bot7,bot8,bot8,bot7,27,False
bot7,bot8,bot7,None,200,True
bot7,bot8,bot8,bot8,28,False
bot7,bot8,bot7,bot7,28,False
bot7,bot8,bot8,bot7,27,False
bot7,bot8,bot7,bot7,28,False
bot7,bot8,bot8,bot8,48,False
bot7,bot8,bot7,None,200,True
bot7,bot8,bot8,bot8,32,False
bot7,bot8,bot7,None,200,True
bot7,bot8,bot8,bot8,44,False
bot7,bot8,bot7,None,200,True
bot7,bot8,bot8,bot8,32,False
bot7,bot8,bot7,None,200,True
bot7,bot8,bot8,bot8,32,False
